audio_file,text,language,speaker,gender
000347.wav,तो तिच्या जगण्याचा एकमेव आधार होता.,mr,unknown,female
006534.wav,चा मेथडॉलॉजी सेकंड सहावा पेपर होणार हो तारीख,mr,unknown,male
005786.wav,"तिथे अठ्ठेचाळीस देशांतील हसणारे, बागडणारे अपंग पाहून त्यांना आश्चर्य वाटले.",mr,unknown,male
003974.wav,परंतु उदाहरणादाखल प्रभा गणोरकर आणि मल्लिका अमरशेख या दोघींचा उल्लेख पुरेसा व्हावा.,mr,unknown,female
002237.wav,तेवढ्यांत एका भिल्लाने त्या नरावर आपला बाण सोडला.,mr,unknown,female
010909.wav,"इतकेच नाही, तर वा-याने जेंव्हा अधिक उग्र स्वरूप धारण केले, तेंव्हा तर त्या माणसाने आणखी एक वस्त्र आपल्या अंगाभोवती लपेटून घेतले.",mr,unknown,female
003932.wav,भारताच्या द्वीपल्पीय प्रदेशावर सत्ता गाजविणाऱ्या अधिपतीनी तिचे मर्म ओळखून या भौगोलिक वैविध्याचा पुरेपूर उपयोग करून घेतला.,mr,unknown,female
001455.wav,पाश्चात्यांची प्रथा असली तरी आईसाठी मुले काम करता आहेत हे पाहून आजोबांना खूप आनंद झाला होता.,mr,unknown,female
008152.wav,"सूर्योदय आणि सूर्यास्त, तसेच दुपारी १२ वाजता आणि रात्री १२ वाजता जेवू नये.",mr,unknown,male
009292.wav,फार फार वार्षापुर्वी मी एका तळयाच्या शेजारून फिरत असता अचानक तोल जाऊन मी पाण्यात पडलो.,mr,unknown,male
003230.wav,यामुळे विद्युत ऊर्जेमध्ये भरपूर प्रमाणात बचत करणे शक्य होते.,mr,unknown,female
001414.wav,"मिनू, एके दिवशी तिच्या घराच्या बागेत फिरत असतांना, चाफ्याच्या झाडाखाली तिला काहीतरी हालचाल दिसली.",mr,unknown,female
007133.wav,"प्रसन्ना राव तीन, सौम्या स्वामिनाथन चार",mr,unknown,male
002139.wav,एक होती चिमणी आणि एक होता कावळा.,mr,unknown,female
009856.wav,आता तरी तू भगवंताला शरण जा आणि आपल्या अपराधाबद्दल त्याची क्षमा माग!,mr,unknown,male
007325.wav,"उद्या, तिची ह्याच ठिकाणी भेट घेऊन, तिला सर्व सांगेन, आणि ह्यातून सावरण्याचा प्रयत्न करेल.",mr,unknown,male
005355.wav,आमच्या गावाला एका खट्याळ भुताने छळायला सुरवात केली आहे.,mr,unknown,male
002288.wav,तूं कुबडी असलीस तरी तुझे डोके मात्र खूप चालते बाई!,mr,unknown,female
009017.wav,"नकटया, चपटया नाकाचे, अंगावर केस असलेले ते पिलू मजेशीर दिसत होते.",mr,unknown,male
000319.wav,त्या वेळी देवगिरीवर मोठा विजयोत्सव साजरा झाला.,mr,unknown,female
006933.wav,दिवसभर चाललेल्या कामकाजावरून साक्षीदाराकडून भय्यालाल भोतमांगे यांचे घर कुठे आहे?,mr,unknown,male
003027.wav,काळा पाडा वाढत गेला तसतशी त्याला सुंदर कोवळी शिंगे येऊ लागली.,mr,unknown,female
009029.wav,"केवळ आशा करणे व्यर्थ आहे, प्रयत्न हवा.",mr,unknown,male
001776.wav,"बाहेर जाता येत नाही, अन्न आणता येत नाही, हे पाहून शेवटी त्याने आपली मेंढरे मारून खायला सुरवात केली.",mr,unknown,female
001671.wav,परंतु त्याचवेळेला गौरी टीनाच्या मदतीला आली.,mr,unknown,female
005970.wav,धूळ खाऊन मातकट झालेली चुंबळ रिकाम्या पाटीत टाकली.,mr,unknown,male
008030.wav,या दिवशी सायंकाळी घराबाहेर दिवा लाउन त्याच्या वातीचे टोक दक्षिण दिशेस करतात.,mr,unknown,male
007202.wav,"प्रभाग आठ सेर्वेलोना डॉम्निक लासेर्डा दोनशे सव्वीस, गाब्रियाल मास्कारेन्हस एक शे सत्याण्णव.",mr,unknown,male
005063.wav,ती पाच वर्षांची असताना अकस्मात एका अनोख्या रोगाने आजारी पडली.,mr,unknown,male
003022.wav,त्याला पाहून पाहणाराचे मन हरपून जात असे.,mr,unknown,female
006096.wav,मुंबई विद्यापीठातून या भाषा गेल्या पण एकानेही ब्र काढला का,mr,unknown,male
001351.wav,नीतूने आलेल्या सगळ्या मैत्रिणींना आणि मोठयांना धन्यवाद दिले.,mr,unknown,female
007788.wav,"जबाला अश्रू गाळीत म्हणाली, `बाळ सत्यकामा, मी तरुण असताना निरनिराळ्या घरी दासी म्हणून नोकरी करत हिंडत असे, त्यातच केव्हा तरी तुझा जन्म झाला.",mr,unknown,male
007700.wav,शमीक ऋषी मात्र ध्यान-धारणेत मग्न होऊन आश्रमातच बसले होते.,mr,unknown,male
000748.wav,भगवान विष्णू परत गेल्यावर प्रल्हादाने दैत्यांचे सांत्वन करून त्यांना बोध दिला.,mr,unknown,female
005936.wav,कविवर्य मोरोपंतानी आपल्या काव्यात शब्द चमत्कृतीचे विपुल प्रयोग केले आहेत.,mr,unknown,male
010500.wav,"माझ्या आईचे लग्न लहानपणीच झाले होते, सासर श्रीमंत होते.",mr,unknown,female
009516.wav,"काय रे ? कोण्या जेम्स लेनने म्हणे बत्तमीजी केली, तुमची अक्कल तेव्हा सांगा कोठे चरायला गेली ?",mr,unknown,male
010063.wav,"त्यांच्यावर आक्रमण करून गेलेले वैभव मिळवणे अशक्य आहे, मग आता भक्तीने त्यांना वश केले पाहिजे.",mr,unknown,male
008529.wav,नीतूच्या मैत्रिणींनाही तिचीही गाडी खूप आवडायची.,mr,unknown,male
000400.wav,"त्या रक्षकांनी आम्हाला ओळखले, ते आम्हाला पकडणार होते.",mr,unknown,female
003686.wav,क्लेअर विल्किन्स या रॉयल इंजिनिअर्स दलाच्या अभियंत्याने रेखाटन केलेली होती.,mr,unknown,female
008645.wav,"मिनूला तर इतका आनंद झाला होता, ती मनसोक्त तिच्या छोटया मैत्रिणीशी खेळली.",mr,unknown,male
000796.wav,"घरासमोर, बागेत, शाळेत कुठेही, पण एक तरी झाडं लावायचेच.",mr,unknown,female
007411.wav,"बकऱ्या बें बें करीत, तसेच तेही बें बें करू लागले.",mr,unknown,male
009831.wav,परिक्षिती राजा आश्रमातून जाताना एक दोन ऋषिकुमारांनी दुरून पाहिला.,mr,unknown,male
009696.wav,त्या वेळी देवगिरीवर मोठा विजयोत्सव साजरा झाला.,mr,unknown,male
005432.wav,"भाताची पेज, कोंडा, पेंड, वगैरे पौष्टिक पदार्थ ती त्या पाड्याला खायला घालीत असे.",mr,unknown,male
002866.wav,जीवदन्ताने कान देऊन ऐकलं की बिळांतून कांही आवाज येतोय.,mr,unknown,female
000034.wav,एके दिवशी त्याने आपल्या पाचही मुलांना प्रत्येकी हातभर लांबीची एक-एक काठी घेऊन यायला सांगितले.,mr,unknown,female
009027.wav,"डोमकावळयाने कारण सांगितल्यावर कोल्हा त्याला म्हणाला, 'अरे वेडया, आशेने असा वाहून जाऊ नकोस.",mr,unknown,male
009389.wav,"तो पुरुष म्हणाला, माझे नाव सदाचार.",mr,unknown,male
010502.wav,"आईच्या अंगावर सोन्यामोत्याचे दागिने होते, पोत, पेटया, सरीवाकी, गोटतोडे, सारे काही होते.",mr,unknown,female
009432.wav,काही वेळाने देवाला हार घालायला जागा राहात नाही.,mr,unknown,male
006483.wav,याशिवाय आणखी काही विहीर अधिग्रहण करण्याचा प्रस्ताव शासनाच्या विचाराधीन आहे.,mr,unknown,male
001627.wav,बस लगेचच सुटल्यामुळे सगळी मुलं खूपच एक्साईट झाली होती.,mr,unknown,female
008490.wav,"त्याच्या छळाला व अत्याचाराला कंटाळून त्याची प्रजा आपआपली गावे सोडून, दुसऱ्या राज्यात जाऊ लागली.",mr,unknown,male
007782.wav,दुसरी एक कल्पना मनात आल्यावर तर तिच्या डोळ्यात अश्रूच आले.,mr,unknown,male
006631.wav,आयसोलेशनमध्ये भरती अठ्ठावीस रुग्ण भरती आहेत.,mr,unknown,male
000305.wav,आपली येण्या-जाण्याची सर्व व्यवस्था सन्मानपूर्वक करण्यासाठी मी प्रधानाला सांगितले होते.,mr,unknown,female
007667.wav,"भगवान श्रीकृष्णांनी द्वापारयुगात भागवत धर्माची जी घडी बसविली होती, ती आता विस्कटून गेली आहे.",mr,unknown,male
008216.wav,विनू मुकाट्याने आपल्या घरी जाऊन पडला.,mr,unknown,male
003016.wav,राजाने संतापून हुकूम सोडला की दिसेल त्या कुत्र्याला धरून ठार करा.,mr,unknown,female
010774.wav,"माझ्याशी कोणी मैत्री का करत नाही, मला कुणीच खेळायलाही बोलवत नाही, ह्या गावात येऊन मी अगदी एकटा पडलो आहे, असे म्हणतांना भुवनला अगदी रडू येत होते.",mr,unknown,female
009570.wav,"दोन संन्यासी, म्हणजे गुरु-शिष्य ८ महिन्यांनी पावसाळ्यात परत त्यांच्या झोपड्यांकडे आले.",mr,unknown,male
003317.wav,बाहेरच्या बाजूस सावली देणारी झाडे असणे फायदेशीर असते.,mr,unknown,female
010074.wav,मनाने त्याने तिन्ही लोकांची स्थिती अवलोकन केली.,mr,unknown,male
009393.wav,राजाचे हे बोल ऐकून सदाचार राजवाड्यातच थांबला.,mr,unknown,male
003032.wav,"मुलाला समजूत येऊ लागली, तेव्हां राजाने त्याला सांगितले.",mr,unknown,female
007465.wav,"त्याला आपले सारे श्रम वाया गेले, असे वाटायचे.",mr,unknown,male
008808.wav,"दुसर्‍या दिवशी शाळेत चित्रकलेची स्पर्धा होती, भुवनची चित्रकला उत्तमच होती.",mr,unknown,male
009587.wav,कळपातील गवत खाणाऱ्या वाघाला पाहून तो रानातील वाघ आश्चर्यचकित झाला.,mr,unknown,male
001840.wav,सूडाने आंधळी झालेली माणसे आत्मघात व समाजघातच करतात.,mr,unknown,female
001595.wav,"माझ्याशी कोणी मैत्री का करत नाही, मला कुणीच खेळायलाही बोलवत नाही, ह्या गावात येऊन मी अगदी एकटा पडलो आहे, असे म्हणतांना भुवनला अगदी रडू येत होते.",mr,unknown,female
003059.wav,श्रीवत्स आपल्या पत्नीसमवेत पायी मगधदेशीं पोचला व त्याने बोधिसत्वाची भेट घेतली.,mr,unknown,female
004354.wav,"ऑरगॅनिक दुधामध्ये विटॅमिन्स, अँटीऑक्सिडंट्स आणि ओमेगा-तीन अ‍ॅसिड जास्त प्रमाणात मिळते.",mr,unknown,female
001122.wav,"ऋषिपत्नी म्हणाली, राजा, निश्चिंत ऐस, ही माझीच मुलगी मी समजेन, मी तिला मजजवळ घेऊन निजेन, तिची वेणीफणी करीन.",mr,unknown,female
003182.wav,रासायनिक ऊर्जा निर्मिती व आण्विक ऊर्जा निर्मिती प्रक्रिया या दोनच मानवी हुकमाखाली राहू शकणाऱ्या ऊर्जानिर्मिती पध्दती आहेत.,mr,unknown,female
008391.wav,"त्या वेळेस ऋषी आणखी काही बोलले नाहीत, त्यांनी परभारे भिल्ल राजाला निरोप पाठविला.",mr,unknown,male
009439.wav,हे पाहून भाविक भडकतात आणि गाढवाला धोपटतात.,mr,unknown,male
005360.wav,"आम्हाला असला धिप्पाड, कुरूप काका आहे हे ठाऊकच नव्हतं.",mr,unknown,male
004695.wav,कारण शेवटपर्यंत ते सतत तुझीच आठवण काढीत होते!,mr,unknown,male
009365.wav,भिजल्यामुळे त्याला खूप थंडी वाजत होती.,mr,unknown,male
007827.wav,बैलाच्या रूपाने तो प्रत्यक्ष वायुदेवच बोलत होता.,mr,unknown,male
001195.wav,"मोठेपणा याचा अर्थ जगातील काही व्यक्तींच्या ओठांवर आपले नाव काही काळ नाचणे, असा मी करीत नाही.",mr,unknown,female
003072.wav,ह्या खेळासाठी तुमच्या जवळ कंचे मार्बल्स किंवा छोटे रंगीत काचेचे बॉल्स आणि खुल्ली जागा असली पाहिजे.,mr,unknown,female
006581.wav,मारुती धुप्पे यांनी सूत्रसंचालन करून आभार मानले.,mr,unknown,male
002628.wav,निमूटपणें तो स्मशानाच्या दिशेने चालूं लागला.,mr,unknown,female
008480.wav,"माझ्या वडिलांच्या अंगावर ते वयाने सतरा-अठरा वर्षांचे झाले नाहीत तोच सारी जबाबदारी पडली होती, कारण आजोबा थकले होते.",mr,unknown,male
007611.wav,"चोरांनाही आश्‍चर्य वाटले, ते दोन्ही रक्षक नाहीसे झाले होते.",mr,unknown,male
009031.wav,"जवळच एक धोबी राहावयास आला, त्या दोघांची चांगली ओळख झाली.",mr,unknown,male
004296.wav,"सगळीकडे शॉपिंग मॉल्स, प्रदर्शनं, तरतऱ्हेच्या वस्तूंची दुकानं, उपहारगृहं अशी सरमिसळ होती.",mr,unknown,female
005121.wav,आणि त्याने वाकून बादशहाला सलाम केला.,mr,unknown,male
002520.wav,त्याने आपला देह सोडला आणि तो सुदर्शन चक्रांत विलीन झाला.,mr,unknown,female
005995.wav,त्यात सोय आहे असे मला वाटते.,mr,unknown,male
009535.wav,कस सांगु तूम्हाला खाली आता शिक्षणाचा काळा बाजार थाटला.,mr,unknown,male
008301.wav,हळूहळू ते त्यांची भाषा शिकू लागले आणि आपले उन्नत व उदात्त विचार त्यांना सांगू लागले.,mr,unknown,male
004552.wav,त्यावर शाम बेनेगल की गोविन्द निहलानीनी याच नावाचा चित्रपट काढला होता.,mr,unknown,female
008734.wav,दुसर्‍या दिवशी सकाळी उठल्यावर नेहमीप्रमाणे समुद्रावर जाण्याची तयारी झाली.,mr,unknown,male
005584.wav,सर्वसामान्य दुःखाची कल्पना येथे फोल ठरून सर्वसामान्य दुःखोत्सव संपलेला असतो.,mr,unknown,male
005567.wav,मृतदेहाला लाकडांच्या ढीगावर झोपवण्याचं काम गावातली जेष्ठ आणि श्रेष्ठ मंडळी करतात.,mr,unknown,male
001409.wav,एक दिवस सकाळी सकाळी ऑफिसमधला टेलिफोन खणखणला.,mr,unknown,female
001181.wav,"एक दिवस मतंग ऋषी तिला म्हणाले, शबरी, तू शिकली सावरलीस, सद्गुणी झालीस, आता तू मोठी झाली आहेस.",mr,unknown,female
009775.wav,"ते म्हणाले, आम्ही चोर आहोत, तुमच्याजवळ जे काही असेल, ते आम्ही घेऊन जाणार होतो.",mr,unknown,male
001951.wav,"हा वर्ग आठवा, वर्गात एकंदर पस्तीस विद्यार्थी-विद्यार्थिनी आहेत.",mr,unknown,female
010771.wav,वर्गातही अभ्यास करतांना भुवन सतत शिक्षकांच्या पुढे पुढे करायचा त्यामुळे वर्गातली इतर मुले त्याला आपल्यापेक्षा हुशार आणि वेगळा समजत असत.,mr,unknown,female
008372.wav,"एक दिवस मतंग ऋषी तिला म्हणाले, शबरी, परमेश्वरास वाहण्यासाठी दोनचार फुले फार तर आणावीत.",mr,unknown,male
001890.wav,द्रोणाचार्यांकडून धनुर्विद्या संपादन करण्याची त्याची महत्त्वाकांक्षा होती.,mr,unknown,female
004824.wav,"स्वेच्छेप्रमाणे यश प्राप्त करण्यासाठी करण्यात येणाऱ्या गणेशोत्सवानी, आपल्याला उद्योगात विजय मिळवून दिला, असे लोक मानतील.",mr,unknown,male
001085.wav,रानटी लोकांच्या हृदय मंदिरात ज्ञानाचा दिवा प्रकाशू लागला.,mr,unknown,female
004048.wav,आम्ही इथूनच एका वेब साईटवरून एक अपार्टमेन्ट बूक केले होते त्या भागात.,mr,unknown,female
004255.wav,"त्यामुळे अर्थाचे प्रावाहिकत्वही अधिक सुंदर, सुश्लिष्ट, निखळ आणि एकसंध होत जाते.",mr,unknown,female
001955.wav,त्यासाठी ते निरनिराळया युक्त्या प्रयुक्त्या लढवित.,mr,unknown,female
003012.wav,कांही दरबार्यांच्या तोंडी त्याने बोधिसत्वांविरुद्ध तक्रार ऐकली होती.,mr,unknown,female
000711.wav,"काही हरकत नाही, तू रुद्राला सांग की गायीवर हक्क तुझाच आहे.’",mr,unknown,female
009965.wav,एकदा कक्षीवान ऋषी प्रियमेध नावाच्या ऋषीकडे गेला.,mr,unknown,male
002019.wav,मग स्वर आपल्या स्वरात आपण केलेल्या चूका सावरून आपल्या झ-याकडे आल्याचे एक मधूर गाणे गाऊ लागला.,mr,unknown,female
007342.wav,"छत्रपतींचा विजय असो म्हणुन चटकन हात जोडले, पण घडले भलतेच, ते माझ्यावरच ओरडले.",mr,unknown,male
000252.wav,तो प्रतिभावान आणि सूक्ष्मदर्शी विद्वानही होता.,mr,unknown,female
002948.wav,एके दिवशी सटींगरी या शेजारच्या गांवातल्या प्रमुखाने आपला नोकर फुनचोककडे पाठवला.,mr,unknown,female
009542.wav,"बोलताना वाईट वाटते पण आता वेळ आली आहे विचार करण्याची, खरच चुकी केली का माणूस हा प्राणी बनण्याची.",mr,unknown,male
003653.wav,मध्य भारतातील छोट्या प्रदेशावर राज्य करणाऱ्या विंध्यशक्तिने वाकाटक घराण्याची स्थापना केली.,mr,unknown,female
001618.wav,एका दिवसात अचानक त्याला खूप मित्रमैत्रिणी मिळाल्या होत्या.,mr,unknown,female
000695.wav,"यज्ञाच्या सहाव्या दिवशी कोणते मंत्र म्हणावे हेच त्यांना समजत नाही, म्हणून त्यांचा यज्ञ पुरा होत नाही व त्यांना स्वर्ग मिळत नाही.",mr,unknown,female
000972.wav,ते पाणी रोग्याने एकाएकी न पिता दिवसभरातून थोडे थोडे प्यावे.,mr,unknown,female
006921.wav,संबंधित राडारोडा डंपरवर पुणे मनपाच्या सेवेसाठी असे लिहिलेले आहे.,mr,unknown,male
002593.wav,"नामदेवांच्या भक्तिमय रचना “अभंग”, यांचा संग्रह नामदेवांची गाथा या दस्तावेजात झाला आहे.",mr,unknown,female
002493.wav,"नारद फार लहान होता, तरी त्या बाल्यावस्थेतही तो त्यांना पाणी प्यायला आणून देई.",mr,unknown,female
008575.wav,हे ऐकल्यावर देवाला समजून चुकले की पृथ्वीवरच्या माणसांना वेळेचे अजिबातच भान नाहीये.,mr,unknown,male
008234.wav,"आपला मित्र तरी आपणांस सहानुभूती दाखवील असे मनूस वाटत होते, परंतु तीही आशा का विफळ होणार.",mr,unknown,male
007475.wav,"कंबनने कूत्तनचा हात पकडला, तेव्हा कूत्तनच्या रामायणातील उत्तरकांड तेवढे जाळायचे राहिले होते.",mr,unknown,male
003708.wav,"भारतीय स्त्रीमनाचा हेवा वाटावा, असे देवदुर्लभ कुटुंब भंवरलालजींना मिळाले.",mr,unknown,female
009502.wav,त्यांची कदरही तितकीच करायला पाहिजे.,mr,unknown,male
002418.wav,"मी भांडण लावण्यात, तुझ्याहून वरताणच ठरेन बरं!",mr,unknown,female
007504.wav,राजा आणि प्रधान यांना वाकून खोलीत यावे लागले.,mr,unknown,male
002895.wav,मी ह्या स्थितीला बदलण्यासाठी पुर्ण आत्मविश्वासाने त्या याना जवळ गेलो आणि ओरडलो.,mr,unknown,female
003025.wav,म्हणून भाड्याऐवजी तो पाडाच म्हातारीला देऊन मालक निघून गेला.,mr,unknown,female
001246.wav,"अहंकाराचे रूप फार सूक्ष्म असते, सदैव सावध राहिले पाहिजे.",mr,unknown,female
002413.wav,विष्णूला भूदेवीची कीव आली व त्याने दशावतारापैकी तिसरा अवतार वराहावतार धारण केला.,mr,unknown,female
005517.wav,एक एक ओंजळी मागे असतेच झऱ्याचे पाणी,mr,unknown,male
008778.wav,"गिफ्ट देण्यासाठी दोघांनीही तिला डोळे बंद करायला सांगितले, नीना खूपच उत्सुक होती.",mr,unknown,male
009913.wav,"आईचे नाव जबाला, म्हणून मी सत्यकाम जबाला, ह्यापेक्षा जास्त मला ठाऊक नाही.’",mr,unknown,male
007756.wav,तुम्हांला या शापवाणीपासून अज्ञानात ठेवू नये म्हणून त्यांनी हा निरोप पाठविला आहे.,mr,unknown,male
000036.wav,त्या गृहस्थाने त्यांच्यापैकी प्रत्येकाला आपापली काठी मोडण्यास सांगितले.,mr,unknown,female
006519.wav,भिक्‍खूंना खासगी संपत्ती बाळगण्याचा अधिकार नाही.,mr,unknown,male
008036.wav,म्हणून धन्वंतरीचीही या दिवशी पुजा केली जाते.,mr,unknown,male
003071.wav,खेळाचा ध्येय शक्य तीतक्या कमीतल्या कमी वेळात सर्व प्रतिस्पर्धींना टॅग करण्याचा आहे.,mr,unknown,female
009004.wav,आपल्या छानदार खोगिराची एका घोडयाला घमेंड वाटत होती.,mr,unknown,male
002964.wav,तर मग खर्या अपराधी कुत्र्यांना पकडून आपल्या अनुयायांचं रक्षण करणे आपले कर्तव्य आहे.,mr,unknown,female
003603.wav,जमिनीवर तीन-चार फूट कठडा करून घाण व बाहेरचे पाणी आत जाण्यापासून रोखावे तसेच वरून झाकण लावावे.,mr,unknown,female
006522.wav,म्हणूनच त्रिसरणातलं हे एक सरण आहे.,mr,unknown,male
008127.wav,"नास्तिक, धर्माचरण न करणाऱ्या मानवी पशूची क्रूरताच निसर्गाला सूड घ्यायला भाग पडते.",mr,unknown,male
002985.wav,नंतर त्याने आपल्या संपत्तीचा अर्धा वाटा म्हणजे चाळीस कोटी वराह आपल्या मित्राला दिले.,mr,unknown,female
002755.wav,"दोन तरुण लढवय्यांच्या मदतीने अरण्यमलने गणाचारीचे कपट उघडे करुन, त्याला वाघांपुढे मरण्यास टाकले.",mr,unknown,female
000669.wav,"साकमश्वाला ह्या कोड्याचे वेडच लागले, त्याने निश्चय केला, की मी हे कोडे जिंकीनच.",mr,unknown,female
000096.wav,"शेवटी मला कॉलेज ला उशीर होतोय, आपण उद्या पुन्हा इथेच भेटू अस बोलून ती निघून गेली.",mr,unknown,female
001286.wav,एकदा तो प्रधान शिकारीसाठी रानात बराच दूरवर गेला असता त्याला एका झाडाखाली जप करीत बसलेला साधू दिसला.,mr,unknown,female
008710.wav,"मी कुठे काय केले, मोंटू ओशाळून म्हणाला.",mr,unknown,male
001651.wav,टीना तिच्या आई-वडिलांची एकुलती एक मुलगी होती म्हणून तिचे सर्व लाड पुरवले जात होते.,mr,unknown,female
003799.wav,एकवीस व्या वर्षी लग्न केले व स्टर्लिंग रिसॉर्टचे काम हाती घेतले.,mr,unknown,female
003248.wav,या सगळ्यांचे महत्व वेगळ्या पद्धतीने जाणवू लागले आहे.,mr,unknown,female
007714.wav,"मुनिवर्य डोळे मिटून ध्यानमग्न झाले होते, ते त्या राजाशी काय बोलणार?",mr,unknown,male
010757.wav,आईच्या ह्या प्रश्नाने नीनाला निरुत्तर केले.,mr,unknown,female
006253.wav,भीमा कोरेगाव येथे ब्रिटीश कंपनीच्या कॅप्टनला बोलावले.,mr,unknown,male
009241.wav,स्टेशनवरून एक जड बॅग घेऊन येणारा माणूस दिसला त्याला हमाल हवा होता.,mr,unknown,male
007136.wav,कास्ट्राईब कर्मचारी महासंघाच्या रौप्यमहोत्सवी वर्षानिमित्त राज्यस्तरीय कर्मचारी अधिवेशन रत्नागिरी येथे झाले.,mr,unknown,male
010340.wav,"भिल्ल राजाचीच ती मुलगी, लहानपणी तीही लहानसे धनुष्य घेऊन हरणांच्या पाठीमागे लागे.",mr,unknown,female
002603.wav,सर्वात अगोदर तर अत्याधिक उजेड खगोलशास्त्रविषयी अवलोकनांत नुकसानदेह साबित होउ शकतो.,mr,unknown,female
009749.wav,त्याने त्याला गावापर्यंत सुखरूप सोडले.,mr,unknown,male
007774.wav,त्या वेळी मुलांना शिकण्यासाठी दूर अरण्यात एखाद्या ऋषीजवळ पाठवीत असत.,mr,unknown,male
005757.wav,"धार्मिक, दहशतवादी मग ते कोणत्याही धर्माचे असोत.",mr,unknown,male
010025.wav,हाताशी आलेले धन गेले म्हणून नाभाचा फारच हिरमोड झाला.,mr,unknown,male
010223.wav,"अपराध करणाऱ्याचे नाव देवासमोर सांगण्यात येई, त्याला दुसरी शिक्षा नसे.",mr,unknown,female
000851.wav,दात्याची सेवा करण्यास वामनाने बळीराजाचे द्वारपाल होण्याचे काम स्वीकारले.,mr,unknown,female
006045.wav,"गरीब मजूर, शेतकरी यांची मुले एक विषयइंग्रजी भाषा इंग्रजीतून शिकतात.",mr,unknown,male
000361.wav,दिवसभर दुसऱ्याकडे पोटासाठी राबणारी ती गरीब बाई मुलाला आणायला कशी जाणार ?,mr,unknown,female
000840.wav,या दिवशी बळी पाताळात गाडला गेला.,mr,unknown,female
001487.wav,बाबाही समाधानाने स्वयंपाकघरात जेवणाची पान घ्यायला वळला.,mr,unknown,female
002456.wav,त्यांच्या हातात बकुल फुलांच्या माळा होत्या.,mr,unknown,female
005769.wav,महाराष्ट्रात हिंदूंच्या परंपरेनुसार चैत्र महिना हा नव्या वर्षाचा प्रारंभ मानला जातो.,mr,unknown,male
000102.wav,साधारण माझ्याच वयाचा पण उंचीने माझ्याहून चार बोटे उंच असलेला एक तरुण होता तो.,mr,unknown,female
008242.wav,"सांग, मित्रा, तुझं मत सांग, तुला जे खरोखर वाटत असेल ते सांग.",mr,unknown,male
007329.wav,त्यांची कदरही तितकीच करायला पाहिजे.,mr,unknown,male
004339.wav,मोठे स्नो स्टॉर्म येणार आहे वीकएन्डला.,mr,unknown,female
002496.wav,"नारद निराश्रित होऊन, भुकेने जीव कासावीस झाल्यासारखा दारोदारी फिरू लागला.",mr,unknown,female
008616.wav,एक दिवस सकाळी सकाळी ऑफिसमधला टेलिफोन खणखणला.,mr,unknown,male
006023.wav,आणि मुळात आपल्याला इंग्रजी बोलता येत नाही हा न्यूनगंड मनातून काढूनच टाका.,mr,unknown,male
002448.wav,"भाचा आहेस म्हणून, माझ्यासाठी आणखी एक काम वाढवून ठेवलेस ना?",mr,unknown,female
000409.wav,त्या वेळी त्यागराजांच्या डोक्यात प्रकाश पडला.,mr,unknown,female
008639.wav,तिच्या सवंगडयांना भेटायला ती आकाशात दूरवर उडाली आहे.,mr,unknown,male
004105.wav,"घाशीराम तक्क्यावर अधिकच रेलत बोलले, 'साबाजी, ऐक.",mr,unknown,female
000933.wav,"रात्रीच्या वेळी सगळ्यांनी एकत्र बसून जेवणे, हे तुमच्या कौटुंबिक सौख्यासाठी चांगले आहे.",mr,unknown,female
008803.wav,असे म्हणत असतांनाच त्याच्या टेबलवर एक पिवळा-नारिंगी प्रकाश भुवनला दिसला.,mr,unknown,male
007679.wav,"कृपा करुन यांच्यात चैतन्य आणा, यांना संजीवन द्या.",mr,unknown,male
004542.wav,मला त्याचे टायटल साँग खूप आवडायचे बघायला.,mr,unknown,female
010253.wav,"मी कशाला कोणाला मारू, मी आधीच दुःखाने मेलो आहे.",mr,unknown,female
007539.wav,"तेव्हा 'हा देशद्रोही आहे', असे म्हणून वीरमती चवताळलेल्या वाघिणीसारखी त्याच्या अंगावर धावली.",mr,unknown,male
000519.wav,"त्यांनी शृंगीला ती वार्ता सांगितली, तेव्हा शृंगी म्हणाला, मित्रांनो, आता आपण आश्रमात जाऊ या!",mr,unknown,female
004004.wav,"तशी बाय खणखणीत आवाजात म्हणाली `तीन आणे मोजून दिलंय त्येका,' `त्यांनी ते घेतलं?",mr,unknown,female
010547.wav,"आणखीन खात्री करुन घेण्यासाठी त्याने आपल्या मुलाला घेऊन जाणा-या बाईला विचारले, ह्याचा जन्म कधी झाला.",mr,unknown,female
003356.wav,"आपणांस सर्वाना माहिती आहे की, जी विद्युत ऊर्जा आपण वापरतो ती निर्माण करणेसाठी हजारों टन कोळसा जाळला जातो.",mr,unknown,female
001023.wav,"मनूनेच तो खून केला असावा, असे सर्वांचे मत पडले.",mr,unknown,female
003471.wav,पिटयुटरी या मेंदूखालच्या ग्रंथीतून येणा-या संप्रेरकांमुळे शरीराची वाढ होते.,mr,unknown,female
004986.wav,हे प्राणी फार लाजरे असतात व मनुष्यांपासून लांबच राहातात.,mr,unknown,male
010085.wav,खूप खूप झाडांचे मिळून जंगल होते.,mr,unknown,male
006536.wav,घरोघरी स्वागताच्या गुढ्या उभारण्यात येत आहेत.,mr,unknown,male
001852.wav,"तो मासा, कसेबसे श्वास घेत कोळयाला म्हणाला, बाबा रे, मी तुझ्याकडे माझ्या प्राणांची भीक मागतो.",mr,unknown,female
008264.wav,"त्या नदीत तो कितीदा तरी डुंबला असेल, मित्राबरोबर पोहला असेल.",mr,unknown,male
010874.wav,पाणी ऊंच उडू लागलं तर त्याचं कारंजं होतं.,mr,unknown,female
004100.wav,पण लिंडसे डॅवनपोर्ट त्या लिस्ट मध्ये ?,mr,unknown,female
007906.wav,"यज्ञ पार पडून ऋषी स्वर्गाला गेले, तेव्हा त्यांच्या सांगण्याप्रमाणे नाभा त्यांच्या गायी गोळा करू लागला.",mr,unknown,male
007130.wav,"कबड्डी महासंघाचे अध्यक्ष जनार्दन गेहलोत यांनी, साळवी केवळ कबड्डीमहर्षी नव्हते, तर भीष्मपितामह होते.",mr,unknown,male
010248.wav,"हा पाहा लाल सुरा, रक्तानं रंगलेला सुरा, कुणाचं हे रक्त, कुठून आला हा सुरा, माझ्या उशाशी कुणी ठेवला, असे मनू बोलू लागला.",mr,unknown,female
003397.wav,यदाकदाचित हे शक्य झाले तर यंत्रमानव माणसापेक्षा वरचढ होऊन माणसालाच गुलाम बनवेल की काय अशी भीती सर्वसामान्यांना वाटू लागली आहे.,mr,unknown,female
009069.wav,खुप वर्षापूर्वीची गोष्ट आहे.,mr,unknown,male
008177.wav,काहीजणांना वैद्यांनी त्यांच्या रोगाला अनुसरून भरपूर पाणी पिण्यास सांगितलेले असते.,mr,unknown,male
005897.wav,अशी कोणती शक्ती आहे जिच्यामुळे या नात्याची गुंफ़ण घट्ट गुंफ़ली गेलीय.,mr,unknown,male
009919.wav,जो खरे बोलतो त्याला मी ब्राह्मणच समजतो.,mr,unknown,male
008125.wav,जिवाची पर्यावरणाशी एकरूपता साध्य न झाल्यामुळे मानसिक दुष्परिणाम झाले आहेत.,mr,unknown,male
006488.wav,हरभजनसिंगची पत्नी जोगिंदर कौर हिलाही पोलिसांनी चौकशीसाठी ताब्यात घेतले आहे.,mr,unknown,male
008819.wav,नंतर खेळाच्या तासाला राघव भुवनला मोठी सायकल चालविण्याचा आग्रह करीत होता.,mr,unknown,male
000884.wav,याउलट मराठी आणि काही अन्य भारतीय भाषांच्यावर संस्कार होऊन संस्कृत भाषा बनलीआहेअसेही काही विद्वान मानतात.,mr,unknown,female
007894.wav,नाभाला मात्र काहीच ठेविले नव्हते.,mr,unknown,male
003882.wav,बंड करणारे नेहमीच खड्यात जातात मी ही गेलो,mr,unknown,female
009501.wav,"आपण ह्या सोशल नेटवर्किंगच्या जमान्यात वावरणारे, रोज असंख्य नाती जोडतो.",mr,unknown,male
002010.wav,त्याने त्याला आपल्या राजमहालात 'राज कवी'चा दर्जा दिला.,mr,unknown,female
000435.wav,"लोक तिच्यासाठी पूर्वी वाटेल तो त्याग करीत, अतिशय कष्ट सोशीत.",mr,unknown,female
006919.wav,ती एका कृतघ्न भावाने केली आहे.,mr,unknown,male
000108.wav,त्याचे ते शब्द कानात एखाद्या बाणासारखे घुसत होते.,mr,unknown,female
007088.wav,माचीस काडी लागताच स्टोव्हने अचानक भडका घेतला.,mr,unknown,male
006249.wav,"ऋत्विक घटक, सत्यजीत रे, मृणाल सेन यांनी बंगालच्या भूमीत प्रयोगशील चित्रपटांचा अर्थपूर्ण पसारा उभा केला",mr,unknown,male
006324.wav,"म्हशीचा मालक म्हणाला, छे छे साखळदंडाची किंमत आहे नऊशे पंच्चाण्णव रुपये.",mr,unknown,male
005382.wav,तिची आई तिच्याकडून अगदी बारीकसारीक कामे करवून घेत असे.,mr,unknown,male
006204.wav,"प्रत्येकजण स्वतःच्या पक्षीय राजकारणात तरी घोटाळत राहिला किंवा सत्तेच्या कुंपणात अडकून पडला, पण बाहेर आला नाही.",mr,unknown,male
003528.wav,बिया दोन-तीन तास आधीच भिजवून ठेवल्यावर त्याचे सत्व दुधात लवकर मिसळते.,mr,unknown,female
004975.wav,बर्‍याच भक्तीग्रंथांमधे त्यांच्या कीर्तनांचा संदर्भ आहे.,mr,unknown,male
007911.wav,"रुद्र म्हणाला, `खोटे वाटत असेल तर तुझ्या बाबांना जाऊन विचार, त्यांना यज्ञासंबंधी सर्व कळते.",mr,unknown,male
004550.wav,"परिणामी हार्ट ट्रबल, सांधे दुखी, ब्लडप्रेशर सारख्या रोगांना बळी पडावं लागतं.",mr,unknown,female
003845.wav,पालखीबरोबर देवीचे भालदार-चोपदार व पालखीचे भोई असतात.,mr,unknown,female
010903.wav,सगळे म्हणाले अजबच आहे हा फूल डोंगर.,mr,unknown,female
001510.wav,"मोंटू अरे उठ, शाळेत जायची वेळ झाली आहे, आईची हाक आली.",mr,unknown,female
010799.wav,झोपल्यावर मात्र परी त्याच्या स्वप्नात आली.,mr,unknown,female
007773.wav,"सत्यकाम दिसला, की सर्व गोष्ट ती क्षणात विसरून जाई.",mr,unknown,male
003108.wav,एक सुंदर व अद्भुत घटना आजही महाराष्ट्रात प्रचलित आहे.,mr,unknown,female
010898.wav,"भल्यामोठया डोंगराचा इवलासा आनंद झाडांना, झ-यांना व रस्त्यांना समजला, कसं कुणास ठाऊक, पण गावातल्या मुलांना पण कळला.",mr,unknown,female
005618.wav,"चुंबनाच्या स्पर्शाने, तुला रोमांचित करावसं वाटतं.",mr,unknown,male
001792.wav,चोरीची किंवा चोराची पुराव्यासह जो बित्तंबातमी देईल त्याला कोतवालसाहेब माठे बक्षिस देतील.,mr,unknown,female
001684.wav,सगळया गावाचं या डोंगरावर फार प्रेम होतं.,mr,unknown,female
004192.wav,कॅल्शियम साठि दुधात घालुन नाचणी सत्व घे.,mr,unknown,female
000609.wav,ह्यांना अरण्यात चरण्यास घेऊन जा असे सांगितले.,mr,unknown,female
001262.wav,"खरेच लहानपणापासून ती सर्वांना आवडत असे, ती जगाची बयो होती, आई होती.",mr,unknown,female
004631.wav,सेवायोग्य कांही कार्य असेल तर आपली आज्ञा व्हावी.,mr,unknown,male
007208.wav,"लक्ष्मी बाहेर पडली, नंतर लक्ष्मीच्या पाठोपाठ एका सुंदर पुरुषाला राजवाड्याबाहेर पडतांना पाहून राजाने त्यालाही विचारले.",mr,unknown,male
010134.wav,"या कारणास्तव यम आपल्या जगात, यमलोकात परततो.",mr,unknown,male
005583.wav,"घरासमोर खरकट्या पत्रावळ्यांचा ढीग कुत्री, मांजरी आणि कोंबड्या मात्र अजुनही फस्त करीत असतात.",mr,unknown,male
007550.wav,एका गावात एक विधवा स्त्री राहत असे.,mr,unknown,male
003525.wav,"कारण फ्ल्यू, जंतुदोष, सांधेताप या अनेक आजारांत थंडीताप येऊ शकतो.",mr,unknown,female
003275.wav,खनिज इंधनाव्यतिरिक्त सध्या प्रचलित असणारे ऊर्जाप्रकार पुढे संक्षिप्तपणे सांगितले आहेत.,mr,unknown,female
000915.wav,आयुर्वेदासाठी लागणाऱ्याऔषधी सत्त्वगुणांशी निगडित असल्यामुळे त्यांची उत्पत्ती पर्यावरण दूषित झाल्यामुळे कमी झाली.,mr,unknown,female
002816.wav,त्यांच्या मागोमाग हे दोघे डोंगरावर गेले.,mr,unknown,female
005834.wav,हक्क मागण्यापेक्षा मिळालेले अधिकार उपभोगतानाची तिची स्वप्न चित्रपटाबरोबर समाजातही दिसत राहिली.,mr,unknown,male
006880.wav,त्यामुळे नशिबाची ऐशी तैशीकडूनही तशीच अपेक्षा आहे.,mr,unknown,male
001124.wav,"राजाने मुलीसाठी तांबड्या रंगाची वल्कले केली होती, ती तिला दिली.",mr,unknown,female
009706.wav,"याचा अर्थ आपल्यापैकीच कोणीतरी त्याला फितूर झालेला आहे; पण चिंतेचे कारण नाही, आपण त्याला पुन्हा हरवू.",mr,unknown,male
010373.wav,सुंदर दवबिंदूंचे हार घालून आपल्या झगझगीत रथात बसून ती येते.,mr,unknown,female
009607.wav,"जेव्हा ते भेटले, तेव्हा त्यांनी एकमेकांना आपापल्या मनातील विचार सांगितले.",mr,unknown,male
006126.wav,आवडल याच महत्वाच कारण त्यांचा मधाळ स्वभाव.,mr,unknown,male
004833.wav,"बाळा, वेडेपणा माझा नव्हे, तर तुझ्या पित्याचा आहे.",mr,unknown,male
005361.wav,केळी पाहिल्याबरोबर निया धावतच पिंजर्‍यात शिरला.,mr,unknown,male
000593.wav,"अरे, बघशील तर ते ध्यान! असे हेटाळणीचे शब्दही सत्यकामाच्या कानी आले.",mr,unknown,female
006804.wav,स्मशानभूमीची देखभाल करण्यात शिंदे यांनी हयात घालविली.,mr,unknown,male
001480.wav,बाबाच्या ह्या प्रश्नाने चिनूला आपले संध्याकाळचे वागणे आठवले.,mr,unknown,female
009728.wav,ते गाव त्यांच्या वस्तीपासून बरेच दूर होते.,mr,unknown,male
005203.wav,त्याला बिळातल्या वाटेने जाऊन आपली सुटका करायची नव्हती.,mr,unknown,male
007838.wav,इतक्यात तेथे एक हंस उडत आला.,mr,unknown,male
004394.wav,वरती कोणीतरी म्हणल्याप्रमाणे पण नाच्यावर बलात्कार आणि एकूणच राजकारण घूसवलेल वाटल.,mr,unknown,female
002565.wav,"देवाचे बोलावणे येईपर्यंत माझ्याजवळ मला पुरेसे मिळेलच, असं मला वाटतं.",mr,unknown,female
007855.wav,इतकी वर्षे वेद घोकूनही त्यांना इतके ज्ञान झालेले नव्हते.,mr,unknown,male
006347.wav,उद्या तारीख तेवीस गोफणधोंड्याच्या लढाईचा शेवटचा दिवस आहे.,mr,unknown,male
010428.wav,"पाळण्यात असतानाच, आईच्या खांद्यावर खेळत असतानाच, पुढील जीवनाच्या विकासाचे बी पेरले जात असते.",mr,unknown,female
004772.wav,येणाऱ्या कल्पांत तू वैवस्वत या नावे मनू होशील,mr,unknown,male
003106.wav,आणि ती माझ्याशी कधीही कठोरपणे वागली नाही.,mr,unknown,female
005765.wav,"स्त्रियांपुढे गंभीर समस्या आहेत, पण शिक्षण या जादूच्या कांडीने सोडवली जाणार नाही.",mr,unknown,male
007646.wav,लोकांनी त्या जुन्या ज्ञानाला नव तेज दिलं.,mr,unknown,male
002153.wav,चिमणी आतून म्हणाली 'थांब माझ्या बाळाला झोपवते'.,mr,unknown,female
010193.wav,त्यामुळे पेशींतील ऊर्जा घटून प्राणमयकोष दुर्बळ होत जातो.,mr,unknown,female
008046.wav,या दिवशी बळी पाताळात गाडला गेला.,mr,unknown,male
008413.wav,"आईच्या पोटात गर्भरूपाने जीव आला, त्याच्यापूर्वीच त्याच्या शिक्षणाची तयारी झालेली असते.",mr,unknown,male
008863.wav,"यामुळे टीनाला वर्गात एकही मित्रमैत्रिण नव्हते, हया गोष्टीचे टीनाच्या आईला खूप वाईट वाटायचे.",mr,unknown,male
005815.wav,महाराष्ट्रात कोठेही स्टॉल लागला की आमच्या स्टॉलचा पहिला किंवा दुसरा नंबर येतो.,mr,unknown,male
009632.wav,त्यानेही तामिळमध्येच रामायण रचनेला प्रारंभ केला.,mr,unknown,male
000304.wav,माझ्या मनात आपल्याविषयी जास्त आदर आहे.,mr,unknown,female
005014.wav,व आनंदाने त्याला यथाशक्ती देणगी देत असत.,mr,unknown,male
000741.wav,"तेच अमृत वाहत जाऊन समुद्राला मिळाले, त्या ओघाला प्रवरा नदी असे म्हणतात.",mr,unknown,female
004783.wav,"तुझ्या द्वारपालावर राग दर्शवून आम्ही जी घाई केली, त्याबद्दल लाज वाटते.",mr,unknown,male
000399.wav,पण तुमच्या दोन्ही बाजूंना तुमचे रक्षक असल्याने आम्ही तुम्हाला काहीच करू शकलो नाही.,mr,unknown,female
007521.wav,त्याच्याशी दोन हात करतांना अल्लाउद्दीनचे असंख्य सैनिक मारले गेले.,mr,unknown,male
002271.wav,"मेनका भीत होती कीं, विश्वामित्र रागाने कदाचित शाप देतील.",mr,unknown,female
000217.wav,तो एक सारखे बें बें करून ओरडत होता.,mr,unknown,female
003315.wav,डीदिव्यांचा कार्यक्षमतेने वापर केल्यास इमारतींच्या ऊर्जावापरामध्ये प्रचंड बचत होणार आहे.,mr,unknown,female
008040.wav,तेव्हाच आत्म्यावरील अहंचा पडदा दूर होऊन आत्मज्योत प्रकाशित होईल.,mr,unknown,male
010913.wav,"अखेर उष्णता असह्य होत चालली, तसतशी आपल्या अंगावरील सारी वस्त्रे त्या प्रवाशाने एकामागून एक काढून टाकली.",mr,unknown,female
008072.wav,"त्यामुळे त्या समाजात निर्भयतेने फिरू शकतील, तो दिवस, म्हणजे दीपावलीतील भाऊबीज पूजनाचा दिवस.",mr,unknown,male
001905.wav,"तो दिवस माझ्या हृदयावर कोरून ठेवला गेला आहे, ज्या दिवशी धनुर्विद्या देण्याला तुम्ही नकार दिलात.",mr,unknown,female
004979.wav,सिंकोना नावाच एक झाड त्या पाण्याच्या जवळ उगलेलं होतं.,mr,unknown,male
008745.wav,"तिला वस्तू धरतांना, लिहीतांना, बटण लावतांना अशी रोजची कामे करतांना खूपच त्रास व्हायचा.",mr,unknown,male
009750.wav,"त्यानंतर ‘रान आले की, जटीलने हाक मारावी आणि गोपाळने तेथे येऊन त्याला सोबत करावी’, हा प्रतिदिन उपक्रम झाला.",mr,unknown,male
003995.wav,"त्यासाठी लहान बासऱ्या, ढोल, जोरकसपणे फुंकून वाजविली जाणारी सुषिर वाद्ये उपयोगात आणली जातात.",mr,unknown,female
002393.wav,सरोवरांत हत्ती व मगरीची झुंज चालूच होती.,mr,unknown,female
000674.wav,"तो म्हणाला, `अरे, माझी ही पिशवी नदीत बुडून टाका.",mr,unknown,female
003003.wav,ते कुशाग्र बुद्धीचे होते व त्यांना शुभाशुभशकुनांचे शास्त्र चांगले अवगत होते.,mr,unknown,female
006879.wav,कर्णकर्कश हॉर्न वाजविणारे चाळीस,mr,unknown,male
002302.wav,कैकेयीनें अगदी शांतपणाने दिलेले ते उत्तर ऐकून भरताला भयंकर राग आला.,mr,unknown,female
005324.wav,"सुधारलेल्या संस्कृतीची माती, हरवलेल्या खजिन्याचा धातु सारखा भास, शतकांचे पाप.",mr,unknown,male
002070.wav,ह्या विचित्र मागणीचे राजाला आश्चर्य वाटले.,mr,unknown,female
003133.wav,एका पेशीचा डेन्ड्नइट दुसऱ्याच्या अॅक्झान जवळ असतो.,mr,unknown,female
008983.wav,वादळी नि वाईट हवेमुळे एक शेतकरी आपल्या घरीच कित्येक दिवस अडकून पडला होता.,mr,unknown,male
000534.wav,"नंतर शृंगीने झालेली सर्व हकीगत आपल्या पित्याला सांगितली, ती ऐकून शमीक ऋषी शांतपणे म्हणाले.",mr,unknown,female
005251.wav,त्या दोघांची गोष्ट माझ्याकडून ऐक आणि स्वतःला सुधार.,mr,unknown,male
004346.wav,नासीफडक्यांचा प्रतिभासाधन हा निबंध की पुस्तकातला उतारा अभ्यासाला होता.,mr,unknown,female
006806.wav,केवळ फौंड्री उद्योगामुळे बहुतांशी कामगार टिकून असल्याचे दिसत आहे.,mr,unknown,male
010673.wav,"मोंटूचे वजन वाढायला लागले होते, त्याचे दात काळे होऊन किडायला लागले होते.",mr,unknown,female
003064.wav,तुम्ही राजधानीबाहेर दूर कोठेतरी कांही काळ जाऊन रहा कसे!,mr,unknown,female
008789.wav,आईबाबांनाही खूप आनंद झाला कारण त्यांची नीना आज खऱ्या अर्थाने मोठी झाली होती.,mr,unknown,male
003345.wav,अभियांत्रिकी गंगा नदीवरील जलविद्युत प्रकल्प ?,mr,unknown,female
006850.wav,हसण्याच्या प्रक्रियेमुळे शरीरातील रक्ताभिसरण चांगल्या प्रकारे होते.,mr,unknown,male
005024.wav,ह्याच जमातीतील गणाचारी नावाचा माणूस राजाला पदच्युत करण्याचा प्रयत्न करत होता.,mr,unknown,male
008400.wav,त्याच्या बऱ्यावाईटाचा पाया लहानपणीच भरला जात असतो.,mr,unknown,male
006046.wav,इंग्रजीच्या शिडीचा आधार घेऊन या स्पर्धेत उतरुन गरीबांचा फायदा होणार नाही.,mr,unknown,male
010277.wav,"परंतु ते कबूल करून गावाची क्षमा मागण्याऐवजी तू दंभ दाखवीत आहेस, काय याला म्हणावं.",mr,unknown,female
008751.wav,त्या रात्री आईबाबांचे बोलणे मंजूच्या कानावर पडले.,mr,unknown,male
007128.wav,मॅंचेस्टर सिटी क्‍लबला ऐंशी व्या मिनिटाला पेनल्टी मिळाली.,mr,unknown,male
002944.wav,इतकं काम केल्यानंतर साहजिकच तिचे कपडे विरुन फाटत.,mr,unknown,female
004639.wav,त्यांनी विश्वामित्र ऋषींची विधिवत पादपूजा केली व यज्ञास आल्याबद्दल आभार मानले.,mr,unknown,male
003414.wav,मधे मी मॅकऑर्थर पॉप्युलेशन फेलोशिप मिळाल्यावर चीनमधली आरोग्य-व्यवस्था पाहिली.,mr,unknown,female
009537.wav,"ते म्हणाले, आम्ही केलेल्या कार्याला काहीच नाही का अर्थ, आमचे प्रयत्न, आमचे बलीदान सगळेच कसे गेले व्यर्थ?",mr,unknown,male
008402.wav,"मोठेपणा याचा अर्थ जगातील काही व्यक्तींच्या ओठांवर आपले नाव काही काळ नाचणे, असा मी करीत नाही.",mr,unknown,male
002250.wav,"ज्या कामासाठी म्हणून मी तुम्हां उभयतांना बोलावून घेऊन आलो होतो, ते माझे काम आता संपले आहे.",mr,unknown,female
001283.wav,"त्याच्या छळाला व अत्याचाराला कंटाळून त्याची प्रजा आपापली गावे सोडून, दुसऱ्या राज्यात जाऊ लागली.",mr,unknown,female
006962.wav,मेमधील वाढलेल्या उन्हामुळे सर्वच जण त्रस्त आहेत.,mr,unknown,male
008880.wav,टीना आणि गौरीने संपूर्ण शाळा झाडून काढली.,mr,unknown,male
001255.wav,"गावात सर्वत्र शांतता होती, आकाशात शांतता होती.",mr,unknown,female
004699.wav,वनवास व राज्य यांची अदलाबदल केल्याने वडिलांच्या आज्ञेचे पालन कसे होईल,mr,unknown,male
006014.wav,आणि त्यापुढे महाराजपद थिट ग कस,mr,unknown,male
008325.wav,उभयता मातापितरांनी मुलीला आश्रमात पाठविण्याचा निश्चय केला.,mr,unknown,male
008399.wav,त्याचे पुढचे बरे-वाईट जीवन त्याच्या आईबापांवर अवलंबून असते.,mr,unknown,male
004512.wav,"टाईम्समधले लाईफस्टाईल, ड्रीम होम्स, क्लासिक इंटेरियर्स, टाईम्स प्रॉपर्टी इत्यादी कॉलम्स चांगले आहेत.",mr,unknown,female
002649.wav,"गण्डकमृग जमातीवाल्यांच्याबरोबर जाऊन खड्ग, जीवदन्त एका नदीच्या कांठावर चोरांना भेटले.",mr,unknown,female
004677.wav,रामाने पित्याचा आवाज ऐकून मागे पाहिले.,mr,unknown,male
009038.wav,"कारण मी जीवाचा आटापीटा करून जे जे स्वच्छ करीत जाईन, ते ते एका क्षणांत काळंकुट्टं होईल, तुमच्या शेजारानं.",mr,unknown,male
001769.wav,एका फासेपारध्याच्या जाळयात एक कवडा सापडला.,mr,unknown,female
007110.wav,जालना रस्त्यावरील मागील पाच वर्षांत दोन शे दहा अपघात झाले.,mr,unknown,male
010751.wav,"हातात खोके ठेवल्यावर घाईने तिने ते उघडले आणि आत चक्क तिच्या आवडीचे चंदेरी रंगाचे, उंच टाचेचे बूट होते.",mr,unknown,female
009149.wav,"असं वाटलं, का मी हीन कुळातला आहे, पण जेंव्हा तुम्ही अंगठा मागितलात ना, तेंव्हा मला सामोरं आलंच नाही, कुठलंही द्वंद्व, कुठलेही प्रश्न, किंवा कुठल्याही समस्या.",mr,unknown,male
008048.wav,याची आठवण म्हणून यादिवशी लक्ष्मीपूजन करतात.,mr,unknown,male
010146.wav,नरकचतुर्दशीच्या दिवशी या अलक्ष्मीचे पहाटे मर्दन करून आपल्यातील नरकरूपी पापवासनांचा नायनाट व अहंकाराचे उच्चाटन करायचे आहे.,mr,unknown,male
008948.wav,"ज्या ज्या वेळी एखादा लांडगा कळपातले मेंढरू पळवून नेई, तेंव्हा त्याचा पाठलाग करणा-या त्या धनगराच्या कुत्र्यांमध्ये तो पाळलेला लांडगा नेहमी सामील होई.",mr,unknown,male
006201.wav,"कॉंग्रसचे अखिल भारतीय राजकारण, प्रमोद नवलकरांचे मुंबईपुरते राजकारण.",mr,unknown,male
006118.wav,"मराठी भाषेत अनेक थोर, विद्वान नररत्नांची खाण आढळते.",mr,unknown,male
006235.wav,"सर्व खाजगी कंपन्या, केंद्र सरकारच्या सर्व कचऱ्या, केंद्रीय उद्योग यांचे व्यवहार इंग्रजीशिवाय कोणत्याच भाषेत चालत नाहीत.",mr,unknown,male
005864.wav,दिवसभर कामाच्या व्यापाने वैगातून कसा बसा मी जरा दररोजपेक्षा अर्धा तास उशिराच घरी पोहोचलो होतो.,mr,unknown,male
005269.wav,चीनी हत्ती मला पाण्याजवळ घेऊन गेला.,mr,unknown,male
003657.wav,संपूर्ण मानवजातीच्या विकासासाठी मुलींच्या शिक्षणाइतके परिणमकारक दुसरे साधन नाही.,mr,unknown,female
004005.wav,"ज्योतिष प्रमाण सर्वसाधारण असेम्हणता येईल की, लग्नेश किंवा पंचमेश यांचे अधिपति सहाव्या घरात असतात.",mr,unknown,female
008017.wav,धनत्रयोदशी या सणामागे एक मनोवेधक कथा आहे.,mr,unknown,male
007976.wav,"नद्या पाण्याने भरतात, शेते पिकांनी भरतात, डोंगर हिरवे होतात, आपल्याला आनंद देतात.",mr,unknown,male
003777.wav,भरतीच्या वेळी पाणी वर शिरत असल्यामुळे खाड्या निर्माण झाल्या आहेत.,mr,unknown,female
002239.wav,ते दृश्य पाहून वाल्मिकींच्या मनांत त्या पक्ष्यांबद्दल दया निर्माण झाली व त्या भिल्लाचा त्यांना राग आला.,mr,unknown,female
006677.wav,ग्लास त्याने नळाजवळ धरला तसे पाणी आले.,mr,unknown,male
009050.wav,कोंबडयांवरून जुंपलेल्या भांडणामध्ये एक कोंबडा खूप जखमी होऊन पराभूत झाला होता.,mr,unknown,male
004823.wav,"आम्ही सास्वासुनांचा दुरावा सुखाने सोडून, अशाच याच्या दोहो बाजूंस उभ्या राहातो",mr,unknown,male
006429.wav,अपघात होताच व्हॅनचालक आपले वाहन घेऊन पसार झाला.,mr,unknown,male
000174.wav,मुलाचा सल्ला मानुन त्या माणसाने नदी पार करण्यास सुरुवात केली.,mr,unknown,female
005904.wav,कधी अचानक पाऊस बनुनी चिंब भिजवूनी जाशील का,mr,unknown,male
007583.wav,हे ऐकून जटीलला प्रश्न पडला.,mr,unknown,male
006245.wav,"बेळगाव, कारवार, निपाणी या प्रदेशांवर आपल्याला उदक सोडावे लागले.",mr,unknown,male
004881.wav,खट्याळ मुले दगडधोंडे मारून रडवीत आणि त्यातच त्यांना गंमत वाटे.,mr,unknown,male
010352.wav,उभयता मातापितरांनी मुलीला आश्रमात पाठविण्याचा निश्चय केला.,mr,unknown,female
001407.wav,कुठलीही गोष्ट घडण्याची एक ठराविक वेळ असते असे म्हणतात ते अगदी खरंय.,mr,unknown,female
008857.wav,मुलांनी मोठयाने हो म्हटले आणि उडया मारत डोंगर उतरायला सुरूवात केली.,mr,unknown,male
005962.wav,इंग्रजी माध्यमाची शाळा किंवा कॉन्व्हॅट स्कूल म्हणजे प्रतिष्ठेची केंद्रे.,mr,unknown,male
001433.wav,"मिनू उदास झाली, तिचा रोजचा वेळ आता कंटाळवाणा जाऊ लागला.",mr,unknown,female
009610.wav,"राजाने शेठजींची कान उघडणी केली की, वाईट विचारांपेक्षा मनात चांगले विचार आणावे.",mr,unknown,male
009485.wav,त्याचे ते शब्द कानात एखाद्या बाणासारखे घुसत होते.,mr,unknown,male
003049.wav,"याच्या दमदार चालीचा डौल पाहता, एखाद्या सार्वभौम राजाचे वाहन होण्यास साजेसा आहे!",mr,unknown,female
004098.wav,त्यावेळेस ब्रिगेड चालवत असलेल्या बालवाडीत मी नोकरी करत होते.,mr,unknown,female
006746.wav,"ही बुडवणी केल्यामुळे कोलेस्ट्रोट्रिकम, रायझोक्‍टोनिया, बॉट्रिओडिप्लोडिया आणि ऍस्परजीअस या बुरशीमुळे होणारी फळाची कूजही नियंत्रणात येते.",mr,unknown,male
008376.wav,"सकाळच्या वेळी फुलांचे हृदय, भीतीने कापत असते, आपली मान मुरगळण्यास कोण खाटीक येतो, इकडे त्यांचे लक्ष असते.",mr,unknown,male
004514.wav,तूर्त तरी माझ्या समस्यांचे समाधान मला मिळाले.,mr,unknown,female
009887.wav,"जबाला विचारात पडली, छोट्या सत्यकामाला इतक्या लांब ठेवायचे?",mr,unknown,male
008770.wav,शाळेच्या स्नेहसम्मेलनात सीमाला परीची भूमिका करायची होती म्हणून तिच्या आईने खास निळा फ्रॉक आणला होता.,mr,unknown,male
006484.wav,फोंडा अग्निशामक दलाला पाचारण केल्यानंतर या इसमाची लिफ्टमधून सुटका झाली.,mr,unknown,male
005876.wav,आता मात्र हॉस्पिटलमधील वातावरण निरागस झाले.,mr,unknown,male
001202.wav,"मी निर्दोष होत आहे, हळूहळू उन्नत होत आहे, ही ज्याला जाणीव आहे, तो मोठाच होत आहे.",mr,unknown,female
006757.wav,ग्लायडरसारख्या दिसणाऱ्या हलक्‍या विमानातून त्यांनी सात मार्चला लंडनच्या विमानतळावरून उड्डाण केले.,mr,unknown,male
008822.wav,भुवनने चक्क मोठी सायकल चालवून बघितली.,mr,unknown,male
007238.wav,त्याप्रमाणे ती मुले एकेक काठी घेऊन आली.,mr,unknown,male
002849.wav,आपल्या बायकोमुलांबरोबर तो मोठ्या सुखांत आयुष्य घालवत होता.,mr,unknown,female
008709.wav,मोंटू तू आमची नीट काळजी न घेतल्यामुळे बघ काय झाले.,mr,unknown,male
010325.wav,सकाळच्या वेळी पाखरांना अंगणात नीवार धान्य टाकताना व हरणांना हिरवा चारा घालताना ऋषिपत्नीस मोठा आनंद होत असे.,mr,unknown,female
008982.wav,विश्वासघातासारखा जगात दुसरा भयंकर गुन्हा नाही.,mr,unknown,male
000652.wav,एकदा कक्षीवान ऋषी प्रियमेध नावाच्या ऋषीकडे गेला.,mr,unknown,female
003001.wav,त्यामुळे वापरात नव्हते म्हणून थोडे फिक्के पडले होते.,mr,unknown,female
002904.wav,मी माझे डोळे घट्ट बंद केले.,mr,unknown,female
004640.wav,यांनीच ताटकेचा वध करून माझा यज्ञ निर्विघ्न पार पाडण्यास मदत केली.,mr,unknown,male
010759.wav,पण सीमाने मात्र समजूदारपणे तिचा फ्रॉक काहीही तक्रार न करता घालायला दिला.,mr,unknown,female
003483.wav,मानववंश इजिप्तमधल्या नाईल नदीच्या खो-यापर्यंत जायला लक्षावधी वर्षे लागली.,mr,unknown,female
000484.wav,तसेच गंगाद्वाराजवळ आनंद नावाच्या उपवनात स्वत: नारदमुनींनी पहिला भागवतसप्ताह केला.,mr,unknown,female
008049.wav,व्यापारी लोकांचे हिशोबाचे नवीन वर्ष लक्ष्मीपूजनानंतर सुरू होते.,mr,unknown,male
008186.wav,बहुळा नदीच्या तीरावर सायगाव म्हणून एक गाव होतं.,mr,unknown,male
003774.wav,प्राचीन काळी विदर्भामध्ये कौंडिण्य नावाचे एक शहर होते.,mr,unknown,female
009044.wav,तेवढयात तेथून एक बैलगाडी जाताना त्याला दिसली.,mr,unknown,male
010118.wav,निरांजनाने ओवाळून केळीच्या पानावर पुरणपोळी वगैरे पदार्थ वाढून गाईला खाऊ घालतात.,mr,unknown,male
010236.wav,ते दु:खाचे वस्त्र पांघरून मनू घरी कोपर्यात बसे विनू येई तेव्हा मात्र तो जरासा हसे.,mr,unknown,female
004719.wav,धर्मभृत मुनींनी ही कथा सांगितल्यावर राम लक्ष्मण सीतेसह आश्रमांत येऊन पोचले.,mr,unknown,male
010769.wav,भुवन त्या मुलांपासून अलिप्त राहत असे त्यामुळे वर्गातली मुले त्याच्याशी बोलायला उत्सुक नसत.,mr,unknown,female
010938.wav,"ते ऐकल्यावर संतापून झाड म्हणाले, किती कृतघ्न रे तूं ! तापलेल्या उन्हातून इथे आलास तो माझा आसरा घेण्यासाठी.",mr,unknown,female
000048.wav,"त्यांना प्रश्न पडतो, रथातील देवाला दुसऱ्या गावाला कसे पोहोचवायचे ?",mr,unknown,female
005181.wav,हे तर खूपच मोठे आणि प्रशस्त आहे.,mr,unknown,male
000040.wav,"वडिलांनी त्या पाच काठ्यांची एका दोरीने मोळी बांधली, आणि प्रत्येकाला ती मोडायला सांगितली.",mr,unknown,female
008138.wav,"आता मात्र कामाच्या वेळा, धावपळ, स्पर्धेच्या युगात रात्री एकत्र जेवणे तसे अवघडच आहे.",mr,unknown,male
004217.wav,"मला तर आपली कॉलनी एकदम प्रेमळ, सोज्वळ, गुण्यागोविंदानं रहाणारी वगैरे वाटायची.",mr,unknown,female
003594.wav,रक्तातून हा आजार पसरत असल्याने रक्तपेढयांबद्दल कडक कायदे आहेत.,mr,unknown,female
009074.wav,वृध्द गृहस्थ हे पहात होता.,mr,unknown,male
003007.wav,त्यांना त्याने थोडा गूळ खायला देऊन प्यायला पाणी दिले.,mr,unknown,female
004348.wav,"कोल्हाट्याचं पोर-किशोर शांताबाई काळे, कृष्णाकांठ-यशवंतराव चव्हाण, हीपण चांगली आहेत आत्मचरित्रे.",mr,unknown,female
008938.wav,"इतकेच नाही, तर वा-याने जेंव्हा अधिक उग्र स्वरूप धारण केले, तेंव्हा तर त्या माणसाने आणखी एक वस्त्र आपल्या अंगाभोवती लपेटून घेतले.",mr,unknown,male
006248.wav,मराठी माणूस डोंबिवलीबोरीवली पर्यंत मागे हटला.,mr,unknown,male
007040.wav,गेल्या दोन वर्षात माजलेल्या बजबजपुरीमुळे विकास खुंटला आहे.,mr,unknown,male
010854.wav,एका गावाच्या बाजूला एक मोठा डोंगर होता.,mr,unknown,female
002146.wav,"टप् टप् पाऊस पडू लागला, झाडे भिजली, जमिनीवरून धो धो पाणी वहायला लागलं.",mr,unknown,female
004830.wav,विघ्नेश्‍वराला आपल्या पोटाशी धरून त्याचे डोळे पुसत ती म्हणाली.,mr,unknown,male
004618.wav,तेवढ्यात एका भिल्लाने त्या नरावर आपला बाण सोडला.,mr,unknown,male
004476.wav,ती गाणी त्यांनी गुजराथी लिपीमधे लिहून ठेवली होती.,mr,unknown,female
001374.wav,काही दिवसांनी चौकशी केल्यावर देवाच्या लक्षात आले की माणसांना संपूर्ण अंधाराची खूपच गैरसोय होते आहे.,mr,unknown,female
008963.wav,दूरदूर विस्तारलेल्या झाडाच्या फांद्यांमुळे तिथे बराच गारवा होता.,mr,unknown,male
004099.wav,महत्प्रयासाने जमविलेल्या पौर्णिमेच्या त्या बेताचे अमावस्येत रुपांतर झाले होते.,mr,unknown,female
005858.wav,"विशेषतः विकसित जिल्ह्यांमध्ये म्हणजेच पुणे, सातारा, सांगली, कोल्हापूर या जिल्ह्यांमध्ये हे प्रमाण अधिक चिंताजनक आहे.",mr,unknown,male
007551.wav,तिला एक जटील नावाचा मुलगा होता.,mr,unknown,male
005503.wav,सर्वस्व देण्याचं वचन देणारा तू अंधुक दिसू लागलास,mr,unknown,male
007380.wav,कसाबसा तो त्यातून सावरला आणि बाहेर येउन त्या मुलावर जोरात खेकसला.,mr,unknown,male
010527.wav,या राज्याच्या जुलमी राजाला ताळ्यावर आणण्यासाठी मी माझे प्राणही पणाला लावीन.,mr,unknown,female
010740.wav,आठवडयाभराने नीनाचा वाढदिवस होता.,mr,unknown,female
009624.wav,"बरोबर घोडा आहे, तरीही आपले पायीच चालले आहेत.",mr,unknown,male
005993.wav,या सर्व विषयत इंग्रजी हाही विषय हवा व तो मराठीतून शिकवावा एवढीच माझी आग्रहाची सूचना आहे.,mr,unknown,male
010070.wav,"ईश्वरदर्शनाने प्रल्हादाचा अहंकार गळाला, तो शांत, सुखी, समाधीस्थित झाला.",mr,unknown,male
006577.wav,पालकमंत्री छगन भुजबळ यांच्यासह गोखले परिवाराच्या उपस्थितीत हा कार्यक्रम होईल.,mr,unknown,male
008448.wav,"परंतु आपण चांगलेच आठवले व ते सांगितले, तर आपण निर्दोष आहोत, असा अहंकारही जडावयाचा.",mr,unknown,male
001143.wav,"एक दिवस रात्रीची वेळ झाली होती, मतंग ऋषींची सायंसंध्या केव्हाच आटपली होती.",mr,unknown,female
004630.wav,सकाळी उठल्यावर स्नानसंध्यादि दैनंदिन नित्यकर्मे आटोपून त्यांनी विश्वामित्र ऋषींना वाकून नमस्कार केला.,mr,unknown,male
006463.wav,यशवंती कुत्र्याने मजगाव तिठ्यापर्यंत त्यांचा माग काढला.,mr,unknown,male
007093.wav,यावेळी मुख्यमंत्र्यांनी राऊत भगिनींना प्रत्येकी पाच लाख रुपये देण्याची घोषणा केली.,mr,unknown,male
006761.wav,शिवाय सभासदांकडूनही थकबाकी भरण्याला उत्स्फूर्त प्रतिसाद मिळाला.,mr,unknown,male
008433.wav,"आईबापांनी, शेजा-यांनी, गुरूजींनी-सर्वांनी लहान मुलांचा विकास सदैव डोळयांसमोर ठेवून त्यांच्याजवळ वागावे.",mr,unknown,male
002808.wav,"तिच्या तोंडातून एक पाण्याची लाट फुटली, आणि मी डोळेच मिटले.",mr,unknown,female
006264.wav,दोन हजार साली पाला नारायणन नायर यांना मिळाला.,mr,unknown,male
006751.wav,"भैय्यानं आपल्याला चुना लावल्याचं आपल्या मित्रमंडळींना, आप्तेष्ट नातेवाईक, हितचिंतकांच्या कानावर जायला वेळ लागत नाही.",mr,unknown,male
003756.wav,तापीच्या खोऱ्यात त्यांच्या वसाहतींचे अधिकांश केंद्रीकरण झालेले दिसते.,mr,unknown,female
006841.wav,एकीकडे त्यांनी आतापर्यंत वेगवेगळ्या स्केलच्या चाळीस- पन्नास बासरींचे कलेक्‍शन केले आहेत.,mr,unknown,male
004177.wav,उगाच आमच्या मुळे त्यांचे वयैक्तिक व्यावसायिक संबंध बिघडायला नको.,mr,unknown,female
002920.wav,काशीनगरींत मंदमती नांवाचा आणखी एक व्यापारी राहात होता.,mr,unknown,female
008881.wav,"टीनाला गौरीच्या चांगूलपणाची जाणीव झाली, तिने गौरीचे आभार मानले.",mr,unknown,male
006537.wav,ठाण्यातील पोखरण रोडवर सर्वाधिक लांबीची इमारत !,mr,unknown,male
000853.wav,पाडवा हा साडेतीन मुहूर्तांपैकी एक मुहूर्त आहे.,mr,unknown,female
010252.wav,"मनूला काही समजेना, तो वेड्याप्रमाणे बघू लागला.",mr,unknown,female
003288.wav,अशा डायोड पासून विद्युत प्रकाश मिळवता येतो हे तंत्रज्ञान अलिकडे प्रगत झाले आहे.,mr,unknown,female
009442.wav,"म्हणून देवाला विसरू नये, अहंरहित रहावे, सर्व मानसन्मान देवाचरणी अर्पण करावेत.",mr,unknown,male
008911.wav,"झाडं म्हणाली, अरे डोंगरा, तुझ्यामुळेच तर आम्ही आहोत, आम्ही आमच्या मुळांनी तुला असं घट्ट धरून ठेवलंय की तुझी झीज होणारच नाही !",mr,unknown,male
010744.wav,शाळेच्या स्नेहसम्मेलनात सीमाला परीची भूमिका करायची होती म्हणून तिच्या आईने खास निळा फ्रॉक आणला होता.,mr,unknown,female
008149.wav,"अनेकदा आपल्या घरातल्या रीतीरिवाज, परंपरा यांची माहिती मुलांना देण्यासाठी हे सहभोजन उत्तम ठरते.",mr,unknown,male
009975.wav,ते सर्व दाणे संपेपर्यंत त्याला आयुष्य दिलेले होते.,mr,unknown,male
005083.wav,तू या सीमांच्या पार पलिकडे जात आहेस.,mr,unknown,male
008210.wav,"असे काही दिवस गेले, एकदा काय झाले, त्या गावात एक परका पाहुणा आला.",mr,unknown,male
007515.wav,उद्यापासून तुझ्या वेळेप्रमाणे मी राजवाड्यात येईन.,mr,unknown,male
004330.wav,प्रिव्हेंशन इज बेटर दॅन क्युअर असे म्हणुन घ्यायला काहीच हरकत नाही.,mr,unknown,female
000563.wav,दिवसभर काबाडकष्ट करून जबाला आपले व आपल्या आवडत्या मुलाचे पोट भरत असे.,mr,unknown,female
005050.wav,त्याच्या आईखेरीज त्याला इतरांची कुणाचीही भिती वाटत नसे.,mr,unknown,male
009948.wav,हंसाच्या रूपाने तो प्रत्यक्ष सूर्यच बोलत होता.,mr,unknown,male
008012.wav,ह्या दिवसापासून अंगणात रांगोळी काढण्यास सुरूवात करतात.,mr,unknown,male
007337.wav,"आजही स्वातंत्र्यासाठी आम्ही रक्तच देतो, पण आझाद मात्र काश्मीर होतो.",mr,unknown,male
008150.wav,"एखाद्या कुटुंबात तणाव असतात, त्यावरही मात करण्यासाठी असे एकत्र जेवणे खरेच लाभदायक ठरते, असेही निरीक्षण नोंदवले गेले.",mr,unknown,male
003406.wav,चंद्रप्रभावटी महावातविध्वंस महायोगराजगुग्गुळ सुवर्णराजवंगेश्वर यांपैकी योग्य औषधांची निवड केली जाते.,mr,unknown,female
008514.wav,त्या गोसाव्यानं त्या दोन पक्ष्यांच चिवचिवण थोडा वेळ लक्षपूर्वक ऎकल्याचा आव आणला.,mr,unknown,male
004274.wav,पुढच्या उन्हाळ्यात परत बांधवगड-कान्हा आणि जमल्यास पेंच-नागझिरा करायचा विचार आहे.,mr,unknown,female
001069.wav,"या बेटाजवळ मोत्यांच्या खाणी होत्या, सोन्याच्या खाणी होत्या, हे राज्य समृद्ध झाले.",mr,unknown,female
001146.wav,नभोमंडलात दंडकारण्याची शोभा पाहण्यासाठी एकेक तारका येत होती.,mr,unknown,female
010343.wav,"रानटी मनुष्यालाही प्रेम समजते, त्याला मुलेबाळे आवडतात.",mr,unknown,female
006562.wav,दोसर' हा ऋतुपर्ण घोष यांचा हेतुतः कृष्णधवल रंगांत निर्माण केलेला चित्रपट.,mr,unknown,male
007955.wav,"त्यांच्यावर आक्रमण करून गेलेले वैभव मिळवणे अशक्‍य आहे, मग आता भक्तीने त्यांना वश केले पाहिजे.",mr,unknown,male
001982.wav,चाचणीनंतर मनोजच्या डोळयांचं ऑपरेशन अगदी व्यवस्थीत पार पडलं.,mr,unknown,female
000015.wav,"तू मला सोडून गेलास, तर माझे सर्वस्व जाईल.",mr,unknown,female
004537.wav,खरोखर श्री बकंर रॉय आणि अरुणा रॉय ह्यांनि चमत्कार घडवला आहे.,mr,unknown,female
004077.wav,एक कृष्णधवल अर्थातच ब्लॅक अँड व्हाईट फोटोग्राफी स्पर्धा नियम आणि प्रवेशिका,mr,unknown,female
004382.wav,त्या करिता रेडिफमेल अथवा रेडिफ इथल्या मदत समितीकडे विचारणा करावी.,mr,unknown,female
007087.wav,तुम्हाला हमखास ढाण्या वाघाचे दर्शन झाल्याशिवाय राहात नाही.,mr,unknown,male
001884.wav,"आपल्या भारतवर्षामध्ये 'नमोस्तुते व्यास विशालबुध्दे।' असे म्हणून, या दिवशी घरोघरी व्यासपूजा करतात.",mr,unknown,female
000488.wav,"अनेक उपाय करुन भक्ती, मुक्ती, ज्ञान आणि वैराग्य यांच्या कथा सांगून त्यांचे महत्त्व वाढविले.",mr,unknown,female
005359.wav,पहा तरी मी तुमच्यासाठी काय आणलंय ते!,mr,unknown,male
005101.wav,राज्याकडे दुर्लक्ष करून तू उगीच इकडे आपला वेळ वाया दवडतो आहेस.,mr,unknown,male
003216.wav,ही रचना वाऱ्याच्या दिशेवर अवलंबून आहे.,mr,unknown,female
010015.wav,इतक्यात तेथे काळी घोंगडी पांघरलेला एक आडदांड मनुष्य आला.,mr,unknown,male
002859.wav,आपल्या जीवाचीसुद्धां पर्वा न करता तू हे साहस करतो आहेस.,mr,unknown,female
010880.wav,"डोंगरावरच्या झाडांना, झ-यांना व रस्त्यांना डोंगराच्या मनातलं कळलं.",mr,unknown,female
007421.wav,तो एक सारखे बें बें करून ओरडत होता.,mr,unknown,male
004094.wav,खांद्याला चिंगुली सैक हीला ट्रेकच्या भाषेत पिट्टू म्हणतात.,mr,unknown,female
002615.wav,त्यांच्या मदतीने त्या नीच पुजारिणीचे तुकडे तुकडे करुन गिधाडांना खायला घालीन तेव्हांच मी शांत होईन.,mr,unknown,female
010873.wav,"लहान लहान झरे मोठे झाले, एकत्र आले की त्यांची नदी होते.",mr,unknown,female
010593.wav,एवढी वर्ष सुप्त असलेली इच्छा पूर्ण होण्याची संधी अशी सहजासहजी चालून येईल असं वाटलं नव्हतं.,mr,unknown,female
009628.wav,कंबन हा तामिळनाडूमधील महाकवी होता.,mr,unknown,male
010102.wav,"नारळापासून तेल काढतात, नारळाला श्रीफळ म्हणतात.",mr,unknown,male
008484.wav,खोत म्हणजे गावचा ठरीव शेतसारा वसूल करून सरकारकडे पाठविणारा बिनपगारी दलाल.,mr,unknown,male
006844.wav,वाहनांच्या सुट्या भागांच्या निर्मिती क्षेत्रात सिद्धेश्‍वर ही पिंपरीचिंचवडमधील अग्रेसर कंपनी आहे.,mr,unknown,male
004978.wav,शिवाजींनी रामदासांच शिष्यत्व पत्करलं त्या जागेचं नाव होतं सिंगनवाडी,mr,unknown,male
010600.wav,मिनू मैना पक्ष्याला प्रथमच इतक्या जवळून पाहत असल्यामुळे जरा सुरुवातीला घाबरली होती.,mr,unknown,female
010444.wav,"आईच्या पोटातच मुळी जीव राहिला, आईशी एकरूप होऊनच जीव बाहेर पडला, जणू तिचाच होऊन बाहेर आला.",mr,unknown,female
000762.wav,"दैत्यांचे सामर्थ्य कमी झाले असून, देव शांत झाले आहेत, त्यांनी दैत्य व मनुष्यांचा द्वेष करणे सोडले आहे.",mr,unknown,female
001184.wav,"त्या वेळेस ऋषी आणखी काही बोलले नाहीत, त्यांनी परभारे भिल्ल राजाला निरोप पाठविला.",mr,unknown,female
004191.wav,राठींच्या हातातील पुष्पगुच्छ डीन यांनी आमदारसाहेबांना देताच टाळ्यांचा कडकडाट झाला.,mr,unknown,female
000266.wav,"त्याने पाहिले, तेव्हा कूत्तन, स्वतःच्या रचलेल्या रामायणाच्या पोथीचा, स्वाहाकार करत होता.",mr,unknown,female
008586.wav,अशा तर्‍हेने पृथ्वीवरचा प्रत्येक दिवस सूर्यासोबत कामात आणि रात्र चन्द्रासोबत आरामात जाऊ लागली.,mr,unknown,male
006131.wav,आणि मनाच्या आल्बममध्ये लाखमोलाची भर पडली.,mr,unknown,male
005034.wav,हिच्या पासून आपले रक्षण केले पाहिजे.,mr,unknown,male
005428.wav,मी महाराजांना भेटून येईपर्यंत तुम्ही इकडेच रहा.,mr,unknown,male
005304.wav,कधीकधी मंत्र्यांच्या सल्ल्यापेक्षा राजगुरुचा विचार योग्य मानला जातो.,mr,unknown,male
005841.wav,महागाईचा भस्मासूर सामान्य माणसाला खूप त्रासदायक झालेला आहे.,mr,unknown,male
000511.wav,"राजाला वाटले की, ऋषीने हे मुद्दाम ढोंग केलेले आहे!",mr,unknown,female
002957.wav,फुनचोकच्या बायकोने दिलेल्या चांग सरबताचा घोट घेऊन त्याने पुढे कहाणी सांगायला सुरवात केली.,mr,unknown,female
001114.wav,"ऋषिपत्नी मला म्हणाली, खरंच, तुमची मुलगी आश्रमात ठेवा, मी तिला शिकवीनसवरीन, पोटच्या मुलीप्रमाणे तिच्यावर प्रेम करीन.",mr,unknown,female
004247.wav,त्यातली शेवटची एखाद्या डोलकर बुधवारकराची तंद्री लागल्यावर खेचायला मस्तच आहे.,mr,unknown,female
009930.wav,"बैल मनुष्यवाणीने म्हणाला, `सत्यकामा !’",mr,unknown,male
004490.wav,मुणगेकर यांनी आपल्यावर वैयक्तिक आकस काढला’ अशी ओरड सुरू केली होती.,mr,unknown,female
002151.wav,चिमणी आतून म्हणाली 'थांब माझ्या बाळाला काजळ-पावडर लावते.,mr,unknown,female
002233.wav,"महात्मन्, या युगांत सकलगुणसंपन्न आणि महापराक्रमी असा एखादा पुरुष आहे कां?",mr,unknown,female
007947.wav,ही प्रवरा गोदावरीला मिळून पुढे पूर्वेकडे सागराला मिळाली.,mr,unknown,male
005520.wav,"फटाफट आंघोळ झाली, नंतर कपडे वगैरे",mr,unknown,male
005313.wav,"मी मनात प्रार्थना करत होतो, की माझे आई-वडील, त्यात असावे, अचानक, मला एक जोराचा, झटका लागला.",mr,unknown,male
000968.wav,"तहान लागते त्या वेळी एकाएकी घटाघट पाणी न पिता थोडे थोडे पाणी प्यावे, असे आयुर्वेद सांगतो.",mr,unknown,female
000622.wav,बैलाच्या रूपाने तो प्रत्यक्ष वायुदेवच बोलत होता.,mr,unknown,female
005951.wav,"आता तर इंग्रजीसारख्या भाषेशिवाय आणखी एखादी भाषा जगात असू शाकते, यावर या मंडळींचा विश्वासच नाही.",mr,unknown,male
005067.wav,त्याने आपली व्यथा अंगद नावाच्या मुनीला सांगितली.,mr,unknown,male
006838.wav,इच्छुक उमेदवार एक यादी खरेदी करून तिच्या झेरॉक्‍स प्रती काढत आहे.,mr,unknown,male
010035.wav,"तेव्हा ते सांगू लागले, राजा, पूर्वी देव व दैत्य यांनी समुद्रमंथन करून अमृत व इतर रत्ने काढायचे ठरवले.",mr,unknown,male
007883.wav,साकमश्वाला जेव्हा `साम' स्फुरले व त्याने ते म्हटले तेव्हा त्याला `सामा'चे तेज कळून चुकले.,mr,unknown,male
008722.wav,"तिचे गाव शांत, सुंदर आणि समुद्राकाठी वसलेले होते.",mr,unknown,male
001502.wav,मोंटू तू आमची नीट काळजी न घेतल्यामुळे बघ काय झाले.,mr,unknown,female
009560.wav,"इथे अतिशय उच्चशिक्षित लोकांना सुद्धा नोकरी मिळणे अवघड आहे, तसेच तुम्ही तर एका गुंडा सारखे दिसता.",mr,unknown,male
001567.wav,त्यांनी परोपरीने नीनाला समजावून सांगितले पण काही उपयोग झाला नाही.,mr,unknown,female
003335.wav,अल्बर्ट अब्राहाम मायकेलसन अल्बर्ट अब्राहाम मायकेलसन,mr,unknown,female
010802.wav,भुवन परीचे म्हणणे ऐकून स्वप्नातच मान डोलवत होता.,mr,unknown,female
009885.wav,"सत्यकाम आठ वर्षांचा होताच आईला म्हणाला, आई, मी आता जातो अरण्यात शिकायला.",mr,unknown,male
002754.wav,जवळ जवळ शंभर वर्षांपूर्वी नर्मदा नदीच्या काठाजवळील जंगलात आदिवासी लोक राहात होते.,mr,unknown,female
003738.wav,केवल आणि रूद्र-नरसिंहाच्या मंदिरात यापेक्षा विकसित विन्यास आढळतो.,mr,unknown,female
009135.wav,"मी तुम्हाला आदराने वंदन केले, पर्णकुटीच्या मागील परसात घेऊन गेलो.",mr,unknown,male
002869.wav,ते काय होते ते बघायची माझी हिंमत झाली नाही.,mr,unknown,female
010530.wav,गोसाव्याने त्याप्रमाणे वागण्याचे वचन देताच प्रधान तिथून निघून गेला.,mr,unknown,female
004467.wav,सांगलीतील बुद्धिबळपटू-मार्गदर्शक-कार्यकर्ते असे ज्येष्ठ भाउसाहेब पडसलगीकरांचे आज सकाळी निधन झाले.,mr,unknown,female
010654.wav,"चिनू आज मला तुझी मदत हवी आहे, मटार सोलून दे बरं, बाबा पोळया लाटता लाटता म्हणाले.",mr,unknown,female
004506.wav,"एक त्या गट्ट्याला काय सांभाळतेयं, देश सांभाळल्याच्या थाटात बोलतेस ?",mr,unknown,female
001251.wav,"वाळवंटातील झरा अधिकच सुंदर व पवित्र वाटतो, अंधारात एक किरणही आशा देतो.",mr,unknown,female
003285.wav,डी दिव्यांच्या वापरातून कोणत्याही प्रकारची उष्णता बाहेर पडत नसल्याने त्याचा अंतिम परिणाम वातानुकूल यंत्रांच्या वापरातील ऊर्जाबचतीमध्ये होऊ शकेल.,mr,unknown,female
004890.wav,नंतर तो मधून मधून देवांच्या बाजूने हात लावून ओढी.,mr,unknown,male
006301.wav,पत्नी कमाल आहे तुमच्या अविचारीपणाची त्या लेकरावर कशाला उगाच चोरीचा खोटा आळ घेता,mr,unknown,male
009260.wav,महाभारताच्या शांतीपर्वातील ही गोष्ट.,mr,unknown,male
005398.wav,त्यानंतर त्याने आपल्या संपत्तीचा अर्धा वाटा म्हणजे चाळीस कोटी वराह आपल्या मित्राला दिले.,mr,unknown,male
009052.wav,विजयी झालेला दुसरा कोंबडा एका उंच भिंतीवर दिमाखाने चढला व अगदी उच्च स्वरात त्याने आपण जिंकल्याच्या आनंदात एक ललकारी मारली.,mr,unknown,male
003681.wav,पुतळा बारवेत एका ठिकाणी ठळकपणे मच्छिंद्रनाथांची प्रतिमा बसविली आहे.,mr,unknown,female
005728.wav,"पुण्य माझे मीच आता, बाटवाया लागलो.",mr,unknown,male
003298.wav,या शोधानंतर अंकगणितांतील नियम रचले गेले.,mr,unknown,female
001759.wav,"ते ऐकल्यावर संतापून झाड म्हणाले, किती कृतघ्न रे तूं ! तापलेल्या उन्हातून इथे आलास तो माझा आसरा घेण्यासाठी.",mr,unknown,female
000775.wav,जंगल नसले तर हि सगळेजण कुठे जातील?,mr,unknown,female
001580.wav,पण सीमाने मात्र समजूदारपणे तिचा फ्रॉक काहीही तक्रार न करता घालायला दिला.,mr,unknown,female
009232.wav,शेवटी झ-याशिवाय स्वर नाही आणि स्वराशिवाय झरा नाही.,mr,unknown,male
003101.wav,वासुकीची दोरी करून त्याच्या तोंडाकडून धरून ओढू लागले.,mr,unknown,female
000368.wav,"ती ऐकताच तो भीतीने गारठला, काय करावे, हेच त्याला सुचेना.",mr,unknown,female
010830.wav,टीना तिच्या आई-वडिलांची एकुलती एक मुलगी होती म्हणून तिचे सर्व लाड पुरवले जात होते.,mr,unknown,female
000425.wav,"मी तुला ह्या वेळी कोणतं सहाय्य करु, सगळं सांग!",mr,unknown,female
009977.wav,तो मेल्यावर त्याचा मुलगा त्याच्या जागी आला.,mr,unknown,male
003161.wav,यादृष्टीने संत गाडगेबाबा नागरी स्वच्छता अभियान ही अतिशय स्वागतार्ह योजना शासनाने सुरू केली आहे.,mr,unknown,female
002320.wav,मी आपल्या वडिलांजवळ राज्य मागितले नाही किंवा आईजवळ मागितले नाही.,mr,unknown,female
008588.wav,मे महिन्यात सगळेजण आंब्याची मजा लुटतात आणि कोयी मात्र फेकून देतात.,mr,unknown,male
005413.wav,"कोणी हुशार मुलगा असेल, तर तो या मेलेल्या उंदरापासून व्यापाराला सुरवात करील, व शेवटी लग्नसुद्धा करील.",mr,unknown,male
009920.wav,नंतर गौतमांनी सत्यकामाचे मौजीबंधन केले.,mr,unknown,male
009193.wav,पण त्याआधी मला हे सांग सर्वप्रथम तू कुणाला पाहू इच्छितोस?,mr,unknown,male
002021.wav,"ती पण त्याच सांत्वन करू लागली, मग आनंदाच्या अश्रूंचा पूर आला.",mr,unknown,female
006437.wav,उद्‌घाटनानंतर ड्रीमिंग ऑफ स्पेस हा चित्रपट दाखवण्यात आला.,mr,unknown,male
001057.wav,"त्या नदीत तो कितीदा तरी डुंबला असेल, मित्राबरोबर पोहला असेल.",mr,unknown,female
001845.wav,"त्याला पाहाताच, एका गरूडाने त्याच्यावर झेप टाकली व त्याला उचलून तो आकाशात उंच उडाला.",mr,unknown,female
000136.wav,त्यांनाच विचारले तात्या इथे शिवराय कुठे राहतात.,mr,unknown,female
006063.wav,राष्ट्रीय एकात्मता ही केवळ महाराष्ट्रानेच राबवायची गोष्ट नाही.,mr,unknown,male
001916.wav,"धनुष्य, प्रत्यंचा, बाण, माती, तुमची मूर्ती आणि स्वत:ला सुध्दा घडवत राहीलो.",mr,unknown,female
009650.wav,हा स्वाहाकार करायच्या आधी मला बोलायचेस तरी !,mr,unknown,male
001836.wav,तेवढयात तेथून एक बैलगाडी जाताना त्याला दिसली.,mr,unknown,female
006830.wav,त्यांचा जन्म लुम्बिनी इथल्या उद्यानात शालवृक्षाखाली झाला.,mr,unknown,male
005119.wav,इतर दरबार्‍यांप्रमाणे जर तो गप्प बसला असता तर ही परिस्थिती ओढवली नसती.,mr,unknown,male
005274.wav,"बरेच दूर, मला चीनी हत्तीचा हर्षध्वनि ऐकू आला.",mr,unknown,male
007117.wav,नीतिभ्रष्ट लोकांच्या हातात कायदा व न्याय हे क्षुद्र कीटक ठरतात.,mr,unknown,male
005677.wav,माझ्या सोबत असणारे हे जिव्हाळ्याचे प्रश्न.,mr,unknown,male
008449.wav,"मनुष्याला स्वत:चे अध:पतन सांगावयास जशी लाज वाटते, त्याप्रमाणे आपण कसे चढलो व चढत आहोत, हे सांगावयासही लाज वाटते.",mr,unknown,male
009119.wav,तुमचे अस्तित्त्व माझ्या मनात कायम होते.,mr,unknown,male
001119.wav,"शुभ दिवशी त्या भिल्ल राजाने शबरीस बरोबर घेतले, तिला पालखीत बसविले आणि मतंग ऋषींच्या आश्रमात आणून सोडले.",mr,unknown,female
007383.wav,उगाच कोणाचाही सल्ला ऐकण्याआधी त्यांना खरोखरच काही माहीती आहे का ते जाणुन घ्या.,mr,unknown,male
007811.wav,जो खरे बोलतो त्याला मी ब्राह्मणच समजतो.,mr,unknown,male
006985.wav,विनय गाडगीळ / सकाळ वृत्तसेवा,mr,unknown,male
006308.wav,"त्यांच्याकडे बोट दाखवून राजाने त्या गोसाव्याला विचारल, बैरागीबुवा हे दोन पक्षी एकमेकांशी काय बोलत आहेत हो",mr,unknown,male
005509.wav,"वैराण जिंदगीचे गीत, सांगु कसे कुणाला",mr,unknown,male
006445.wav,"त्यानंतर सभागृहनेते मकबूल मोहोळकर यांनी, कत्तलखाना उभारणीबाबतचे प्रकरण न्यायप्रविष्ठ आहे.",mr,unknown,male
004113.wav,"थोड्या वर्षांच्या फरकानेही फॅब्रिकच्या पोतामधे, रंगामधे कधी कधी फरक पडू शकतो.",mr,unknown,female
006927.wav,"त्या त्यांच्या उपद्‌व्यापात तर त्या हत्तीला तडे गेले, त्याचे तुकडे पडले.",mr,unknown,male
001512.wav,"अरे म्हणजे हे फक्त स्वप्न होते तर, मोंटूला अगदी हुश्श झाले.",mr,unknown,female
000896.wav,निसर्गाला जखमी करून मानवाला कसे काय जगता येईल ?,mr,unknown,female
004705.wav,पण चौदा वर्षे लोटल्यानंतर देखील जर तू परत आला नाहीस तर अग्निप्रवेश करीन.,mr,unknown,male
005917.wav,"दहासहा ऑफ़िसमध्ये काम करणारी स्त्री सगळ्यानांच खुप सुखी, आनंदी वाटते.",mr,unknown,male
003884.wav,त्यांनी संन्यासी स्वयंसेवकांची पथके निर्माण केली.,mr,unknown,female
001781.wav,"जो धनी आपल्याबरोबर श्रम करणा-या बैलांनाही शिल्लक ठेवण्यास तयार नाही, तो भुकेने पिसाळल्यावर अखेर आपल्यावर देखील हात टाकणार नाही, याची शाश्वती कोणी सांगावी.",mr,unknown,female
004451.wav,एका अर्थाने चित्रपट प्रदर्शित होण्याच्या अगोदरच त्याचे सर्वांगिण परिक्षण.,mr,unknown,female
008823.wav,"थोडयाच वेळात भुवन सार्‍या मुलांबरोबर खेळत होता, मस्ती करत होता, हसत खिदळत होता.",mr,unknown,male
003461.wav,साथीच्या विषाणूंमुळे येणारा मेंदूज्वर एका विशिष्ट डासामार्फत क्युलेक्स पसरतो.,mr,unknown,female
003018.wav,"कांही कुत्री राजाच्या शिपायांच्या हातून निसटून स्मशानात बोधिसत्व रहात होते तेथे गेली व म्हणाली,.",mr,unknown,female
004608.wav,"परवेझ मुशर्रफ हा हुशार, मुत्सद्दी होता.",mr,unknown,female
003990.wav,"महाराष्ट्रात एकनाथ, कृष्णदास मुद्गल, श्रीसमर्थ आदि संतकवींनी मराठी जनतेस रामायण चालविले आहे.",mr,unknown,female
010481.wav,"श्यामचा प्रेमळ मित्र राम म्हणाला, आपण का एकमेकांना परके आहोत, तू व आम्ही अद्यापि एकरूप नाही का झालो.",mr,unknown,female
007195.wav,"प्रभाग पाच संतोष पॅट्रिक रिबेलो एक शे त्रेहात्तर, आग्नेलो नेस्तादियो फर्नांडिस एक शे पंचवीस.",mr,unknown,male
007952.wav,"पाताळाचा राजा हिरण्यकश्‍यपू फार उद्दाम झाला, तेव्हा नृसिंहावतार घेऊन विष्णूंनी त्याला मारले, इतर दैत्य घाबरून गेले.",mr,unknown,male
010056.wav,"प्रवरा व गोदावरीच्या संगमावर राहूच्या धडावर मोहिनी बसलेली आहे, तिला म्हाळसा म्हणतात.",mr,unknown,male
000544.wav,शमीक ऋषींच्या आश्रमातून गेल्यावर परिक्षिती राजा वेगाने आपल्या राजधानीत पोचला.,mr,unknown,female
005763.wav,स्त्री स्वतःचे रक्षण करण्यास समर्थ असली पाहिजे.,mr,unknown,male
006532.wav,स्पेशियो गोल्ड प्लसला तीन लिटरचे टर्बोचार्ज डिझेल इंजिन बसविण्यात आले आहे.,mr,unknown,male
003541.wav,वैद्यकीय खर्चापोटी चीजवस्तू विकणे आणि कर्जे काढणे ही सामान्य बाब आहे.,mr,unknown,female
004846.wav,"तसं असेल तर, वामनावतार धारण केल्यावर बलीचक्रवर्तीला पाताळात घुसेपर्यंत पावलांनी दाबशील बरे",mr,unknown,male
003520.wav,सर्व दारूंमध्ये एथिल अल्कोहोल मद्यार्क कमी अधिक प्रमाणात असते.,mr,unknown,female
000583.wav,"जबाला अश्रू गाळीत म्हणाली, `बाळ सत्यकामा, मी तरुण असताना निरनिराळ्या घरी दासी म्हणून नोकरी करीत हिंडत असे, त्यातच केव्हा तरी तुझा जन्म झाला.",mr,unknown,female
001808.wav,"त्यातच एक माकडीण होती, तिच्या हातांच्या झुल्यात ती आपले चिमुकले पिलू झुलवत होती.",mr,unknown,female
001719.wav,"भल्यामोठया डोंगराचा इवलासा आनंद झाडांना, झ-यांना व रस्त्यांना समजला, कसं कुणास ठाऊक, पण गावातल्या मुलांना पण कळला.",mr,unknown,female
009569.wav,कृपया भारत देशाला महाविद्यालया एवढेच महत्व देऊन उच्चशिक्षित लोकांची भरती आपल्या सरकार मध्ये करावी.,mr,unknown,male
000004.wav,"तेव्हा राजाने तिला सांगितले, तू जाऊ शकतेस.",mr,unknown,female
007145.wav,"काहींच्या घरांचे, काहींच्या शेडचे नुकसान झाल्याची माहिती मिळाली.",mr,unknown,male
008656.wav,"आम्ही त्याच्या सेलिब्रेशनची तयारी करत आहोत, आदितीने समजूत काढली.",mr,unknown,male
008972.wav,तेवढयात एक काटेरी झुडुप त्याच्याजवळून वाहत चाललेले त्याला दिसले.,mr,unknown,male
010705.wav,त्या दिवशी रात्री मिताच्या आईला अस्वस्थ करणारे स्वप्न पडले.,mr,unknown,female
006662.wav,केंद्राचे विद्यावेत्ता डॉक्टर विश्‍वास भेंडाळे यांनी आभार मानले.,mr,unknown,male
002460.wav,"गंगाभवानी, तुला पवित्र करण्यास पार्वती येत आहे.",mr,unknown,female
000440.wav,"नंतर आम्ही महाराष्ट्र प्रांतात फिरलो, तिथं मात्र आमचे दिवस बरे गेले.",mr,unknown,female
004380.wav,वेरायझनला स्वीच केल्यापासून अमेरिकन चॅनल्स बघितलीच जात नाहीत फारशी.,mr,unknown,female
002523.wav,तिथे कौसल्या व कैकयीस ते क्षीर-पात्र दिले आणि खीर अर्धी-अर्धी वांटून घ्यायला सांगितले.,mr,unknown,female
008582.wav,गैरसोय होत असल्यामुळे त्यांना थोडातरी प्रकाश पाहीजे.,mr,unknown,male
010153.wav,या दिवशी बळी पाताळात गाडला गेला.,mr,unknown,male
006142.wav,"मला दिपू चित्रे, अरुण म्हात्रे होता येत नाही याचं दुःख आहे.",mr,unknown,male
008922.wav,"रस्ता डोंगराला म्हणाला, अरे डोंगरा, आम्ही, तुझ्यावरच चालतो, तुझ्यातूनच वळतो, त्यातुनच वाट काढतो आणि वाटसरूंना वाट दाखवितो.",mr,unknown,male
003956.wav,नंतरच्या चाळिस वर्षात वाडिया पुत्रपौत्रांनी ह्या गोद्यांची देखभाल व आवश्यकतेनुसार विस्तार करण्याचे काम केले.,mr,unknown,female
000089.wav,"डोळ्यांवरचा हाथ अलगद सरकला, ती व्यक्ती दृष्टीक्षेपात आली.",mr,unknown,female
009434.wav,"मार्गाने जातांना गाढव विचार करते, आत्तापर्यंत कधी मिळाले नाही, ते राजवैभव मला आज कसे काय मिळत आहे.",mr,unknown,male
002125.wav,गौतम मात्र जेथे चणे टाकले होते नित्य नियमाने पाणी देत असे.,mr,unknown,female
009631.wav,"कंबन रामायण रचतो आहे, हे समजल्यावर कूत्तनलाही स्फूर्ती आली.",mr,unknown,male
001278.wav,सरकारी शेतसा-याच्या जवळजवळ चौथा हिस्सा खोताला फायदा असतो.,mr,unknown,female
003910.wav,पण जाऊदे राघवेंधला संगळं माहीत आहे.,mr,unknown,female
009960.wav,गुरुमुखाखेरीज सर्व विद्या व्यर्थ आहे असे मी ऐकतो.’,mr,unknown,male
006578.wav,शाफ्टचे काम अर्धवटच असताना योजनेची क्षमता दुपट केल्याने त्याला गळती लागली.,mr,unknown,male
005363.wav,पिंजरा घेऊन तो डोंगरापलीकडच्या गुहेत आपल्या घरी गेला.,mr,unknown,male
008794.wav,बंगलोरच्या शाळेचे मित्र अत्यंत स्मार्ट होते.,mr,unknown,male
005401.wav,एकाच वेळी माल विकायचा असला तर दाम कमी करावा लागेल.,mr,unknown,male
008340.wav,दूर्वांकुरांनी गुंफून तिने हार करावेत व आश्रमाच्या दारांवर त्यांची तोरणे करुन लावावीत.,mr,unknown,male
008147.wav,"अनेक पालक जेवणाच्या वेळी मुले असली की, अधिक मोकळेपणाने वागतात.",mr,unknown,male
009904.wav,सत्यकाम भीतभीत पुढे आला.,mr,unknown,male
002909.wav,दुर्भाग्याने वाइटाचे अनेक रुप असतात आणि हे बोलत बोलत चुप होऊन तो अंतरिक्ष यानाकडे बघु लागला.,mr,unknown,female
001794.wav,"इथल्या देवाला प्रत्यक्ष त्याच्याच देवळातल्या मौल्यवान वस्तू कोणी चोरल्या ते शोधून काढता येत नाही, तर माझं फावडं चोरणारा चोर, देव कसा काय शोधून काढेल?",mr,unknown,female
010620.wav,थोडया वेळाने मिठू खिडकीतून दूर उडून गेली.,mr,unknown,female
001972.wav,"हे सारं कळल्यावर मुख्याध्यापकांना रहावलं नाही, त्यांनी कशाचा तरी मनाशी निश्चय केला.",mr,unknown,female
004418.wav,"बाकी इंद्रजीत भालेरावांना, आसाराम, महावीर, केशव आणि मंदार यांना विचारायला हवंय.",mr,unknown,female
004599.wav,संत महंत सांगून गेले निर्गुणाच्या भेटी आलो सगुणासंगे.,mr,unknown,female
001663.wav,आता टीना गौरीला रोज गणित शिकवू लागली.,mr,unknown,female
006714.wav,त्यामुळे जीप रस्त्याच्या बाजूला असलेल्या गार्डस्टोनवर आपटली.,mr,unknown,male
003972.wav,पण कोल्हटकरांची खरी ख्याती आहे ती त्यांच्या नाटकातील औत्तरीय किंवा फारसी चालींवरच्या पदांसाठी.,mr,unknown,female
010706.wav,"तिने स्वप्नात पाहिले की समुद्रातले सगळे मासेच संपून गेले आहेत, त्यामुळे त्यांना पैसे मिळणेच कठीण झाले आहे.",mr,unknown,female
010233.wav,पुढे-मागे बहिणीचे लग्न करावे त्यासाठी तो पैसे साठवी.,mr,unknown,female
000901.wav,प्रदूषणामुळे जीवसृष्टीला किती मोठा धोका निर्माण झाला आहे.,mr,unknown,female
007525.wav,त्याची मुलगी वीरमती हिला राजाने स्वतःच्या मुलीप्रमाणे सांभाळले.,mr,unknown,male
000408.wav,"चोर म्हणाले, दोघांच्या खांद्यावर धनुष्य-बाण होते, डोक्यावर मुकुट होता आणि दोघेही तरुण होते.",mr,unknown,female
008599.wav,"पावसामुळे रोपे डोंगरावर वाढतील, मोठे वृक्ष होतील.",mr,unknown,male
009939.wav,वायुदेवाच्या आज्ञेप्रमाणे दुसर्या दिवशी सत्यकाम गायी घेऊन आश्रमाकडे निघाला.,mr,unknown,male
000961.wav,"या सर्वांचा परिणाम शरिराच्या कार्यक्षमतेवर होतो, त्यामुळे वेळेत अन्नग्रहण करणे शारीरिकदृष्ट्या आवश्यक आहे.",mr,unknown,female
008573.wav,"आणखीन खात्री करुन घेण्यासाठी त्याने आपल्या मुलाला घेऊन जाणा-या बाईला विचारले, ह्याचा जन्म कधी झाला.",mr,unknown,male
002426.wav,श्रीमतीने विष्णूचे स्मरण केले त्याबरोबर विष्णु प्रकट झाला.,mr,unknown,female
001499.wav,थोडयावेळाने आवाज अधिक मोठा झाला.,mr,unknown,female
004415.wav,पूर्वी आमच्याकडं एक शिरढोणचा दूधवाला येउन रोज दूध घेउन जात असे.,mr,unknown,female
006366.wav,म्हणून त्याला सजीव जिवाश्‍म असेही म्हटले जाते.,mr,unknown,male
004185.wav,षडज- अरुंधतीने दिलेल्या लिंकवरचा अमीरखाँचा चंद्रकंसातला तराना ऐक प्लीज.,mr,unknown,female
009483.wav,"तिला मला भेटायचं नव्हतच, फक्त माल कसा आहे ते पाहून मग पटवणार होतो.",mr,unknown,male
002086.wav,माझी ती अवस्था आपण पाहिलीत आणि ताबडतोब पाण्यात उडी घेतलीत.,mr,unknown,female
006900.wav,वर्गात वापरावयाचे साहित्य मात्र सहभागींनी स्वतः आणायचे आहे.,mr,unknown,male
007763.wav,त्यायोगे तो पुण्यकारक भागवतसप्ताह सगळ्या लोकांना श्रवण करण्याचे श्रेय लाभले.,mr,unknown,male
002627.wav,भीमही शांत व सालस स्वभावाचा होता.,mr,unknown,female
001609.wav,"केक संपल्याचे भुवनला अजिबात वाईट वाटत नव्हते, उलट बदल म्हणून त्याने कविताने आणलेला दहीभात खाल्ला.",mr,unknown,female
007109.wav,कळवाखारीगाव च्या दरम्यान मनीषानगर नाक्‍याच्या रस्त्यालगत एका इमारतीचे अनधिकृत बांधकाम राजरोस सुरू होते.,mr,unknown,male
007523.wav,त्या वेळी देवगिरीवर मोठा विजयोत्सव साजरा झाला.,mr,unknown,male
007049.wav,जनप्रक्षोभ लक्षात घेऊन पोलिसांनी यासाठी खास पथक स्थापन केले.,mr,unknown,male
000953.wav,शरीरस्वास्थ्य आणि मनस्वास्थ्य हे एकमेकांना पूरकही असतात.,mr,unknown,female
003060.wav,त्याचा परिणाम म्हणून बोधिसत्वाला आपल्या पदाबरोबर धनालाही मुकावे लागले.,mr,unknown,female
003785.wav,हे नवेनवे शोध आणि उपचारपद्धती विविध तऱ्हेच्या असतात.,mr,unknown,female
002715.wav,त्याने महाराजांशी टक्कर दिली आणि विजयदेखील मिळवला.,mr,unknown,female
008841.wav,मुलं तर काय तयारच होती.,mr,unknown,male
002459.wav,अशी नवी म्हण आता रूढ होईल.,mr,unknown,female
006910.wav,"धानी उम्म, अल क्वाईन, गल्फ न्यूज, आखात",mr,unknown,male
000867.wav,या दिवशी बहिणीच्या घरी भाऊ गोडधोड भोजन करतो.,mr,unknown,female
006935.wav,"रेल्वेच्या सूत्रांनी सांगितल, की रेल्वेत पूर्वी लोखंडी बीडाचे ब्रेक असायचे.",mr,unknown,male
000857.wav,"कीर्द खतावणीच्या नवीन वह्या सुरू करण्यापूर्वी वह्यांना हळद-कुंकू, गंध, फूल, अक्षता वाहून पूजा करतात.",mr,unknown,female
002216.wav,या डिचोलीच्या परिसरातच सप्तकोटीश्वराचे मंदिर असल्याने व शिवाजी राजाने ते बांधले आहे,mr,unknown,female
002099.wav,हळूहळू शर्मांजींची शुध्द हरपली व ते रक्ताच्या थारोळयात तसेच पडले.,mr,unknown,female
006000.wav,घरात येणाऱ्या टेलिफोनविजेच्या बिलांवरचे आकडे व मजकूर कॉम्प्युटर छापतो.,mr,unknown,male
009918.wav,दासीपुत्र असलास तरी तू ब्राह्मणच असला पाहिजेस.,mr,unknown,male
010750.wav,"गिफ्ट देण्यासाठी दोघांनीही तिला डोळे बंद करायला सांगितले, नीना खूपच उत्सुक होती.",mr,unknown,female
000132.wav,"म्हटलं छे हो, सरकारच डोक ठिकाणावर नाही.",mr,unknown,female
004853.wav,"आई, छोटा अज्ञानी असू शकेल, पण तात अज्ञानी कसे असतील",mr,unknown,male
005226.wav,तेव्हा ते तुमच्याकडे माझ्याविषयी चौकशी करतील.,mr,unknown,male
007717.wav,मुद्दाम आपला अपमान करण्यासाठी ऋषीने मौन धारण केले आहे!,mr,unknown,male
007022.wav,"ते म्हणाले, एखाद्या नगरसेवकाचे सदस्यत्व रद्द झाले तर, फेरनिवडणूक घेण्याची तरतूद आहे.",mr,unknown,male
000097.wav,प्रत्यक्ष दहा मिनिटं माझ्या पुढे उभी राहून मला एकही शब्द बोलू न देणाऱ्या त्या अनोळखी मुलीला.,mr,unknown,female
004422.wav,आज परत ठिय्या देऊन बसलो आणि जूने फोटो शोधून काढले.,mr,unknown,female
000312.wav,यवन सम्राट बादशहा अल्लाउद्दीनने देवगिरीवर चढाई केली.,mr,unknown,female
008207.wav,परंतु बहीण देवाकडे निघून गेल्यावर मनू फारसे काम करीत नसे.,mr,unknown,male
005062.wav,रत्नगिरी नगरात रत्नगुप्त नावाचा एक महाभाग रहात होता.,mr,unknown,male
009243.wav,साहेबांनी आठ आणे हातावर ठेवले.,mr,unknown,male
000701.wav,"यज्ञ पार पडून ऋषी स्वर्गाला गेले, तेव्हा त्यांच्या सांगण्याप्रमाणे नाभा त्यांच्या गायी गोळा करू लागला.",mr,unknown,female
001704.wav,"कडक उन्हाळयात जेव्हा ऊन तापू लागतं, तेव्हा आम्ही आमची सारी पानं तुझ्यावर अंथरतो आणि आम्ही मात्र निष्पर्ण होऊन उन्हात तापत राहतो अतिशय आनंदाने.",mr,unknown,female
000470.wav,"त्यांच्या कृपाप्रयत्नानं तुम्हा भक्ती, ज्ञान, वैराग्य यांना पुन्हा सुखाचे दिवस येतील.",mr,unknown,female
003567.wav,मागील शतकाच्या सुरुवातीस प्लेगच्या साथींनी जगभर हैदोस घातला होता.,mr,unknown,female
007540.wav,विजेच्या चपळाईने कटीची तीक्ष्ण कट्यार उपसून त्याच्या छातीत खुपसली.,mr,unknown,male
003543.wav,तोंडाने काहीही पाजल्यावर लगेच भडभडून होणारी उलटी किंवा हिरवी उलटी.,mr,unknown,female
004468.wav,बरेचसे वायरमन चपला न घालता ग्लोव न घालता खाम्बावर कामे करतात.,mr,unknown,female
000120.wav,जर असेच काही असेल तर तिला ह्या सर्व प्रकारातून बाहेर काढण्याची जबाबदारी मी नक्की पार पाडेल.,mr,unknown,female
003404.wav,औषधांच्या काम करण्याच्या पध्दतींवरून औषधांचे पुढीलप्रमाणे काही ढोबळ प्रकार पाडलेले आहेत,mr,unknown,female
010900.wav,मग फुलबागेतली फुलं घेऊन मुलांनी तो अख्खा डोंगर फुलांनी सजवला!,mr,unknown,female
006821.wav,हा अपघात गुटूर जिल्हयातील वेणूकोंडा गावात घडला.,mr,unknown,male
008502.wav,त्याने ती हळूच त्या गोसाव्याला सांगितली.,mr,unknown,male
008230.wav,"मनूनेच तो खून केला असावा, असे सर्वांचे मत पडले.",mr,unknown,male
001209.wav,मुलांच्या शिक्षणात जास्तीत जास्त वाटा आईबापांचा असतो व त्यातही आईचा अधिक.,mr,unknown,female
010652.wav,शेवटी काही न खाताच तो चिडून खेळायला गेला.,mr,unknown,female
001459.wav,"त्यानंतर दुपारचे जेवणही आम्हीच करणार आहोत, बाबा आम्हाला पोळ्या करायला मदत करणार आहे.",mr,unknown,female
006930.wav,त्यांच्या पूजा किंवा उपासनेकरिता स्तूप असलेले असे निवांत प्रार्थना मंदिर होते.,mr,unknown,male
008695.wav,मोंटूचे बाबा त्यांच्या ऑफिसच्या कामानिमित्त देशात परदेशात जात असत.,mr,unknown,male
006948.wav,लॉटरी हा गरीब जनतेला एक प्रकारे शाप ठरलेला आहे.,mr,unknown,male
003412.wav,सर्वसाधारणपणे टोकाच्या प्रवृत्तीच्या व्यक्तींकडून समाजातील बदलाची पावले पडू शकतात.,mr,unknown,female
010713.wav,"मिताने त्याबद्दल विचारताच आई म्हणाली, मिता तुझ्या प्रश्नाने आम्हाला विचार करायला भाग पाडले आहे.",mr,unknown,female
002185.wav,"ऑल इंडिया टूल्स कंपनीमध्ये श्री राव, श्री निमकर काम करतात.",mr,unknown,female
004961.wav,आपण हे केवढे घोर पाप करणार आहोत याचा त्याने विचार देखील केला नाही.,mr,unknown,male
006174.wav,राज यांनी शिवसेनेत दुफळी माजवू नये यासाठी बाळासाहेबांनी शेवटपर्यंत शर्थ केली.,mr,unknown,male
000564.wav,जबाला गरीब असूनही फार प्रामाणिक होती.,mr,unknown,female
009045.wav,सापाने आपल्या शत्रूला ठार करण्यासाठी तत्काळ त्या बैलगाडीच्या चाकाखाली आपले डोके ठेवले.,mr,unknown,male
001435.wav,एके दिवशी सकाळी मिनूला खिडकीत ओळखीचा आवाज आला.,mr,unknown,female
002930.wav,"एकदा पिलूशेट राजसभेत जात असतां त्यांची नजर एका मेलेल्या उंदरावर पडली, व ते म्हणाले.",mr,unknown,female
007338.wav,"दुरवर सावरकर दिसले म्हणुन धावलो, म्हटलं तात्या आज जन्माच पुण्य पावलो.",mr,unknown,male
006214.wav,तामिळनाडूने दिल्लीकडे डोळे वटारले की त्यांना हव्या त्या सवलती मिळतात.,mr,unknown,male
005457.wav,"त्याला योग्य प्रशिक्षण देऊन अंबारीचा हत्ती मीच बनविले, प्रभू!",mr,unknown,male
004124.wav,वैद्यसाहेब छानच ठाकुरांच्या इतरही कवितांचे अनुवाद येवुद्यात.,mr,unknown,female
006193.wav,' साऱ्या तोंडपुज्यांनी त्याची दोरी ओढली.,mr,unknown,male
003354.wav,पृथ्वीवर असणाऱ्या कोळसा तेल व नैसर्गिक वायू यांची एकूण साठविलेली ऊर्जा ही वीस दिवसांच्या सूर्यप्रकाशा इतकी आहे.,mr,unknown,female
001161.wav,"ऋषिपत्नी म्हणाली, शबरी, तू फार गुणी आहेस.",mr,unknown,female
005370.wav,राक्षसीणबाईने जेव्हा पातेल्यात पाहिलं तेव्हा तिला पाण्यावर बुडबुडे दिसले.,mr,unknown,male
007257.wav,काही भाविक गाढवावरील देवाला हार घालू लागतात.,mr,unknown,male
003942.wav,"या परिस्थितीमुळे अन्नधान्य आणि तेल, औषधे यासारख्या काही महत्त्वाच्या वस्तू यांची थोडीफार बेगमी करणे आवश्यक असे.",mr,unknown,female
001563.wav,शाळेच्या स्नेहसम्मेलनात सीमाला परीची भूमिका करायची होती म्हणून तिच्या आईने खास निळा फ्रॉक आणला होता.,mr,unknown,female
008354.wav,"शबरी आकाशाकडे पाहून म्हणाली, तात, हे तारे कोठून येतात, काय करतात.",mr,unknown,male
008836.wav,साडे आठला गाडीतच सगळयांनी ब्रेकफास्ट करायचा ठरला.,mr,unknown,male
002499.wav,पण तो ताण सहन न झाल्यामुळे वासुकी आपल्या अनेक तोंडांतून फेसाळ विष ओकूं लागला.,mr,unknown,female
006513.wav,"एसकाळीसीएन इलेक्‍ट्रॉनिक लिमिटेड वागळे इस्टेट, ठाणे हे या कंपनीचे नाव आहे.",mr,unknown,male
001863.wav,त्याला नदी पार करायची होती तेवढयात त्याला घोडयांच्या टापांचा आवाज आला.,mr,unknown,female
000334.wav,"तेव्हा ‘हा देशद्रोही आहे’, असे म्हणून वीरमती चवताळलेल्या वाघिणीसारखी त्याच्या अंगावर धावली.",mr,unknown,female
008597.wav,"काही दिवसांनी कोयीला कोंब फुटतील, त्यातून इवलेसे रोप येईल.",mr,unknown,male
001434.wav,"मिठूची खूपच आठवण येत असे, असेच दिवस चालले होते.",mr,unknown,female
004068.wav,तर या महाग गटगचा हा चक्षुर्वैसत्यम संजयाचे चक्षू वृत्तांत.,mr,unknown,female
009822.wav,"मुनिवर्य डोळे मिटून ध्यानमग्न झाले होते, ते त्या राजाशी काय बोलणार?",mr,unknown,male
004220.wav,"अर्चना हो, जसा आत्ता नुकताच पेन्सिल्व्हेनियाला परफॉर्मन्स झाला.",mr,unknown,female
009024.wav,"तो वाट पाहात होता कि, उंबराची फळे अजून पिकली नाहीत.",mr,unknown,male
000451.wav,नंतर या यमुनाकाठी गोकुळवृंदावनात आम्ही आलो.,mr,unknown,female
002352.wav,नंतर रामाने वनयात्रेस निघण्यापूर्वीं दानधर्म केला.,mr,unknown,female
009415.wav,पुन्हा त्या गृहस्थाने त्या मुलांना तशाच प्रकारची एकेक काठी घेऊन यायला सांगितले.,mr,unknown,male
002190.wav,दोन तेलाला सम शितोष्ण गरम करून नंतर कॉस्टिक सोड्याचे द्रावण मिसळून घ्यावे,mr,unknown,female
001714.wav,"रस्ता डोंगराला म्हणाला, अरे डोंगरा, आम्ही, तुझ्यावरच चालतो, तुझ्यातूनच वळतो, त्यातुनच वाट काढतो आणि वाटसरूंना वाट दाखवितो.",mr,unknown,female
000294.wav,शेवटी राजा अध्यात्म शिकण्यासाठी आत्मानंदांच्या झोपडीत यायला सिद्ध झाला.,mr,unknown,female
009852.wav,म्हणूनच अविचाराने त्याने हे असे क्षुल्लक अपराधाचे कार्य केले असेल!,mr,unknown,male
003548.wav,उपचारानंतरही कधीकधी गुंतागुंत निर्माण होण्याची शक्यता असते.,mr,unknown,female
010367.wav,दूर्वांकुरांनी गुंफून तिने हार करावेत व आश्रमाच्या दारांवर त्यांची तोरणे करुन लावावीत.,mr,unknown,female
009188.wav,निवेदनाला योग्य प्रतिसाद मिळून अवघ्या दोन तीन दिवसात पुरेसा निधी गोळा झाला.,mr,unknown,male
001513.wav,मात्र त्याने निश्चय केला दातांची काळजी घेण्याचा आणि दात घासायला बाथरुम मध्ये पळाला.,mr,unknown,female
003843.wav,देहाच्या चिंध्या बॅगेत भरून त्यांना अग्नी दिल्याचे त्यांना आठवते.,mr,unknown,female
001745.wav,"धनगर मात्र बेसावध होता आणि मुख्य म्हणजे, त्या लांडग्यावर विश्वासून होता.",mr,unknown,female
007950.wav,उपासनेच्या योगाने देवाची कृपा होऊन ज्ञानसंपन्नता कशी येते.,mr,unknown,male
003422.wav,मोतीबिंदू शस्त्रक्रियेत बुबुळाच्या कडेला चीर पाडून भिंगारोपण करून परत शिवले जाते.,mr,unknown,female
006996.wav,शहरातील सायबर कॅफेंच्या संख्येबाबत मात्र महापालिकेकडे नोंद नसल्याचे संबंधित अधिकाऱ्यांनी सांगितले.,mr,unknown,male
005332.wav,आता अगोदर तू पुढे जायचंस की माझ्यामागून यायचंस ते तूच ठरव.,mr,unknown,male
009545.wav,एकदा एका माणसाला त्याच्या घोड्यासमवेत एक नदी पार करायची असते.,mr,unknown,male
006546.wav,सातआठ वर्षांपूर्वी पक्‍क्‍या मालाला मागणी व भावही नव्हते.,mr,unknown,male
009971.wav,माझ्या वंशात पुढे कोणीतरी विद्वान निपजेल आणि तो तुला ह्याचे उत्तर देईल.’,mr,unknown,male
005747.wav,कधी अंधारही प्यावा लागतो बिनबोभाटपणे,mr,unknown,male
005660.wav,तुम्हाला टिव्हीवरच्या टापांचे आवाज ऐकून धापा लागतात आणि मी तर कवितेच्या,mr,unknown,male
005850.wav,आज निवासी जागांच्या किमती आकाशाला भिडल्याने झोपडपट्ट्या सतत वाढत आहेत.,mr,unknown,male
005236.wav,कोणताही विषय तर्काच्या कसोटीला लावून पाहिला पाहिजे.,mr,unknown,male
010685.wav,"हो तूच हे सगळे केलेस, रोज आठ-दहा चॉकलेट्स खायचास, खाल्ल्यावर चूळ भरायचा नाहीस, रात्री दात घासायचा नाहीस, सकाळचे तुझे दात घासणेही घाईचेच असते.",mr,unknown,female
004983.wav,"फार लवकर, सिंकोना झाडाची चमत्कारी औषधीय गुणांची कहाणी त्या क्षेत्रातील जेसूई मिशनरीज मधे फैलावली.",mr,unknown,male
008910.wav,"डोंगरावरची झाडं हसली, सळसळली.",mr,unknown,male
008273.wav,"सृष्टिसुंदरीने वरदहस्त ठेवलेल्या याच प्रदेशात, जनकासारखे राजर्षी जन्मले.",mr,unknown,male
007770.wav,आपल्या मुलाला नेहमी खरे बोलण्यास तिने शिकवले होते.,mr,unknown,male
005701.wav,दारातलं गटार तुंबून मलेरिया होऊन गेलाय.,mr,unknown,male
005492.wav,हा खेळ जवळ जवळ दहा खेळाडूंच्या दोन गटात खेळण्यात येतो.,mr,unknown,male
005260.wav,तुला योग्य मार्गावर आणणं माझं कर्तव्य आहे.,mr,unknown,male
005580.wav,अशा प्रकारे दुखवट्यांचे सत्र संपल्यानंतर जेवनावळ सजते.,mr,unknown,male
001804.wav,"काय हो अश्वराज, त्या वेळच्या त्या घमेंडीत कधी अशी पाळी येईल, असं वाटलं होतं का तुम्हाला.",mr,unknown,female
003209.wav,हे ऊर्जास्त्रोत म्हणजे दगडी कोळसा आणि पेट्रोलियम.,mr,unknown,female
004602.wav,सुचना रिसॉर्ट मधे पाण्यात उतरताना पोहोण्याचा पोषाख असणे आवश्यक आहे.,mr,unknown,female
006974.wav,शिखराचा वरचा भाग ग्रॅनाईट दगडाचा असून तो पूर्ण बर्फाने आच्छादलेला असतो.,mr,unknown,male
010081.wav,"भय, क्रोध, कर्मफळ यापासून विमुक्त होऊन त्याने राज्य केले व शेवटी परमपदाला पोचला.",mr,unknown,male
003858.wav,अनेक जण उच्चारात गफलत करून गोंधळ उडवितात.,mr,unknown,female
008659.wav,आता भारतीयही मातृदिना बरोबरच मदर्स डेही साजरा करतात.,mr,unknown,male
000501.wav,फिरत फिरत राजा परिक्षिती त्या शमीक ऋषींच्या आश्रमात आला.,mr,unknown,female
009235.wav,"आता २१ वर्षाचा झाला, शेठजींना काळजी पडली, याचे कसे होणार साठलेला पैसा किती दिवस पुरेल.",mr,unknown,male
003911.wav,"डोळे बांधलेस तर भिणार नाहींस, नाहीं बांधलेस तर भय वाटेल.",mr,unknown,female
008098.wav,आम्ही निधर्मी भूकंपामागून भूकंप आणि दुष्काळामागून दुष्काळ यांना आमंत्रण देत नाही का ?,mr,unknown,male
005478.wav,एक उथळ खड्डा जमीनीत खणण्यात येतो आणि खेळाचा ध्येय अंटीला ह्या खड्ड्यात टाकण्याचा आहे.,mr,unknown,male
010856.wav,"सुंदर सुवासिक फुलांच्या फुलबागा होत्या, भाज्यांचे मळे होते.",mr,unknown,female
005806.wav,त्यामुळे स्वतःकडेही लक्ष देण्यासाठी त्यांच्याकडे वेळ नाही.,mr,unknown,male
006828.wav,करवंदे डोंगरी भागात गाभुळली व्हायला लागलीत.,mr,unknown,male
007400.wav,"म्हणून मी सांगतो, प्रार्थना, पूजा इत्यादींत काही अर्थ नाही.",mr,unknown,male
007543.wav,तिला त्याच्या पापाचे शासन त्याला करायचे होते.,mr,unknown,male
001806.wav,"एकदा देवांनी जाहीर केले की, सा-या पशूंमध्ये ज्याचे मूल सर्वात सुंदर दिसेल त्याला एक मोठे बक्षिस मिळेल.",mr,unknown,female
000260.wav,"कूत्तन आपले रामायण गायला बसला की, श्रोते नगण्यच असायचे, त्यामुळे कूत्तन हिरमुसला व्हायचा.",mr,unknown,female
008471.wav,माझ्या आईला दोन भाऊ व एक बहीण होती.,mr,unknown,male
002031.wav,दुसर्या दिवशी आईकडून घेतला तिसर्या दिवशी मात्र कोणीही पैसे द्यायचे नाहीत हे उमजल्यावर स्वारी घराबाहेर काम शोधायला निघाली.,mr,unknown,female
002222.wav,पौराणिक काळापासून नाशिक ला धार्मिक स्थळ म्हणून महात्म्य प्राप्त झाले आहे.,mr,unknown,female
010851.wav,टीना आणि गौरीने संपूर्ण शाळा झाडून काढली.,mr,unknown,female
004157.wav,"आऊटडोअर्स मंजिरी, माझा मुक्काम क्षक्षक्ष या गावात असणार आहे.",mr,unknown,female
003892.wav,वेदनेला लडबडालेली काळी फुलं कोण खुडतय,mr,unknown,female
007901.wav,"त्यांना कोणते मंत्र हवे आहेत ते मी तुला शिकवतो, तू जाऊन त्यांचा यज्ञ पुरा कर.",mr,unknown,male
006386.wav,मुंबईच्या अवकळेस मराठी माणूस जबाबदार डॉक्टर केळुस्कर,mr,unknown,male
001285.wav,"त्यामुळे राजाला ताळ्यावर कसं आणावं, हा त्याच्यापुढे प्रश्न पडला.",mr,unknown,female
001042.wav,"हातून पाप झालं तर कदाचित दु:खाच्या लहरीत, उदासीनतेच्या लहरीत, वेडाच्या लहरीत केलं असशील हे पाप.",mr,unknown,female
009557.wav,"एका माणसाने आपला नेहमीचा वेष बदलला, दाढी वाढविली, गळ्यात सोन्याची जाड चेन, हातात ३ जाडजूड अंगठ्या घातल्या.",mr,unknown,male
007529.wav,"विजय मिळाल्यावर अल्लाउद्दीनने त्यास 'देवगिरीचा राजा बनवावे, या अटीवर त्यास देवगिरी गडाचे रहस्य आणि त्यावरील सैन्यबलाची संपूर्ण माहिती दिली.",mr,unknown,male
006450.wav,जागतिक युवक स्नूकर सप्टेंबरमध्ये गोव्यात.,mr,unknown,male
008951.wav,त्या चोरीमध्ये नंतर तो इतर लांडग्यांशी गुपचूप भागीदारी करी.,mr,unknown,male
003458.wav,"मात्र कुपोषण, खुप-यांमुळे आलेल्या अंधत्वावर बुबुळ-कलम शस्त्रक्रिया करावी लागते.",mr,unknown,female
004562.wav,अयूब खान यांचे निकटवर्ती चुंद्रीगार या भूतपूर्व पंतप्रधानांना नेमले.,mr,unknown,female
005441.wav,तू त्याच्या दृष्टीस पडलास तर तो तुला जिवंत सोडणार नाही.,mr,unknown,male
007016.wav,ओक्‍याबोक्‍या नेपथ्यामुळे नाटकाच्या रहस्यास काहीच मदत होत नाही.,mr,unknown,male
010062.wav,"नंतर त्याने विचार केला, देव अतुल पराक्रमी आहेत, त्यांनी माझा पिता व बलाढ्य असुर यांना धुळीस मिळवले.",mr,unknown,male
004768.wav,तेंव्हा मत्स्यावतार धारण केलेला विष्णु म्हणाला .,mr,unknown,male
004605.wav,येथे रशियातील सर्वात लोकप्रीय कवी पुश्कीनचा पुतळा आहे.,mr,unknown,female
010376.wav,ऋषींच्या तोंडून त्या सुंदर कवितांचे विवरण ऐकताना लहानग्या शबरीचेही हृदय भरुन येई.,mr,unknown,female
010419.wav,"तुझी मुलगी आता उपवर झाली आहे, तरी तिला घेऊन घरी जा व तिचा विवाह कर.",mr,unknown,female
007825.wav,"आम्हाला आता आचार्यांकडे नेऊन पोचव, त्यापूर्वी मी तुला थोडे ज्ञान देतो.",mr,unknown,male
002475.wav,गणाधिपत्याच्या पट्टाभिषेका करिता पार्वतीने गणपतीसाठी जरीकाठी पितांबर निवडला.,mr,unknown,female
010687.wav,"दिवसरात्र अडकून बसल्यामुळे आम्हाला किड लागली आहे, आमचा पांढराशुभ्र रंग तर काळाकुट्ट झाला आहे.",mr,unknown,female
001497.wav,एके दिवशी झोपलेला असतांना त्याला कुणाचा तरी रडण्याचा आवाज आला.,mr,unknown,female
008226.wav,"मी कशाला कोणाला मारू, मी आधीच दुःखाने मेलो आहे.",mr,unknown,male
005479.wav,तुमच्या डाव्या हाताची तर्जनीला उजव्या हाताच्या तर्जनी व अंगठ्याच्या सहाय्याने अंटी धरून मागे ओढा.,mr,unknown,male
006793.wav,कुरुलकर राज्य नियोजन मंडळाचे सदस्य.,mr,unknown,male
003102.wav,अश्वसुरा नांवाचे मद्य आणि अशीच रत्ने उद्भवली.,mr,unknown,female
005285.wav,परंतु मुघलांशी शत्रुत्व पत्करण्याएवढी ताकद आपल्यात नाही.,mr,unknown,male
005351.wav,कांचन काही कारणाने चिडली की ती सारा राग तेजीमालावर काढत असे व तिला मार मिळे.,mr,unknown,male
006146.wav,"ते म्हणत, 'मी चांगल्या ग्रंथांच्या घेरावात असेन तर त्यापुढे स्वर्गप्राप्ती सुद्धा तुच्छ आहे.",mr,unknown,male
009559.wav,"नमस्कार, मी विद्यार्थाना अतिशय चांगल शिक्षण देईन, चांगले संस्कार लावेन असे मी आश्वासन देतो, मला नोकरी द्या.",mr,unknown,male
010615.wav,"मिठूची खूपच आठवण येत असे, असेच दिवस चालले होते.",mr,unknown,female
002013.wav,"तिकडे झरा, झाडे, पाने-फुले, पक्षी शांत झाले त्यांच्यातले सौंदर्यच जणू निघून गेले, झ-याचे पाणीच संपले, पाने-फुले वाळली, सर्वत्र उदास भकास वातावरण होते.",mr,unknown,female
005298.wav,एका क्षणासाठी मी उदास झालो अंतरिक्ष यान हळूच जमिनीवर टेकले.,mr,unknown,male
005837.wav,'हिंदूमुस्लिम' आंतरधर्मीय विवाह असल्याने लोकांचा बघण्याचा दृष्टीकोन वेगळा असतो.,mr,unknown,male
007392.wav,"हे ऐकून तो माणूस हसू लागतो, आपला खराखुरा वेष समोर आणून म्हणतो.",mr,unknown,male
005453.wav,"याच्या दमदार चालीचा डौल पाहता, एखाद्या सार्वभौम राजाचे वाहन होण्यास साजेसा आहे!",mr,unknown,male
010284.wav,"जगात देव नाही, धर्म नाही मरता येत नाही म्हणून जगायचे.",mr,unknown,female
009392.wav,"तू मला सोडून गेलास, तर माझे सर्वस्व जाईल.",mr,unknown,male
005550.wav,मी ही आता भगव्या देवदुतांच्या तांड्यात ओढला जातोय,mr,unknown,male
010350.wav,"राणी म्हणाली, मी आपल्या इच्छेविरुद्ध नाही, मनाला कसेसेच वाटते हे खरे, तरी पण मुलीचे कल्याण होईल, तेच केले पाहिजे.",mr,unknown,female
001711.wav,"तुला चांगलं स्वच्छ करतो आणि पुढच्या उन्हाळयासाठी तुझ्यावरच्या विहिरी, तळं भरून ठेवतो.",mr,unknown,female
010902.wav,"तेव्हा डोंगराला मनापासून, अगदी मनातल्या मातीपासून खूप आनंद झाला!",mr,unknown,female
007249.wav,भाविक तो रथ एका गावातून दुसर्‍या गावात वाजत-गाजत नेत असतात.,mr,unknown,male
004935.wav,"हत्ती सोंडेने मगरीला आवळून धरी, तर मगर आपल्या खडबडीत शेपटीने हत्तीला बडवून काढू लागली.",mr,unknown,male
005573.wav,तेव्हा मान्यवर मंडळी पुढाकार घेत जेनरेटर बंद करतात.,mr,unknown,male
003080.wav,"ह्या व्यतिरिक्त आणखी पण नियम आहे, जे या खेळाला जास्त मनोरंजक बनवतात.",mr,unknown,female
006803.wav,गेंड्‌याची कातडी असलेल्या या शासनाला या गोष्टी कधी कळणार?,mr,unknown,male
001984.wav,"सहज गंमत म्हणून डॉक्टरांनी त्याला विचारलं, मनोज, तुला आज नविन दृष्टी मिळणार, यानंतर तू सारी सृष्टी बघणार आहेस.",mr,unknown,female
009337.wav,नित्य नियमाने तो रोपांना पाणी टाकत असे व त्यांची काळजी घेत असे.,mr,unknown,male
002192.wav,व्हावा म्हणून त्यात दोन शे ग्रॅम्स पर्यत हे रसायन मिसळावे.,mr,unknown,female
010862.wav,फक्त पावसाळयातच कोसळणारा पांढराशुभ्र धबधबा होता.,mr,unknown,female
004081.wav,चित्र तीन व्हँकूव्हरला दोन हजार दहा मध्ये होणार्या अपंग ऑलिंपिकचे बोधचिन्ह.,mr,unknown,female
000766.wav,"मग श्रीहरी पाताळात जाऊन पोचले, त्यांनी प्रल्हादाला त्याचे राज्य व देह याचे स्मरण दिले.",mr,unknown,female
008397.wav,"आज दहा बारा वर्षांनी शबरी राजवाड्यात परत आली होती, ती गेली त्या वेळी लहान होती, आज ती नवयौवनसंपन्न झाली होती.",mr,unknown,male
010821.wav,संध्याकाळ होत आल्यामुळे खाली उतरणे आवश्यक होते.,mr,unknown,female
004569.wav,पण इथेही बाबासाहेबांनी घरातील घोंगडीवर बसणेच पसंत केले.,mr,unknown,female
000462.wav,"भगवान श्रीकृष्णांनी द्वापारयुगात भागवत धर्माची जी घडी बसविली होती, ती आता विस्कटून गेली आहे.",mr,unknown,female
007919.wav,नाभाच्या खरे बोलण्यामुळे आणि निर्लोभीपणाने रुद्र संतुष्ट झाला.,mr,unknown,male
010565.wav,तिने त्यासाठी दुधाच्या पिशव्या साठवून त्यात माती आणि शेणखत घालूनच ठेवले होते.,mr,unknown,female
002253.wav,जनकाने श्रद्धा व भक्तिपूर्वक त्या धनुष्याची आजवर पूजा केली.,mr,unknown,female
009974.wav,त्यातून एक एक दाणा काढून तो दर वर्षी फेकून देत असे.,mr,unknown,male
002246.wav,त्या रात्री रामलक्ष्मण निश्चिंतपणे झोपू शकले.,mr,unknown,female
005095.wav,अजूनही तू आपल्या प्रयत्नात कधी यशस्वी झाला नाहीस.,mr,unknown,male
002612.wav,त्याने आपल्या हातांतील दंडाने म्हातार्याच्या हातांतील बेड्या तोडल्या.,mr,unknown,female
002474.wav,"अरे, त्यानंतर कांही तरी जगावेगळं घडलं खरं.",mr,unknown,female
003370.wav,नव्वद सूर्यग्रहण साध्या डोळयांनी पाहू नये.,mr,unknown,female
003423.wav,योनिदाहाच्या तीव्रतेप्रमाणे योनिधावन व स्नेहपिचू रोज किंवा आठवडयातून एक-दोन वेळा करावे.,mr,unknown,female
004076.wav,मायबोली गणेशोत्सवाकरता सुप्रसिद्ध शेफ विष्णु मनोहर यांनी दिलेल्या खास पाककृती एक,mr,unknown,female
000566.wav,"त्याचे नावही तिने सत्यकाम, सत्याची आवड असणारा, असे ठेवले होते.",mr,unknown,female
010098.wav,नारळाची झाडे पण आपल्याला फार उपयुक्त असतात.,mr,unknown,male
008324.wav,"आपल्या लहानपणी आपणांस नाही असे ऋषी भेटले, परंतु आपल्या मुलीच्या भाग्याने भेटले आहेत, तर ती तरी चांगली होवो.",mr,unknown,male
007074.wav,त्यापेक्षा अधिक वेग येत्या पाचदहा वर्षांत होणार आहे.,mr,unknown,male
005490.wav,खेळात तुमच्या प्रतिस्पर्धीच्या अंटीला मारणाच्या प्रयत्न करण्यात येतो.,mr,unknown,male
005333.wav,मी अगोदर पुढे गेलो तर त्याचा किती प्रकारांनी लाभ होईल!,mr,unknown,male
004027.wav,ह्या द्रोणात किवा मध्ये सगळे जिन्न्स एकत्र केली की चाट तयार.,mr,unknown,female
006031.wav,सर्वचजण नाही पण काही तिथेच स्थायिक होतात.,mr,unknown,male
009370.wav,"एक आळशी आणि लबाड कावळा होता, तो लोळ लोळ लोळला, तर शेणाने भरला.",mr,unknown,male
003871.wav,त्यांची कथनशैली ओघवती आणि नाट्यपूर्ण आहे.,mr,unknown,female
000170.wav,मदतीसाठी आजुबाजुला पाहत असताना त्याला तेथे एक लहान मुलगा दिसतो.,mr,unknown,female
008117.wav,जिवावर पर्यावरण आणि पर्यावरणावर जीव अवलंबून असतो.,mr,unknown,male
000928.wav,`इटिमॉलॉजी ऑफ अर्थक्वेक्स’ हा ग्रंथही तेच निष्कर्ष देतो.,mr,unknown,female
002760.wav,"” त्यांच्यातील एकजण म्हणाला “मंत्रीजी, डोंगराजवळील आमच्या ज्वारीच्या शेतातील कणसें कांही नवीन लोक तोडून नेत आहेत.",mr,unknown,female
007931.wav,"पुढे समुद्रमंथनातून लक्ष्मी, कौस्तुभ, पारिजातक, सुरा, धन्वंतरी, चंद्र, रंभा, ऐरावत, अमृत, विष, उच्चैःश्रवा नावाचा घोडा, कामधेनू, शंख व हरिधनू अशी चौदा रत्ने निघाली.",mr,unknown,male
007691.wav,पूर्वी वैकुठांत गेलेली मुक्तिसुध्दा नारदमुनींनी त्या थोर कार्यक्रमाला तेथे आणली.,mr,unknown,male
008271.wav,"आर्य प्रथम पंजाबात आले, तेथे नीट पाय रोवून ते आणखी पुढे सरकले.",mr,unknown,male
009645.wav,स्वतः रचलेले रामायण असे का जाळत आहेस?,mr,unknown,male
008714.wav,मोंटू दातांचे बोलणे ऐकून अधिकच ओशाळला.,mr,unknown,male
003938.wav,"दक्खनमधील सुंदर सुंदर गुंफा कोरणाऱ्या पाथरवटाला सातवाहन काळात सेलवड्ढ शैलवर्द्धकी, म्हणजे पाषाणमाध्यमात काम करणारा सुतार म्हणत.",mr,unknown,female
006934.wav,पिठाच्या गिरणीपासून ते छोट्या फॅब्रिकेशनवाल्यापर्यंत सर्वांचे धंदे चौपट झाले आहेत.,mr,unknown,male
006188.wav,शिवसेनेने त्यांच्या पोटास दिले म्हणून चव्वेचाळीस वर्षे ऋण शिवसेनेबरोबर राहिल.,mr,unknown,male
004658.wav,त्यांनी पण राजाचा राज्याभिषेक करण्यास आपली संमति दिली.,mr,unknown,male
002733.wav,हे औषध जर बैलाच्या दुधातून घेतले तरच परिणामकारक ठरेल.,mr,unknown,female
007417.wav,"मग तो त्याला म्हणाला, पहा, जरा पाण्यात आपले प्रतिबिंब पहा, पाण्यात तुझे तोंड दिसते आहे.",mr,unknown,male
009387.wav,त्यानंतर चौथा पुरुष प्रकट झाला अन् बाहेर पडू लागला.,mr,unknown,male
007289.wav,"तितक्यात काही पावलं, माझ्या दिशेने दबकत येताना जाणवली.",mr,unknown,male
003470.wav,ज्यांना शक्य आहे त्यांनी ढिगारा करण्यासाठी विटांचा हौद बांधून घ्यावा.,mr,unknown,female
000322.wav,ती उपवर होताच कृष्णराव नामक एका तरुणासमवेत तिचा विवाह निश्चित केला.,mr,unknown,female
001834.wav,"काय करावे व तिच्या तडाख्यातून कसे सुटावे, हे त्याला मुळीच कळेना.",mr,unknown,female
000427.wav,"पुढं पडलेले हे दोन पुरुष म्हणजे ज्ञान आणि वैराग्य, हे माझे सेवक आहेत.",mr,unknown,female
005077.wav,त्या पदावर योग्य व्यक्तीची निवड करण्यासाठी शोध सुरु झाला.,mr,unknown,male
000428.wav,"पण मी त्यांच्यावर अगदी मुलांसारख प्रेम करते, यांचा मी प्रतिपाळ करते.",mr,unknown,female
008546.wav,"तूही तशीच वागलीस तर लवकरात लवकर तुझीही इच्छा अशीच पूर्ण होईल, आईने समजावून सांगितले.",mr,unknown,male
007882.wav,पण जो `ऋचा' म्हणतो आणि लगेच `साम' ही गातो तो कवी अग्नीसारखा चेततो आणि त्याचा प्रकाश पडतो.,mr,unknown,male
003828.wav,महाराष्ट्र राज्य वित्त महामंडळ भांडवलाचा पुरवठा करते.,mr,unknown,female
001454.wav,आजोबांनाही ही माहिती नवीनच होती.,mr,unknown,female
004114.wav,भावाला सर्वांनी त्या पॅन्ट प्रकरणावरून नंतर भरपूर चिडवून घेतले,mr,unknown,female
008744.wav,मंजूच्या बोटांना जन्मापासूनच आपल्या सारखी पेरं नव्हती.,mr,unknown,male
009198.wav,"डॉक्टरांनी हळूहळू डोळयावरची पट्टी सोडली, थोडया वेळात मनोजला दिसायला लागलं.",mr,unknown,male
003028.wav,मला इतक्या पुत्रवात्सल्याने लहानाचा मोठा करणारी म्हातारी किती गरीब आहे.,mr,unknown,female
006110.wav,हा शब्द तर मला फारच कठीन आहे रे.,mr,unknown,male
000081.wav,"काल रात्री एका मित्राने सकाळी भेटण्याचं वचन माझ्याकडून घेतल होत, त्यालाच भेटण्यासाठी म्हणून मी घराबाहेर पडलो.",mr,unknown,female
002255.wav,परंतु त्यांच्यापैकी एकाला देखील यश मिळाले नाही.,mr,unknown,female
010672.wav,हळूहळू त्याचा परिणाम दिसू लागला.,mr,unknown,female
007641.wav,ह्या कलियुगात लोकांनी त्या थोर मुक्तीलाच वैकुंठात पाठवून दिलं.,mr,unknown,male
004289.wav,रामा हृदयी तव मूर्ति ॥ सहस्त्र सिंहासनी बैसले जानकीपती.,mr,unknown,female
008716.wav,"डॉक्टर काकांकडे गेल्यावर आता ते आम्हाला काढून टाकणार, तुझ्या हलगर्जीपणामुळे आमचे घर जाणार आहे.",mr,unknown,male
010133.wav,जेव्हा यम राजकुमाराच्या खोलीत सर्परुपात प्रवेश करण्याचा प्रयत्न करतो तेंव्हा त्याचे डोळे सोन्या चांदीने दिपतात.,mr,unknown,male
000336.wav,"वीरमतीला कृष्णरावच्या प्रामाणिकपणाविषयी प्रथमपासूनच संशय होता, म्हणूनच तिने त्याच्यावर गुप्त पाळत ठेवली होती.",mr,unknown,female
008157.wav,"जेवणामुळे प्राणावर आवरण येणे टळते, कारण अन्न प्राणाला चैतन्य पुरवण्याचे कार्य करते.",mr,unknown,male
006399.wav,अंतऱ्यातलं संगीत आणि अधलीमधली आलापी ए आर रेहमान स्टाईलसारखी एकदम हॅपनिंग आहे.,mr,unknown,male
000625.wav,वायू सर्व दिशांना हिंडतो म्हणून त्याला हे ज्ञान असते.,mr,unknown,female
010890.wav,"तुला चांगलं स्वच्छ करतो आणि पुढच्या उन्हाळयासाठी तुझ्यावरच्या विहिरी, तळं भरून ठेवतो.",mr,unknown,female
006368.wav,बोठे व प्रेक्षा बोथरा व्यासपीठावर उपस्थित होते.,mr,unknown,male
001524.wav,त्या दिवशी रात्री मिताच्या आईला अस्वस्थ करणारे स्वप्न पडले.,mr,unknown,female
005684.wav,तो बघ काळा काळा ढग स्वतःवरच रुसलेला,mr,unknown,male
010594.wav,"मग काय, भराभर वेगवेगळ्या सेक्शनमधले फोन घणघणले आणि इच्छुकांची म्हणण्यापेक्षा अपेक्षितांची यादी तयार झाली.",mr,unknown,female
000555.wav,नंतर तो परिक्षिती राजा गंगातिरी जाऊन राहिला.,mr,unknown,female
004171.wav,"या गावांचे उच्चार अनुक्रमे ग्लोस्टर, बिस्टर, लेस्टर, वूस्टर असे होतात.",mr,unknown,female
008879.wav,पण त्याचवेळेला गौरी टीनाच्या मदतीला आली.,mr,unknown,male
002486.wav,हत्ती मगरीला आपल्या सुळ्यांनी टोचीत होता.,mr,unknown,female
009947.wav,"हंस म्हणाला, `अग्नी, सूर्य, चंद्र आणि वीज ही मिळून ईश्वराचा एक भाग होतो, बाकी ज्ञान तुला पाणबुड्या पक्षी सांगेल.’",mr,unknown,male
001936.wav,"पण खरं सांगतो गुरूदेव, मी लागलीच तुमची गुरूदक्षिणा दिली.",mr,unknown,female
008009.wav,घरातील सवाष्ण बायका गाईच्या पायावर पाणी घालतात.,mr,unknown,male
000331.wav,या युद्धात आम्ही प्राणपणाने लढू आणि देवगिरीचे रक्षण करू.,mr,unknown,female
007733.wav,नागराज तक्षक स्वत: येऊन परिक्षितीराजाला दंश करील!,mr,unknown,male
005523.wav,होना करता दहा चे पाच झेंडे घेऊन व्यवहार फायनल झाला.,mr,unknown,male
008277.wav,"लंकाधीश रावणासारखा महत्त्वाकांक्षी राजा उत्तरेकडे दिग्विजय करण्यास निघाला व नाशिकपर्यंत आला, तेथे त्याने आपले अधिकारी ठेवले.",mr,unknown,male
006698.wav,कॉंग्रेस- राष्ट्रवादी युती फिस्कटण्याची चिन्हे,mr,unknown,male
007677.wav,अशाप्रकारे नारदांनी भक्तीला शांत राहण्याचा उपदेश केला.,mr,unknown,male
001577.wav,"नीना जर तू सीमाचा नाटकाचा फ्रॉक तिचे नाटक व्हायच्या आधीच घालू शकतेस तर सीमा तुझे बूट का घालू शकणार नाही, आईने विचारले.",mr,unknown,female
000292.wav,"त्याला खरीच तळमळ असेल, तर त्याने माझ्या झोपडीत शिकायला यावे.",mr,unknown,female
003081.wav,"ह्यांना पुन्हा तसच भिरकवून, सीध्या तळहातात धरायच असत.",mr,unknown,female
005339.wav,"तो उच्च कुळातच जन्मला होता, परंतु फार गरीब होता.",mr,unknown,male
008405.wav,"समुद्राच्या पोटात अशी गोलबंद व पाणीदार मोत्ये असतील, की ज्याची जगास वार्ता नाही.",mr,unknown,male
009859.wav,थोड्याच वेळात शमीक ऋषींचा एक शिष्य परिक्षिती राजाकडे आला.,mr,unknown,male
002037.wav,"दोन दिवसाप्रमाणेच शेठजींनी ते विहीरीत फेकले, हा चवताळून उठला.",mr,unknown,female
010752.wav,तिला खूप दिवसांपासून ते घ्यायचे मनात होते.,mr,unknown,female
009901.wav,सत्यकाम भीतभीतच आश्रमात शिरला.,mr,unknown,male
008728.wav,तिचे बाबा मासे पकडत तेंव्हा जाळ्यात अडकलेल्या माश्यांची तडफड तिला अस्वस्थ करुन जात असे.,mr,unknown,male
005031.wav,जन्मभूमीपेक्षा जास्त प्रिय आणखी काय असणार,mr,unknown,male
000458.wav,"ह्या मायामोहानं मूढ झालेल्या जगाला पुन्हा भक्ती, ज्ञान आणि वैराग्य यांच महत्त्व पटवून लोककल्याण साधा.",mr,unknown,female
005338.wav,हे वाक्य एका तरुणाच्या कानावर पडले.,mr,unknown,male
008092.wav,"सनातन हिंदु धर्म सांगतो, आम्ही निसर्गाचे एक अविभाज्य घटक आहोत.",mr,unknown,male
008804.wav,त्या पाठोपाठ डोक्यावर सोनेरी मुकूट घातलेली दीड फूट उंचीची छोटी परी अवतरली.,mr,unknown,male
003170.wav,परंतु अशी स्थिती विश्वात असणार नाही.,mr,unknown,female
008661.wav,आजोबांनाही ही माहिती नवीनच होती.,mr,unknown,male
005099.wav,"पण काही गुरु, राजाची विनंती टाळता आली नाही तर काहीतरी विक्षिप्त सल्ला देऊन टाकतात.",mr,unknown,male
007793.wav,सत्यकाम भीतभीतच आश्रमात शिरला.,mr,unknown,male
000032.wav,आयुष्यात चांगली कमाई करून आणि स्वत: चांगले जीवन जगूनसुद्धा त्याच्या पाच मुलांमध्ये सदान्-कदा चालणाऱ्या भांडणांमुळे तो दु:खी होई.,mr,unknown,female
007108.wav,या आकृतिबंधात चतुर्थश्रेणी आठ शे छत्तीस कामगार अतिरिक्त ठरविण्यात आले आहेत.,mr,unknown,male
007616.wav,"त्यागराज चोरांना म्हणाले, तुम्ही भाग्यवान आहात, मी रामभक्त असून मला रामाचे दर्शन अजून झाले नाही.",mr,unknown,male
006692.wav,शिकार करण्याच्या वेगवेगळ्या पद्धती अवंलबिल्या जातात.,mr,unknown,male
000219.wav,"तेव्हा रानातला वाघ म्हणाला, कळले ना आता, अरे, जो मी आहे तोच तू आहेस, चल आता माझ्यासह वनात.",mr,unknown,female
003442.wav,बाह्यकर्णाची रचना नरसाळयासारखी बाहेर पसरट व आत नळीप्रमाणे अरुंद असते.,mr,unknown,female
002175.wav,विहाराच्या आत असलेल्या कोनाडात गौतम बुद्धाची ध्यानस्थ मूर्ती आहे.,mr,unknown,female
003126.wav,विशिष्ट सापेक्षतावादाचा डोलारा मुख्यत दोन गृहीतकांवर आधारित आहे.,mr,unknown,female
009369.wav,कावळयाने घरटयाचे मागचे दार उघडले आणि तो भुर्रकन् उडून गेला.,mr,unknown,male
001826.wav,एक दिवस कोळसेवाल्याने धोब्याला आपल्या मनातील विचार बोलून दाखविले.,mr,unknown,female
001158.wav,"शबरीने हात जोडले व आकाशाकडे तोंड करुन ती म्हणाली, हे देवदूतांनो, हे तारकांनो, या मुलीला क्षमा करा.",mr,unknown,female
010650.wav,"मी तुझ्यासाठी काही खायला करु शकले नाही, आजचा दिवस तू सकाळचीच पोळी-भाजी खा आणि दूध पी.",mr,unknown,female
007631.wav,"मी तुला ह्या वेळी कोणतं सहाय्य करु, सगळं सांग! त्या तरुण सुंदर स्त्रीने आपली माहिती दिली, माझं नाव भक्ती, सनातन काळापासून मी या पृथ्वीवर राहते.",mr,unknown,male
006499.wav,विद्यापीठ अधिसभा निवडणुकीतील गोंधळाचा ठपका ठेवून ही कारवाई करण्यात आली.,mr,unknown,male
002128.wav,गौतमने ते चणे काढले व दुसर्या मोठया कुंडीत टाकले.,mr,unknown,female
010455.wav,आईबापांना व इतर लोकांना माहीत असो वा नसो; त्यांच्या कृत्यांनी मुलांच्या जीवनकळया फुलत असतात.,mr,unknown,female
004555.wav,लता-आशाचा दबदबा असलेल्या राज्यात अनुराधाचे प्रस्थ तसे म्हटले तर बसलेच नसते.,mr,unknown,female
009155.wav,घरच्या गरिबीमुळे आपला मुलगा अश्वत्थामा याला पीठाचे पाणी दूध म्हणून गुरू द्रोण यांना पाजावे लागले.,mr,unknown,male
004533.wav,"पुण्यात मर्सिडीज बेंझ शाळेची फी दरवर्षी सहा,, रुपये इतकी आहे.",mr,unknown,female
006904.wav,समईतून तेल खाली पाझरत असल्यास चपटी तबकडी किंवा प्लेट ठेवणेच उचित.,mr,unknown,male
009066.wav,"कोळी त्या माशाला म्हणाला, उद्याचे कोणी पाहिले आहे.",mr,unknown,male
006424.wav,इचलकंरजीत बॉम्बे रेयॉनचा एक हजार कोटींचा प्रकल्प,mr,unknown,male
001011.wav,"सर्व गावभर वार्ता गेली, कोणी केला तो खून? कोणी केले ते पाप?",mr,unknown,female
001495.wav,अशा वेळी त्याला अत्यंत रडू येत असे.,mr,unknown,female
002361.wav,वसिष्ठ ऋषी तुझा राज्याभिषेक करणार आहेत.,mr,unknown,female
006941.wav,तसेच हायफॅट जास्त स्निग्धांश असलेल्या दुधाचा दर बावीस रुपयांवरून चोवीस रुपयांपर्यंत नेला आहे.,mr,unknown,male
007183.wav,त्याची मुहूर्तमेढ केपे मतदारसंघात रोवली जाईल.,mr,unknown,male
003881.wav,या जॉर्जियन रचनेतील अंतर्भाग मनोवेधक आहे.,mr,unknown,female
000374.wav,त्याच्या आईला ही गोष्ट ठाऊक नव्हती.,mr,unknown,female
002883.wav,मी तुझ्या भल्या-साठीच सांगतो आहे कारण मी तुझा हितचिंतक आहे.,mr,unknown,female
004756.wav,इंद्रादिक देव आपली दीन अवस्था निवेदन करण्यासाठी ब्रह्मदेवाकडे गेले.,mr,unknown,male
009390.wav,"राजाने त्याला म्हटले, मी तर तुझा कधीच त्याग केला नाही, तू मला सोडून का जात आहेस.",mr,unknown,male
003400.wav,जलप्रदुषणामुळे निर्माण होणा-या साथींच्या नियंत्रणासाठी या प्रयोगशाळांमधून भरारी पथके पाठवली जातात.,mr,unknown,female
003534.wav,"पायावर सूज घोटयाच्या वर, तीव्र डोकेदुखी, नजर अंधुक होणे, रक्तदाब वाढणे.",mr,unknown,female
004025.wav,जगभरातले गणिती जगभरातले गणिती पेशवा जगभरातील गणितींच्या बायोग्राफीज येथे वाचावयास मिळतील.,mr,unknown,female
001088.wav,मतंग ऋषींची पत्नी ही अत्यंत साध्वी व पतिपरायण होती.,mr,unknown,female
007648.wav,महाराष्ट्र हे खरचं महान् राष्ट्र वाटलं आम्हाला !,mr,unknown,male
006775.wav,इथे खाल्लेला आइस्क्रीमचा नवीन प्रकार म्हणजे चीजआइस्क्रीम.,mr,unknown,male
009800.wav,अशाप्रकारे नंतर नारद वगैरे पुण्यशील ऋषींनी नंतर त्या भागवत धर्माचा महिमा वाढविला.,mr,unknown,male
004202.wav,मेहरा जगातील सर्व मशीन मॅन्यूफॅक्चरर्स बसल्या बसल्याच पिंजून काढत होते.,mr,unknown,female
008899.wav,"सगळे कौतूकाने म्हणत, अजबच डोंगर आहे.",mr,unknown,male
010342.wav,"मनुष्य रानटी असो वा सुधारलेला असो, मनुष्यस्वभाव हा सर्वत्र सारखाच आहे.",mr,unknown,female
009484.wav,"म्हणूनच तर मी तिने सांगितलेला पोशाख पण घालून नाही आलो, पहा.",mr,unknown,male
003124.wav,भौतिकशास्त्र विशिष्ट सापेक्षतावादाची एक शे वर्षे,mr,unknown,female
003035.wav,त्या अरण्यांतून चालत असतां पंचायुधाला वाटेत कांही ऋषी व मुनी भेटले.,mr,unknown,female
003446.wav,आरोग्याबद्दलची माहिती शोधताना फारच मोजक्या वेबसाईटस् संकेतस्थळे सापडतात.,mr,unknown,female
004984.wav,"आज पण, मलेरियाच्या विषाणुंची वृद्धि रोखून त्याचा इलाज करण्यासाठी क्विनाइनचा वापर होतो.",mr,unknown,male
007132.wav,लक्ष्मणने दिलेल्या राजाच्या प्याद्याच्या चालीला सेथुरामनने रुय लोपेझ पद्धतीचा वापर केला.,mr,unknown,male
008533.wav,नीतूला ह्या स्कूटर समोर आपली कार अगदी साधी वाटत होती.,mr,unknown,male
010445.wav,बाहेर आल्यावरही आईच्याच सान्निध्यात त्याचा लहानपणी तरी बहुतेक वेळ जातो.,mr,unknown,female
000316.wav,त्यामुळे अल्लाउद्दीनचे सैन्य टिकाव धरू शकले नाही.,mr,unknown,female
007819.wav,"सत्यकाम अरण्यामध्ये पुष्कळ वर्षे राहिला, तो गायीची मनोभावाने सेवा करी.",mr,unknown,male
008973.wav,कसेबसे तो त्याच्यावर चढून बसण्यात यशस्वी झाला आणि मग ते सारे लाटांवर वेगाने खाली वाहात जाऊ लागले.,mr,unknown,male
010167.wav,आर्थिक हिशोबाच्या दृष्टीने व्यापारी लोक दिवाळीतील पाडवा ही नववर्षाची सुरुवात मानतात.,mr,unknown,male
009568.wav,मी माझी वेशभूषा बदलून तुमच्यापर्यंत तुम्हाला हीच गोष्ट पटवून देण्यासाठी आलो होतो.,mr,unknown,male
010619.wav,"मिनूला तर इतका आनंद झाला होता, ती मनसोक्त तिच्या छोटया मैत्रिणीशी खेळली.",mr,unknown,female
001670.wav,"टीनाला तर रडूच फूटले, एवढी मोठी शाळा कशी झाडायची आणि घरी कधी जायचं, ह्याच काळजीत टीना होती.",mr,unknown,female
007210.wav,लक्ष्मी बाहेर गेल्यानंतर आपण दान करू शकणार नाही; म्हणून मीही तिच्यासह जात आहे.,mr,unknown,male
002749.wav,तेवढ्य़ांत त्यांना शेजारच्या खोलीतून कोणाचेतरी ओरडणे ऐकूं आले.,mr,unknown,female
008870.wav,हे ऐकल्यावर नाईलाजाने टीनाने गौरीला मदत करायचे ठरवले.,mr,unknown,male
010789.wav,"इतक्यात आदित्य आणि ऋषी तेथे आले आणि म्हणाले, भुवन तुझे टॅटू तू आमच्या कंपासमध्ये टाकलेस का, आम्हाला कितीतरी दिवसांपासून ते हवे होते.",mr,unknown,female
007460.wav,दोघांचीही रामायणे स्वतंत्रपणे चालू झाली आणि यथावकाश ती पूर्णही झाली.,mr,unknown,male
007757.wav,"राजा, सावध राहून मोक्षसाधना कर!'",mr,unknown,male
008696.wav,"मोंटूचा मामाही अमेरिकेत होता, त्यामुळे सतत मोंटूला चॉकलेटचे विविध प्रकार खायला मिळत.",mr,unknown,male
007259.wav,म्हणून लोक गाढवालाच भक्ती-भावाने हार घालू लागतात.,mr,unknown,male
002184.wav,"इथे तुंगा, सती, सुनी, कीर्ती व भृंगारी व पाच छोटया नद्यांचा संगम आहे.",mr,unknown,female
010303.wav,"या बेटाजवळ मोत्यांच्या खाणी होत्या, सोन्याच्या खाणी होत्या, हे राज्य समृद्ध झाले.",mr,unknown,female
003078.wav,एकदा चेंडु लागला कि ज्याने चेंडुनी थप्पी पाडली तो मुख्य लक्ष्य असतो आणि इतर सगळे दुय्यम लक्ष्य असतात.,mr,unknown,female
008669.wav,"मुलांचे प्लॅन ऐकून आजोबा खूष झाले, मुलांनो तुमचा मदर्स डे नक्कीच स्पेशल होणार आहे, मीही त्या दिवशी तुम्हाला कामात मदत करीन.",mr,unknown,male
003873.wav,"तो आपला, हे तत्त्व तर सर्वच पक्षातील पुढाऱ्यांचे आहे.",mr,unknown,female
008481.wav,"वडीलच सारा कारभार पाहू लागले, देवघेव तेच पाहात.",mr,unknown,male
010839.wav,टीनाने आईकडे सरळ दुर्लक्ष केले.,mr,unknown,female
004685.wav,"गुहने; रामाने संगमेश्‍वरी एक रात्र कशी काढली, याचे वर्णन करून सांगितले.",mr,unknown,male
007467.wav,त्याच्या जीवनात सर्वत्र निराशेचा अंधार पसरला.,mr,unknown,male
003521.wav,मग काय उशीर जास्तीत जास्त संडास बांधायचा ठरावच ग्रामसभेत मंजूर झाला.,mr,unknown,female
002620.wav,एकदा राजवाड्यांतल्या आचार्यांना राजाने खास पाहुण्यांसाठी कांही खास पदार्थ बनवायला सांगितले होते.,mr,unknown,female
008406.wav,पृथ्वीच्या पोटात ता-यांसारखे तेजस्वी हिरे असतील; परंतु मानवजातीस त्यांचे अद्यापि दर्शन नाही.,mr,unknown,male
005999.wav,"बँकांत, रेल्वेस्थानकावर, ग्रंथालयात, शाळेत सर्वत्र मुलांना कॉम्प्युटर दिसणार.",mr,unknown,male
000714.wav,नाभाच्या खरे बोलण्यामुळे आणि निर्लोभीपणाने रुद्र संतुष्ट झाला.,mr,unknown,female
002485.wav,इतर हत्ती भूकतहान भागवायला इतर ठिकाणी जाऊन येत व किनार्यावर उभे राहून डोळ्यांतून पाणी काढीत राहिले.,mr,unknown,female
000938.wav,"अनेकदा तर मुले उघडपणे सांगत नसली, तरी त्यांना अशा वेळी आपण आपल्या पालकांच्या फार जवळ असल्याचे वाटते, त्यामुळे जेवणही हसत-खेळत होते.",mr,unknown,female
001871.wav,त्या वृध्दाला घोडेस्वाराने नदी पलिकडील झोपडी पर्यंत नेले.,mr,unknown,female
005299.wav,"खांद्यावर घेतले, आणि स्मशानाची वाट धरली.",mr,unknown,male
005439.wav,गुरुवर्यांचा निरोप घेऊन पंचायुध काशीला परत निघाला.,mr,unknown,male
002725.wav,इतर दरबार्यांप्रमाणे जर तो गप्प बसला असता तर ही परिस्थिती ओढवली नसती.,mr,unknown,female
001111.wav,आईबापांच्या प्रेमळ सहवासात लहानगी शबरी वाढत होती.,mr,unknown,female
003670.wav,दुकानातील शंकराची थ्रीडी मूर्ती आणि किशोरभाईची कीर्ती प्रत्यक्षच पाहायला हवी.,mr,unknown,female
006302.wav,मी कशावरून तुमच्या पॅंटच्या खिशात हात घातला नसेन,mr,unknown,male
008208.wav,देवाने त्याच्या जीवनाचे वस्त्र जणू दु:खाने विणले होते.,mr,unknown,male
000882.wav,मराठी भाषा नवव्या शतकापासून प्रचलित आहे.,mr,unknown,female
002679.wav,राज्याचा कारभार अतिशय कुशलतेने तो सांभाळत होता.,mr,unknown,female
004413.wav,या शतकभराच्या काळात मराठी चित्रपटसृष्टीनं अनेक स्थित्यंतरं अनुभवली.,mr,unknown,female
002488.wav,तुझी अगाध लीला कळण्याइतका मी मोठा आहे कां रे?,mr,unknown,female
001148.wav,रोज रोज आकाशात येण्याचा व थंडीत कुडकुडण्याचा त्यांना त्रास नसेल का होत.,mr,unknown,female
009860.wav,"नम्रपणे म्हणाला, राजा, ब्रह्मसमाधीत मग्न असलेल्या शमीक ऋषींकडून आपलं यथोचित स्वागत झालं नाही, याबद्दल त्यांना आता हळहळ वाटत आहे.",mr,unknown,male
001985.wav,पण त्याआधी मला हे सांग सर्वप्रथम तू कुणाला पाहू इच्छितोस?,mr,unknown,female
006731.wav,"त्यांनी मला चित्रपटांचा बाज, ढंग कधीही सोडू नको, असा सल्ला दिला.",mr,unknown,male
010001.wav,आपल्या सर्व वडील भावांनी बाबांची मिळकत त्याच्या डोळ्यांदेखतच आपापसात वाटून घेतली आहे.,mr,unknown,male
005708.wav,डबल ग्रॅज्युएट मुलीलाही मान वर करून,mr,unknown,male
009297.wav,कुठलीही ओळख न देता उपकाराची भावना प्रगट न करता आपण निघून गेलात.,mr,unknown,male
004895.wav,अनेक औषधी वनस्पती घेऊन तो पद्मासनावर बसून समुद्रातून अवतरला.,mr,unknown,male
008315.wav,"मनुष्य रानटी असो वा सुधारलेला असो, मनुष्यस्वभाव हा सर्वत्र सारखाच आहे.",mr,unknown,male
000533.wav,"ते पाहून शमीक ऋषींनी विचारले, “बाळांनो, हा काय प्रकार आहे, हा मृतसर्प कसला, आणि तुम्ही सर्वजण हे असे का?",mr,unknown,female
002318.wav,थोरला भाऊ जिवंत असेपर्यंत धाकट्याला आपल्या वंशात कधीतरी कोणी गादीवर बसविले आहे का?,mr,unknown,female
008927.wav,"भल्यामोठया डोंगराचा इवलासा आनंद झाडांना, झ-यांना व रस्त्यांना समजला, कसं कुणास ठाऊक, पण गावातल्या मुलांना पण कळला!",mr,unknown,male
007574.wav,तेवढ्यात त्याला आईचे शब्द आठवले आणि तो जिवाच्या आकांताने ओरडला.,mr,unknown,male
005991.wav,"रडण्याहसण्यारागावण्याचे म्हणजे दुःख, आनंद व क्रोध या भावना व्यक्त करण्याचं, असं मला म्हणायचं आहे.",mr,unknown,male
007303.wav,ज्याला भेटायला आलो तो अजून आला नाही म्हणून मी त्याला फोन लावला.,mr,unknown,male
004878.wav,"त्या बालकाला त्याचा बाप कोण, काय, काही माहीत नव्हते.",mr,unknown,male
007916.wav,"काही हरकत नाही, तू रुद्राला सांग की गायीवर हक्क तुझाच आहे.'",mr,unknown,male
010486.wav,"सध्याच्या निष्प्रेम अशा काळात, असे प्रेमळ संघ म्हणजे परम आशा होय.",mr,unknown,female
009254.wav,"वर गेल्यावर व्यापारी म्हणाला, 'हे बघ तुला मी पाचशे रूपये देतो पण त्याबद्दल तु मला तुझे डोळे दे'",mr,unknown,male
010438.wav,मायबापच कळत वा नकळत मुलाला लहान किंवा मोठा करत असतात.,mr,unknown,female
000959.wav,त्यामुळे पेशींतील ऊर्जा घटून प्राणमयकोष दुर्बळ होत जातो.,mr,unknown,female
009358.wav,"मग कावळा आला चिमणीकडे, पण चिमणीच्या घराचे दार तर बंद होते.",mr,unknown,male
005750.wav,सांजवेळी कंकणाचे चूर होणे हा कोणता खेळ आहे.,mr,unknown,male
000734.wav,हे पाहून चंद्राने विष्णूला खूण करून हे कळवले.,mr,unknown,female
004985.wav,"या, रेंजर राणी आपल्याला ह्याची काही विशेषता दाखवत आहे.",mr,unknown,male
008029.wav,म्हणुनच या दिवसास यमदीपदान असेही म्हणतात.,mr,unknown,male
004130.wav,'तुझ्या सावळ्या दाल्चिनीची भुगटी व्हावि हा फक्त आवेग आहे ?,mr,unknown,female
007035.wav,रक्त साकळू नये यासाठी कॉम्प्रेशन स्टॉकिंग घालणे.,mr,unknown,male
005134.wav,मग मुजरा करून ते तरुण निघून गेले.,mr,unknown,male
010440.wav,"आईच्या पोटात गर्भरूपाने जीव आला, त्याच्यापूर्वीच त्याच्या शिक्षणाची तयारी झालेली असते.",mr,unknown,female
007489.wav,आपल्या राजधानीच्या जवळच रानामध्ये एका झोपडीत आत्मानंद महाराज राहतात.,mr,unknown,male
008515.wav,"ते दोन पक्षी एकमेकांशी जे बोलत आहेत, त्याचा अर्थ जर मी आपल्याला सांगितला, तर आपण मला जिवंत ठेवणार नाही.",mr,unknown,male
003017.wav,राजाज्ञेप्रमाणे राज्यांतल्या सर्व कुत्र्यांचा संहार सुरु झाला.,mr,unknown,female
007198.wav,"प्रभाग एक स्टॅन्ली पेद्रु फर्नांडिस दोन शे एकोणीस, आग्नेलो मानुएल फर्नांडिस दोन शे अकरा.",mr,unknown,male
005026.wav,ह्यावेळी गण्डकमृग जातीचे दोन तरुण वाघांवर बसून वेगाने तिथे आले.,mr,unknown,male
000543.wav,आता तरी तू भगवंताला शरण जा आणि आपल्या अपराधाबद्दल त्याची क्षमा माग!,mr,unknown,female
009991.wav,साकमश्वाला जेव्हा `साम’ स्फुरले व त्याने ते म्हटले तेव्हा त्याला `सामा’चे तेज कळून चुकले.,mr,unknown,male
008526.wav,"राजाला तो खरा वाटून, तो एकदम शरमून गेला.",mr,unknown,male
003419.wav,अशा तपासणीसाठी छातीतून येणारा खाकरा बेडके थुंकी जमा करून ठेवावी.,mr,unknown,female
007972.wav,विष्णूच्या आज्ञेनुसार प्रल्हादाने राज्याभिषेक करवून घेतला.,mr,unknown,male
004681.wav,कैकेयीच्या मुलाविषयी तुझ्या मनात असा विचार यावा यात तुझा काहीच दोष नाही.,mr,unknown,male
010639.wav,"आदिती सांगू लागली, रविवारी आम्ही दोघेही आईच्या आधी उठून तिला सकाळचा चहा करुन देणार आहोत.",mr,unknown,female
001214.wav,"लहानपणी मुलावर जे परिणाम होतात, ते दृढतम असतात, लहानपणी मुलाचे मन रिकामे असते.",mr,unknown,female
007298.wav,तिला बऱ्याचदा सांगण्याचा प्रयत्न केला पण ती काही बोलू देईनाच.,mr,unknown,male
005379.wav,थोरल्या राणीची दोन मुलं असताना धाकट्या मुलाला युवराजपद कसं देता येईल,mr,unknown,male
004282.wav,छान वाटलं पेठेनगर आणि सोपेकबद्दल वाचून,mr,unknown,female
001517.wav,रोज सकाळी पहाटे उठून मिताही त्यांच्या बरोबर समुद्र किनारी जात असे.,mr,unknown,female
002169.wav,"ती साडी-चोळी नेसली, पालखीत बसली अन् घरी येऊन झोपी गेली.",mr,unknown,female
009865.wav,"राजा, सावध राहून मोक्षसाधना कर!",mr,unknown,male
004218.wav,ह्या इंडक्शन कुकिंगचा रिव्ह्यु मिळाला तर खरंच बरं आईही विचार करतीय,mr,unknown,female
001953.wav,अभ्यासातही या मुलांनी नंबर सोडला नव्हता.,mr,unknown,female
005857.wav,या स्फोटाची तीव्रता वाढविणारी मानसिकता भारतीय माणूस पोसत आहे.,mr,unknown,male
002056.wav,बरेच दिवस झाले दोन्ही भावांची भेट नव्हती.,mr,unknown,female
001394.wav,आपल्या सर्वांना मिळून त्या डोंगरावर ट्रीपलाही जाता येईल.,mr,unknown,female
010905.wav,शेवटी ते सिध्द करण्याचा एक मार्ग त्यांनी निश्चित केला.,mr,unknown,female
001150.wav,डोळ्यांत तेल घालून मनुष्याची कृत्ये ते पाहत असतात व माणसांची वाईट कृत्ये पाहून ते तारे रडतात.,mr,unknown,female
010045.wav,मोहिनीच्या रूपाने असुर वेडे झाले असता विष्णूने देवांना अमृत व दैत्यांना मदिरा वाढली.,mr,unknown,male
000296.wav,"राजाने प्रधानासमवेत, मी आलो आहे, असा महाराजांना निरोप पाठवला.",mr,unknown,female
008732.wav,"तिने स्वप्नात पाहिले की समुद्रातले सगळे मासेच संपून गेले आहेत, त्यामुळे त्यांना पैसे मिळणेच कठीण झाले आहे.",mr,unknown,male
003685.wav,शिवाय राज्यातील केवळ नऊ टक्के क्षेत्रात पुरेसा आणि भरवंशाचा पाऊस पडतो.,mr,unknown,female
004170.wav,पार्क पॅलेस हॉटेलमधून नास्ता करून आम्ही बावीस बसने बेलूर मठाकडे निघालो.,mr,unknown,female
000287.wav,"तू रथ घेऊन जा, त्यांचा मानसन्मान कर आणि कसेही करून त्यांना घेऊन ये.",mr,unknown,female
000211.wav,"धावत जाऊन त्याने त्या गवत खाणाऱ्या वाघाला पकडले, तो बे-बें करून ओरडू लागला.",mr,unknown,female
001384.wav,तिने त्यासाठी दुधाच्या पिशव्या साठवून त्यात माती आणि शेणखत घालूनच ठेवले होते.,mr,unknown,female
006878.wav,महापालिका पतसंस्थेस सत्त्यात्तर लाखांवर नफा,mr,unknown,male
006061.wav,"पण इंग्रजीच्या पुरस्कारामुळे परप्रांतीयांपुढे आपल्याच प्रांतात आपल्यावर नमून वागण्याची वेळ यावी, यासारखी नामुष्कीची दुसरी गोष्ट नाही.",mr,unknown,male
005717.wav,चित्रात तुम्ही असाल उजेडाचे शुभ्र राजपुत्र,mr,unknown,male
004465.wav,ते दुसर्या महायुद्धाच्या काळात व्यूहरचना आखणार्या खात्यात गुप्तहेर होते.,mr,unknown,female
004919.wav,तेंव्हा विष्णूचे सुदर्शन चक्र त्याच्या पाठीस लागले.,mr,unknown,male
000550.wav,त्या थोर क्षमाशील शमीऋषींनी मला हा निरोप तुम्हाला सांगायला मुद्दाम पाठविलं आहे!,mr,unknown,female
007357.wav,"जिन्हा सुद्धा तिथेच होता, म्हणाला लवकरच आमची संख्या इथे लाखांवर जाईल, आणि मग स्वर्गाची सुद्धा फाळणी होईल.",mr,unknown,male
000677.wav,पण जो `ऋचा’ म्हणतो आणि लगेच `साम’ ही गातो तो कवी अग्नीसारखा चेततो आणि त्याचा प्रकाश पडतो.,mr,unknown,female
006449.wav,कर्णधारपद नाकारलेल्या युनूस खानचेही यात नाव नाही.,mr,unknown,male
007594.wav,देव श्रद्धावंतांनाच भेटतो हेच खरे.,mr,unknown,male
006454.wav,एव्हाना त्याची पत्नी रुक्‍मिणबाई तेथे आली होती.,mr,unknown,male
007432.wav,"जर हा मेला, तर याचे धन राज्य भांडारात जमा होईल.",mr,unknown,male
006322.wav,तिच्याबरोबर तिच्या गळ्यातला हा लोखंडी साखळदंडही तू विकत घेतला पाहिजे.,mr,unknown,male
007320.wav,"ती मुलगी किती भोळी, जिने अंधळा विश्वास ठेऊन, ह्याचाशी जवळीक केली, आणि त्याचे तिच्या बद्दलचे विचार इतके घाणेरडे.",mr,unknown,male
004095.wav,"कविता, छान जमलिये पदार्पणात शतक पुगलेशु स्मित स्मित",mr,unknown,female
006401.wav,मुखपृष्ठ कथा उपासनेला दृढ चालवावे!,mr,unknown,male
009917.wav,"गौतम म्हणाले, `बाळा, सत्यकामा, तू इतके खरं बोललास हेच पुरे आहे.",mr,unknown,male
007205.wav,"राजाने आश्‍चर्यचकित होऊन त्या स्त्रीला हात जोडून नम्रपणे विचारले, आपण कोण आहात.",mr,unknown,male
002616.wav,मधूनमधून विजा चमकत होत्या त्यामुळें वातावरण जास्तच भेसूर वाटत होते.,mr,unknown,female
001966.wav,प्रशांत व त्याची आई यांच्या डोळयातून नकळत अश्रु आले.,mr,unknown,female
006860.wav,जिग्नेशा व प्रज्ञेश यांना प्रथन येथील नॅशनल रुग्णालयात दाखल केले; मात्र गंभीर जखमी असल्याने त्यांना केई.,mr,unknown,male
003425.wav,या पुस्तकाशिवाय विविध इंग्रजी-मराठी दैनिकांमधून व नियतकालिकांमधून आरोग्यविषयक लेखन केले आहे.,mr,unknown,female
006728.wav,व्यवसाय आभ्यासक्रम प्रवेश क्षमता वाढविणार.,mr,unknown,male
006182.wav,हीच त्यांची मराठी माणसांची व्याख्या होती.,mr,unknown,male
005818.wav,आताच राष्ट्रकूल स्पर्धांमध्ये भारतीय महिलांची कामगिरी उल्लेखनीय आहे.,mr,unknown,male
002792.wav,डोळयांची पापणी न हलवता जीवदन्त त्या पडक्या घरांकडे पहात राहिला.,mr,unknown,female
010529.wav,त्याने ती हळूच त्या गोसाव्याला सांगितली.,mr,unknown,female
009812.wav,परिक्षिती राजा शिकारीसाठी अरण्यात फिरत होता.,mr,unknown,male
010664.wav,"आईच्या जवळ जाऊन तिला म्हणाला, आई मला माफ कर, तू आमच्यासाठी किती कष्ट घेतेस.",mr,unknown,female
006609.wav,गर्भाशयाची ताकद वाढण्यासाठी उत्तरबस्ती हा आयुर्वेदातला विशेष उपचारही उपयुक्‍त असतो.,mr,unknown,male
005187.wav,तुला काहीच ऐकू येत नाही का,mr,unknown,male
007937.wav,मोहिनीच्या रूपाने असुर वेडे झाले असता विष्णूने देवांना अमृत व दैत्यांना मदिरा वाढली.,mr,unknown,male
006875.wav,"दिवाळीची शुभेच्छापत्रे, पणत्या, रेक्‍झीन बॅगसारख्या अनेक वस्तूंचे प्रशिक्षण त्या देतात.",mr,unknown,male
006396.wav,"तुरटी, काथ, मोचरस वगैरे द्रव्ये जेवणापूर्वी किंवा जेवणानंतर लगेच घेऊ नयेत.",mr,unknown,male
010577.wav,तिने तिच्या सोसायटीतल्या मैत्रिणींनाही आपल्या मनातले गुपीत सांगितले होते.,mr,unknown,female
008168.wav,पाणी किती आणि कधी प्यावे याविषयी पुष्कळ मतभेद आढळतात.,mr,unknown,male
001942.wav,"कारण सोपं आहे, आधी माझ्याकडे काहीच नव्हतं, देण्यासारखं, आणि आता इतकी पुण्याई गाठवली की, तुम्ही मागितलंत ते मी देऊ केलं.",mr,unknown,female
004375.wav,पण रिझ्योल्युशन अ‍ॅपलने जेवढे प्रॉमिस केले होते तेवढे मात्र नक्कीच नाही.,mr,unknown,female
003827.wav,"पोळी, पुरीशी किंवा ब्रेड सॅंडविचेसमधे चांगले लागते.",mr,unknown,female
002665.wav,आपल्या खांद्यावर ते प्रेत घेऊन तो स्मशानाच्या दिशेने चालायला लागला.,mr,unknown,female
006563.wav,"दोन विन सायलेंट प्रेझेन्स, दोन रिटर्न ऑफ दी किंग",mr,unknown,male
001370.wav,त्यावर उपाय म्हणून देवाने सूर्याला बारा तासांनंतर अस्त व्हायला सांगितले आणि बरोबर बारा तासांनी परत उदय व्हायला सांगितले.,mr,unknown,female
006863.wav,"टीम स्पिरिट, इंडिपेंडन्स, ऍडजस्टिंग विथ अदर्स हे सर्व आम्ही यातून शिकलो.",mr,unknown,male
006251.wav,फक्त पाचशे सैनिक असलेल्या दुसर्‍या बटालियनने पंचवीस संख्याबळाच्या पेशव्यांना सहजच नमवले,mr,unknown,male
002289.wav,तुझ्या इतकी माझे हित इच्छिणारी दुसरी कोणी असेल असे नाही वाटत.,mr,unknown,female
010282.wav,"एके दिवशी रात्री सायगाव सोडून जाण्याचे त्याने ठरविले, तीव्र निराशेने तो घेरला गेला होता.",mr,unknown,female
008360.wav,"ऋषी म्हणाले, होय, दिवसा लोकांकडे लक्ष ठेवण्याचे काम सूर्य करतो, रात्री ते काम चंद्र व तारे करतात.",mr,unknown,male
005115.wav,"जंहापनाह, माझे नाव अब्दुल रहमान आहे.",mr,unknown,male
000468.wav,त्यांच्याकडं जाऊन मी तुमची हकीगत सांगतो.,mr,unknown,female
005201.wav,"खड्ग, हे बीळ लहान आहे अशी आपली चुकीची समजूत होती.",mr,unknown,male
001282.wav,उन्मत्तसिंग नावाचा एक अत्यंत जुलमी राजा होता.,mr,unknown,female
005227.wav,दाऊदने एक मोठा अपराध घडल्याचे पाहिल्याने त्याचे मन दुखावले गेले आहे.,mr,unknown,male
004420.wav,उडताना त्या परांद्यासारख्या शेपटाची दोन्ही टोके वा-यावर खालीवर होतात.,mr,unknown,female
010737.wav,"मंजू तुझी स्थिती तर ह्यापेक्षा कितीतरी चांगली आहे, तुझ्या ह्या वाटचालीत तुला अनेक अडचणी येणारच आहेत त्यावर मात करायला शिक.",mr,unknown,female
001656.wav,"एकदा टीनाच्या वर्गात गौरी नावाची नवीन मुलगी आली, नवीन असल्यामुळे टीचरांनी तिला टीना शेजारी बसवले.",mr,unknown,female
000107.wav,"म्हणूनच तर मी तिने सांगितलेला पोशाख पण घालून नाही आलो, पहा.",mr,unknown,female
006573.wav,आरोपी भोसले याला आष्टी पोलिसांकडून ताब्यात घेण्यात आले.,mr,unknown,male
005737.wav,"चालला हा खेळ सारा, आंधळ्या कोशिंबिरीचा",mr,unknown,male
000591.wav,सत्यकाम भीतभीत पुढे आला.,mr,unknown,female
005518.wav,"मी भिऊन अंधाराला, अडगळीत लपूनी जाई",mr,unknown,male
010281.wav,"मनू घरातून बाहेर पडेना, तो भयंकर मन:स्थितीत होता.",mr,unknown,female
002338.wav,"अनेक पर्वत, नद्या व नाले आणि विविध प्रकारचे पशू आणि पक्षी पहात सर्वजण आनंदाने जात होते.",mr,unknown,female
006129.wav,केवढी नम्रता केवढा थोरपणा पुलंच पत्र मला आल आणि जादूच घडली.,mr,unknown,male
010140.wav,असुरांबरोबर इंद्रदेव यांनी महर्षि दुर्वास यांच्या शाप निवाराणास समुद्र मंथन केले.,mr,unknown,male
003316.wav,उन्हाळयात पंख्यांना व शीतकाला लागणाऱ्या ऊर्जेसाठी सूर्यप्रकाशाचा उपयोग करता येईल.,mr,unknown,female
007776.wav,तेथे तो हर एक कामात हुशार होई.,mr,unknown,male
005372.wav,तर मग खर्‍या अपराधी कुत्र्यांना पकडून आपल्या अनुयायांचं रक्षण करणे आपलं कर्तव्य आहे.,mr,unknown,male
009265.wav,"लिखिताने शंखाकडे भेटीला जाण्याचे ठरवले, त्याप्रमाणे तो गेला पण शंख कामानिमित्त बाहेर गेला होता.",mr,unknown,male
010608.wav,"आईने मिनूला समजावून सांगितले, मिनू राणी, मिठूला आता चांगले उडता येऊ लागले आहे.",mr,unknown,female
004627.wav,"ती कथा महाकाव्याच्या रूपात तू रच; जोपर्यंत ही पृथ्वी आहे, तोपर्यंत ती कथा शाश्वत राहील.",mr,unknown,male
007466.wav,"आपण उपेक्षित अवस्थेत जगणार अन् शेवटी मरणार, असा विचार करता करता त्याचे डोके सैरभैर झाले.",mr,unknown,male
002914.wav,मला आश्र्चर्य वाटले कीं जर का मी बोललोच नसतो तर सर्व वस्तु विविधरूपाने बदलल्या असत्या.,mr,unknown,female
009736.wav,"एके दिवशी त्याला रहावले नाही, त्याने रडत रडत आपली भीती आपल्या आईला सांगितली.",mr,unknown,male
001906.wav,"मला रडता आलं असतं, राग धरता आला असता, चिडचिड करता आली असती.",mr,unknown,female
007361.wav,"स्वर्गात मला महात्मा फुले भेटले, त्यांना पाहून डोळ्यात माझ्या आश्रूंचा सागर दाटला.",mr,unknown,male
002848.wav,त्याने कांही कठोर परिश्रम केले नाहीत पण त्याने चमत्कार घडवले.,mr,unknown,female
002983.wav,"बोधिसत्वा, माझे वाईट दिवस आले आहेत.",mr,unknown,female
003856.wav,प्रत्येक पोथीत संबधित एकाच कथेची चित्रे असतात.,mr,unknown,female
009603.wav,त्यामुळे माझा व्यापार चांगला होईल.,mr,unknown,male
008671.wav,त्याची आई रोज त्याच्यासाठी वेगवेगळे पदार्थ करायची.,mr,unknown,male
006500.wav,बेनेट हे बॅंकेच्या समितीसमोर पगारवाढप्रश्‍नी वुल्फोवित्झ यांची भूमिका मांडणार आहेत.,mr,unknown,male
003953.wav,"त्यामुळे त्याला आपली राजधानी पैठणहून धन्यकटक गुंटुरजवळील धरणीकोटा, आंध्र प्रदेश येथे हलवावी लागली.",mr,unknown,female
003013.wav,एके दिवशी राजा आपल्या रथांत बसून वनविहार करून सूर्यास्तसमयी किल्ल्यांत परतला.,mr,unknown,female
005082.wav,सर्व जमीनजुमला विकून दुसर्‍या गावी रहायला जावे म्हणून निघाला.,mr,unknown,male
007368.wav,"सर्व जीवांमध्ये मानवाला सर्वात श्रेष्ठ बनवलं, पण या माणसानेच आज माणसातील माणुसपण नष्ट केलं.",mr,unknown,male
008188.wav,"शेतकरी, विणकरी, रंगारी, पिंजारी, सोनार, सुतार, लोहार, कुंभार सर्व प्रकारचे लोक होते.",mr,unknown,male
000030.wav,"राजा लगेच पळून गेला, त्या वेळी पुजार्याला देवदर्शन का होते, हे राजाला समजले.",mr,unknown,female
002406.wav,नारदाच्या बालवयांतच त्याची आई साप चावल्याने मरण पावली.,mr,unknown,female
005845.wav,या सर्व गोष्टी आज परिकथेप्रमाणे अद्भूत आणि असंभवनीय वाटतात.,mr,unknown,male
004908.wav,यज्ञकुंडातून प्रकट होऊन अग्निदेवाने दिलेले पायसदान घेऊन आनंदाने तो राजवाड्यात गेला.,mr,unknown,male
000466.wav,तसा प्रयत्न पुन्हा संतसज्जनांनी केला पाहिजे.,mr,unknown,female
010849.wav,"टीनाला तर रडूच फूटले, एवढी मोठी शाळा कशी झाडायची आणि घरी कधी जायचं, ह्याच काळजीत टीना होती.",mr,unknown,female
007960.wav,"प्रल्हादाच्या भक्तीमुळे त्याच्या मनात विवेक, वैराग्य, आनंद या गुणांचा विकास झाला, भोगांबद्दलची आसक्ती संपली.",mr,unknown,male
000569.wav,त्या वेळी मुलांना शिकण्यासाठी दूर अरण्यात एखाद्या ऋषीजवळ पाठवीत असत.,mr,unknown,female
008727.wav,समुद्रातले अनेक रंगी मासेही तिला खूप आवडत असत.,mr,unknown,male
003818.wav,मिशिचा बालाचा पिळ-विग ठेऊन धारुन स्मार्ट म्हणून दिसण्याचा,mr,unknown,female
006226.wav,"मराठी भाषिकांना यापुढे मराठीइंग्रजी किंवा इंग्रजीमराठी असाच शिक्षणातील भाषिक क्रम स्वीकारावा लागेल, असे मला वाटते.",mr,unknown,male
000218.wav,थोडीशी रक्ताची चटक लागताच तो ते मांस आनंदाने खाऊ लागला.,mr,unknown,female
003571.wav,ते आजपर्यंत मी मेडिको फ्रेंड सर्कल या आरोग्य चळवळीत सामील आहे.,mr,unknown,female
007230.wav,"एके दिवशी राजा देवळात गेला असतांना पुजारी पूजा करत होता, तेवढ्यात थोडा भूकंप झाला.",mr,unknown,male
005362.wav,"निमाला जरा धास्ती वाटत होती, पण ती रसरशीत केळी पाहून त्याला मोह आवरेना.",mr,unknown,male
000109.wav,"स्पष्टीकरण देताना बोलला कि, काही दिवसांपूर्वी ऑर्कुट वर त्यांची ओळख झाली होती.",mr,unknown,female
007584.wav,घरच्या दारिद्र्यामुळे तो दूध कोठून आणणार ?,mr,unknown,male
006138.wav,वयाच्या साठाव्या वर्षी त्यांनी ठरवली बंगाली भाषा शिकायची.,mr,unknown,male
008302.wav,"जरी त्या रानटी लोकांना प्रथम विशेष समजत नसे, तरी त्या पावन वातावरणाचा, ऋषींच्या व्यक्त्तिमाहात्म्याचा त्यांच्या मनावर संस्कार झाल्याशिवाय राहत नसे.",mr,unknown,male
005886.wav,त्यात माझा मायग्रेनचा त्रास तर जुनाच आहे.,mr,unknown,male
006928.wav,मुंबईतील उपासनास्थळांचा किंवा धर्मक्षेत्रांचा इतिहास हा या लेण्यांपासून सुरू होतो.,mr,unknown,male
005693.wav,थडथडणाऱ्या मेंदूच्या लगद्याचा होऊ दे कागद,mr,unknown,male
009510.wav,"आजही स्वातंत्र्यासाठी आम्ही रक्तच देतो, पण आझाद मात्र काश्मीर होतो.",mr,unknown,male
007610.wav,"त्यागराज बाजूला बघू लागले, तर तेथे कोणीच नव्हते.",mr,unknown,male
008432.wav,"कनिष्ठाच्या जवळ ज्येष्ठ असतो, या ज्येष्ठाने आपली जोखीम ओळखून वागले पाहिजे.",mr,unknown,male
007309.wav,"ती मुलगी गेलेल्या दिशेने बोट दाखवत तो बोलला, ती इथे मला भेटायला आली होती.",mr,unknown,male
001091.wav,सकाळच्या वेळी पाखरांना अंगणात नीवार धान्य टाकताना व हरणांना हिरवा चारा घालताना ऋषिपत्नीस मोठा आनंद होत असे.,mr,unknown,female
007518.wav,राजाला शरण येण्यास सांगितले; पण पराक्रमी रामदेवने त्याचा धिक्कार केला.,mr,unknown,male
003661.wav,अशी तक्रार आहे ब्रम्हचैतन्य गोंदवलेकर महाराजांची ‘संत साहित्य नुसते वाचू नका.,mr,unknown,female
003678.wav,गदि माडगुळकर यांनी आपल्या ‘गीतरामायणा’चा कौस्तुभमणी महाराष्ट्रशारदेश्च्या कंठात बांधला आहे.,mr,unknown,female
005946.wav,आजचे श्रीकृष्ण आई मरो अन्‌ मावशी जगो असेच म्हणतात.,mr,unknown,male
002577.wav,आपण हे केवढे घोर पाप करणार आहोत याचा त्याने विचार देखील केला नाही.,mr,unknown,female
008295.wav,मतंग ऋषींची पत्नी ही अत्यंत साध्वी व पतिपरायण होती.,mr,unknown,male
008375.wav,आपण त्या फुलाला त्याच्या आईच्या मांडीवरुन ओढून लवकर मारतो.,mr,unknown,male
003291.wav,तीन जमिनीला काटकोन करून उभ्या केलेल्या खांबावरून सूर्याची क्रांति व स्थलाचे अक्षांश काढण्यांत भारतीयांचा हातखंडा होता.,mr,unknown,female
003687.wav,गृहमंत्री असताना शिवसेनाप्रमुखांना अटक करण्यासाठी आपणच जंगजंग पछाडलेत.,mr,unknown,female
010341.wav,आपल्या मुलीचे कोडकौतुक राजा-राणी कितीतरी करीत.,mr,unknown,female
001672.wav,टीना आणि गौरीने संपूर्ण शाळा झाडून काढली.,mr,unknown,female
003321.wav,अन्न ऊर्जा मनुष्याला व प्राण्यांना अन्नाच्या रूपाने ऊर्जा लागते.,mr,unknown,female
007829.wav,"तो म्हणाला, `सत्यकामा, प्रकाशणाऱ्या चारी दिशा हा एक ईश्वराचा अंश आहे, तुला अग्निदेव आणखी ज्ञान देईल.",mr,unknown,male
005937.wav,देशपांडे यांनी सुद्धा अशाच प्रकारच्या शाब्दिक कोट्या करुन मराठी भाषेतील गंमती श्रोत्यांपर्यंत पोचविल्या आहेत.,mr,unknown,male
004395.wav,एकदम लेटस्ट डिझाईन अजुन बाजारात असा प्रकार यायचाय.,mr,unknown,female
007900.wav,"यज्ञाच्या सहाव्या दिवशी कोणते मंत्र म्हणावे हेच त्यांना समजत नाही, म्हणून त्यांचा यज्ञ पुरा होत नाही व त्यांना स्वर्ग मिळत नाही.",mr,unknown,male
009304.wav,एका चौकातून भरधाव गाडी धावत असताना एका मोटारवाल्याची धडक गाडीला बसली.,mr,unknown,male
001733.wav,हळुहळू आपली प्रखरता वाढवीत सूर्य तेजाने तळपू लागला.,mr,unknown,female
004845.wav,परशुरामावतार घेताना माझा परशू घेऊन जा व गर्वोन्नत झालेल्या क्षत्रियांचा संहार करणारा हो बरे,mr,unknown,male
006356.wav,म्हाळुंग्याच्या माजी सरपंचांचा खून हा जमिनीच्या वादातून झाल्याचे प्रारंभीच्या पोलिस तपासातून दिसत आहे.,mr,unknown,male
002817.wav,"तेंव्हा एक चोर धावत त्यांच्याजवळ आला, व काही सांगू लागला.",mr,unknown,female
000577.wav,दुसरी एक कल्पना मनात आल्यावर तर तिच्या डोळ्यात अश्रूच आले.,mr,unknown,female
001748.wav,"वाट्टेल तो प्रयत्न केला, तरी पाणी वळणावरच जाणार.",mr,unknown,female
002752.wav,जीवदन्त वृद्धाचे बोलणे मधेंच थांबवत म्हणाला.,mr,unknown,female
004487.wav,शिक्षक दिनाच्या खळबळजनक भाषणानंतर माझ्या वक्तृत्व स्पर्धा सुरू झाल्या.,mr,unknown,female
001924.wav,"कुणाच्याही ध्यानीमनी नसताना, मी मागीतलाही नसताना एक दिवस 'माझा' आला.",mr,unknown,female
000411.wav,"त्यागराज चोरांना म्हणाले, तुम्ही भाग्यवान आहात, मी रामभक्त असून मला रामाचे दर्शन अजून झाले नाही.",mr,unknown,female
008496.wav,"राजाच्या जुलमाला कंटाळून प्रजा स्थलांतर करीत असताना, ते केवळ उघडया डोळ्यांनी बघत राहण्यासाठीच तुम्ही प्रधान झाला आहात काय.",mr,unknown,male
002575.wav,इंद्राने विश्वरूपाच्या तपस्येचा भंग करण्याचा निश्चय केला.,mr,unknown,female
005604.wav,आगलावी आक्रस्तळेपणा होता म्हणुन मी ढसाळ ही बनलो,mr,unknown,male
009223.wav,"मग अचानक स्वराला स्वप्न पडले की, त्याचा झरा पार सुकून गेला, आणि त्याला वाचवण्यासाठी स्वराला तिकडे असणं गरजेचं आहे.",mr,unknown,male
000011.wav,तेव्हा राजाने त्यालाही हात जोडून नम्रपणे त्याचे नाव विचारले.,mr,unknown,female
002211.wav,तो हुरळून जात नाही आणि त्याचे टीकाकार अगदी कर्तव्य असल्यासारखे दोष दिग्दर्शन करतात,mr,unknown,female
008135.wav,पवित्र भारतभूमीला सहस्त्रशः वर्षांपासून भूकंप ठाऊक नाहीत.,mr,unknown,male
001218.wav,"मुलाचे शिक्षण हे मातेवर, पित्यावर, आप्तेष्टांवर, सभोवतालच्या सर्व सजीव-निर्जीव सृष्टीवर अवलंबून आहे.",mr,unknown,female
009146.wav,"मला खरोखरी कींव वाटली तुमची, अन्याय नाही वाटला.",mr,unknown,male
003245.wav,ग्रीन बिल्डिंग हा विषयही याच धर्तीवर महत्वाचा ठरतो.,mr,unknown,female
000719.wav,तो आपल्या सर्व वडील भावांहून श्रीमंत बनला.,mr,unknown,female
004899.wav,तो येतो तेंव्हा त्याच्या स्वागतार्थ दिवाळीचा सण भूलोकात साजरा होतो.,mr,unknown,male
003039.wav,त्याने त्यांच्या म्हणण्याकडे दुर्लक्ष केले व तो त्याच अरण्यमार्गें पुढे निघाला.,mr,unknown,female
006197.wav,या सत्ताधाऱ्यांनी अरबांच्या उंटाला आपल्या तंबूत उगाच प्रवेश दिलेला नाही.,mr,unknown,male
010147.wav,तेव्हाच आत्म्यावरील अहंचा पडदा दूर होऊन आत्मज्योत प्रकाशित होईल.,mr,unknown,male
000737.wav,ते पाहून देव व दैत्य त्याचा नाश करण्याचा प्रयत्न करू लागले.,mr,unknown,female
000736.wav,"त्याचे शीर आकाशात उडाले, तर धड पश्चिम समुद्राकडे पळू लागले.",mr,unknown,female
007564.wav,"एके दिवशी त्याला रहावले नाही, त्याने रडत रडत आपली भीती आपल्या आईला सांगितली.",mr,unknown,male
006439.wav,एकूण खेड्यांपैकी एक तृतीयांश खेड्यांना पिण्याकरिता पाणी मिळणे दुरापास्त झाले आहे.,mr,unknown,male
003523.wav,गरोदरपणात आईने फेरस लोहक्षार गोळया खाणे गरजेचे असते.,mr,unknown,female
000093.wav,अगदी योगायोगाने मी त्या दिवशी त्याच पोशाखात तिथे पोहोचलो होतो.,mr,unknown,female
005295.wav,हे लक्षात ठेव की रुपं बदलत असतात.,mr,unknown,male
008702.wav,अशा वेळी त्याला अत्यंत रडू येत असे.,mr,unknown,male
001892.wav,"तो दिवस माझ्या हृदयावर कोरून ठेवला गेला आहे, ज्या दिवशी मी माझ्या गुरूंना प्रथम पाहिले.",mr,unknown,female
003048.wav,राजधानीमध्ये एक वैभवसंपन्न मिरवणूक काढायचे आयोजन झाले होते.,mr,unknown,female
002923.wav,म्हणून आपण जरका एका पाठोपाठ एक असे गेलो तर ते सोईस्कर व सुखावह होईल.,mr,unknown,female
000497.wav,"अशा वेळी आश्रमात कोण आले, कोण गेले याचा त्यांना काय पत्ता असणार.",mr,unknown,female
003616.wav,स्वाध्याय तप म्हणजे आध्यात्मिक अभ्यास व साधना आणि ईश्वर-प्रणिधान ही समाधीची पूर्वतयारी आहे.,mr,unknown,female
009655.wav,मित्रप्रेमाचा हा एक आदर्श ठरेल !!,mr,unknown,male
007604.wav,पण तुमच्या दोन्ही बाजूंना तुमचे रक्षक असल्याने आम्ही तुम्हाला काहीच करू शकलो नाही.,mr,unknown,male
005732.wav,सांग तुझी प्रीत जरा योजवू कसा मी,mr,unknown,male
001207.wav,"जगात फक्त आईबापच शिकवतात, असे नाही, आजूबाजूचे सारे जग, सारी सजीव-निर्जीव सृष्टी शिकवीत असते.",mr,unknown,female
006696.wav,गलिच्छ राजकारणाने ग्रामीण भागाचा विकास खुंटला आहे.,mr,unknown,male
001176.wav,"शेतीभाती करावी, वृक्षांची फळे खावीत, कंदमुळे भक्षावीत, अशी राहणी चांगली नाही का.",mr,unknown,female
004885.wav,पण तो ताण सहन न झाल्यामुळे वासुकी आपल्या अनेक तोंडातून फेसाळ विष ओकू लागला.,mr,unknown,male
004056.wav,"प्लॅटफॉर्मवर रेडा आणि बुशशर्टवाले, पोराच्या खिडकीच्या बाहेर येऊन शांतपणे उभे राहिले.",mr,unknown,female
002772.wav,तसंच झालं तर जन्मभूमीवर प्राण देऊन पुण्य तरी मी कमावीन.,mr,unknown,female
001196.wav,"हिमालयाच्या दऱ्याखोऱ्यात असे प्रचंड व गगनचुंबी वृक्ष असतील, की ज्यांची नावे जगाला माहीत नाहीत.",mr,unknown,female
010857.wav,मुलांसाठी खेळायला मस्त प्रशस्त बाग होती.,mr,unknown,female
003004.wav,"पिलूशेट म्हणाले ते सत्य होणारच, असा पूर्ण विश्वास त्याला वाटला.",mr,unknown,female
004065.wav,या वेळी निमीत्त्य होते ते गाड्यांच्या मागे असणार्या नंबर प्लेट्स.,mr,unknown,female
007244.wav,पाच काठ्या एकत्र असलेली ती मोळी होती.,mr,unknown,male
008646.wav,थोडया वेळाने मिठू खिडकीतून दूर उडून गेली.,mr,unknown,male
000289.wav,त्यांच्या पाया पडला आणि राजाचा निरोप सांगितला.,mr,unknown,female
007479.wav,"माझ्या रामायणाचे उत्तरकांड अजून रचायचे आहे, ते मी आता रचणार नाही.",mr,unknown,male
002040.wav,दोन दिवस ह्याच्या दुप्पट रक्कम फेकली पण तुला राग आला नव्हता कारण त्या मागे कष्ट नव्हते.,mr,unknown,female
009678.wav,आत्मानंद महाराजांनी उठून दोघांचे स्वागत केले.,mr,unknown,male
001531.wav,आज दोघेही जण मासळी बाजारातून लवकर घरी आले होते.,mr,unknown,female
008171.wav,शरद आणि ग्रीष्म ऋतू वगळता निरोगी माणसाने दिवसभरात थोडेच पाणी प्यावे.,mr,unknown,male
005071.wav,ते दोष जर तू सुधारले नाहीस तर त्यात तुझेच नुकसान आहे.,mr,unknown,male
008561.wav,फक्त सूर्यच असल्यामुळे पृथ्वीवर कधी अंधारच होत नसे नेहमीच उजेड रहात असे.,mr,unknown,male
000389.wav,देव श्रद्धावंतांनाच भेटतो हेच खरे.,mr,unknown,female
000837.wav,लक्ष्मी ही फार चंचल असते असा समज आहे.,mr,unknown,female
010247.wav,"तो सुरा हातात घेऊन तो वेड्यासारखा बाहेर आला, लोक त्याच्याकडे पाहू लागले.",mr,unknown,female
008785.wav,आईच्या ह्या प्रश्नाने नीनाला निरुत्तर केले.,mr,unknown,male
008832.wav,त्यांच्या तिसरीच्या वर्गाची ट्रीप डोंगरावर जाणार आहे असे प्राची टिचरांनी सांगताच सर्व मुले आनंदाने 'हुर्रे' ओरडली.,mr,unknown,male
003371.wav,शहाण्णव मोड आलेली कडधान्ये जास्त आरोग्यदायक असतात.,mr,unknown,female
006303.wav,"दोघे मुंबईकर तरुण भाड्याने घेतलेल्या एका घोड्यावर स्वार होऊन, एका तालुक्याच्या सीमेवरून वहाणाऱ्या नदीकिनारी उतरले.",mr,unknown,male
003669.wav,"शरीरयष्टी शिडशिडीत, उंच, लांब चेहऱ्याची, गौर वर्णी, विषम अवयवाची, शरीराने नाजुक",mr,unknown,female
006058.wav,"भाषिक आक्रमणे हे धीमे असते, पण ते अनेक पिढ्या टिकणारे असते.",mr,unknown,male
001113.wav,"मी याविषयी त्यांना विचारले, तेव्हा त्यांच्या पत्नीने मोठ्या आनंदाने संमती दिली.",mr,unknown,female
004990.wav,तिथे जाऊन पाहिले तर त्या छोट्य़ा खोलीत एक म्हातारा बंदी होता.,mr,unknown,male
004706.wav,श्री रामचंद्राने सीता व लक्ष्मणासह दंडकारण्यात प्रवेश केला.,mr,unknown,male
001693.wav,"डोंगराला वाटे, छोटी छोटी झाडं मोठी झाली की त्याचं जंगल होतं, त्यांच्या फळबागा होतात.",mr,unknown,female
008398.wav,पुष्कळ वेळा मनुष्याचा मोठेपणा त्याच्या आईबापांवर अवलंबून असतो.,mr,unknown,male
009967.wav,"अशी कोणती वस्तू आहे, की जी पेटविली तरी तिचा प्रकाश पडत नाही ?’",mr,unknown,male
006845.wav,एन पटेल यांची वर्धा रोडवरील चिचभुवन परिसरात एक्केचाळीस एकर जमीन आहे.,mr,unknown,male
004120.wav,देवी हिडिंबा भीमाने तिच्याशी असंच औटघटकेसाठी विवाह केला होता.,mr,unknown,female
004707.wav,"ऋषींनी सीता, राम व लक्ष्मण यांचा प्रेमादरपूर्वक सत्कार केला.",mr,unknown,male
003791.wav,या विवंचनेत सारे स्तब्धपणे आपापल्या जागेवर उभे होते.,mr,unknown,female
004280.wav,होय अभिमान देशधडी ॥॥ राम ह्मणतां कर्म तुटेल भवबंधन.,mr,unknown,female
004036.wav,"रोज शाळेतून गेन घरी आल्यावर, दोघजणं एकमेकांशी अंधार पडेस्तोवर खेळायचे.",mr,unknown,female
009596.wav,"तेव्हा रानातला वाघ म्हणाला, कळले ना आता, अरे, जो मी आहे तोच तू आहेस, चल आता माझ्यासह वनात.",mr,unknown,male
005160.wav,क्षणभर तो विचारात पडला की आता काय करायचं,mr,unknown,male
000417.wav,त्या तरुणीच्या दासी त्या वृध्द पुरुषांना सावध करीत होत्या.,mr,unknown,female
009620.wav,"पुढे गेल्यावर लोक म्हणाले, हे दोघेही म्हसोबासारखे आहेत आणि छोट्याशा घोड्यावर बसले आहेत.",mr,unknown,male
003044.wav,खाऊन पिऊन झाल्यानंतर बोधिसत्व नदीकांठावर एक पंचा अंथरून झोपले.,mr,unknown,female
001731.wav,"अखेर कंटाळून जाऊन वा-याने आपण हरल्याचे कबूल केले, व त्या प्रवाशाला सूर्य नारायण कसे काय वागवतील, ह्या उत्सुकतेने वायुराज गंमत पाहू लागले.",mr,unknown,female
001473.wav,"चिनू आज मला तुझी मदत हवी आहे, मटार सोलून दे बरं, बाबा पोळया लाटता लाटता म्हणाले.",mr,unknown,female
010607.wav,आता मिठूला चांगले उडता येऊ लागले होते.,mr,unknown,female
007204.wav,त्यांना एक सुंदर स्त्री राजवाड्यातून बाहेर पडतांना दिसली.,mr,unknown,male
002158.wav,"चिमणी म्हणाली 'तू बैस चुलीपाशी', कावळा चुलीपाशी बसला.",mr,unknown,female
002109.wav,"तत्परतेने बाईंनी सगळी व्यवथा केली, घरचा पत्ता विचारला नातेवाईकांना कळवले.",mr,unknown,female
003996.wav,कारण ब्लड-ब्रेन बॅरियर यंत्रणे पासून मुक्त अशा सोप्या मार्गाने ही औषधे काम करतात.,mr,unknown,female
005237.wav,कोणत्याही विषयाचा अगदी सखोल विचार करणे अतिशय जरूरीचे असते.,mr,unknown,male
004141.wav,आणि मग अचानक एका आठवड्यात तीन ठिकाणी इन्टरव्ह्यु साठी कॉल्स आले.,mr,unknown,female
000009.wav,त्यानंतर त्याच्या पाठोपाठ तिसरा पुरुष यश निघून गेला.,mr,unknown,female
000469.wav,जगाला भागवत धर्माचं महत्त्व पटविण्यासाठी उपाय करण्याची विनंती करतो.,mr,unknown,female
001471.wav,शेवटी काही न खाताच तो चिडून खेळायला गेला.,mr,unknown,female
007220.wav,"सदाचार बाहेर पडला नाही, हे पाहून बाहेर गेलेली लक्ष्मी, दान आणि यशही परत आले.",mr,unknown,male
009747.wav,"गोपाळदादा धाव, आता तूच माझे रक्षण कर.",mr,unknown,male
009784.wav,"त्यागराजांनी त्यांना विचारले, ते रक्षक कसे दिसत होते ?",mr,unknown,male
000922.wav,‘झाडांचे गोपनीय जीवन’ हा पीटर टोम्पकिन्स आणि क्रिस्टोफर बर्ड या शास्त्रज्ञांचा ग्रंथ त्या नियमांचे विश्लेषण करून ते सिद्ध करतो.,mr,unknown,female
007486.wav,"त्याला अध्यात्म शिकण्याची इच्छा झाली, तेव्हा शूरसेनने आपल्या प्रधानाला बोलावले.",mr,unknown,male
010658.wav,अजून कुकर लावायचा बाकी होता.,mr,unknown,female
010599.wav,"मैनेला घरात आणल्यावर मिनूने कापसाच्या बोळ्याने पाणी पाजले, तिला थोडी तरतरी आली.",mr,unknown,female
006097.wav,सरकार आधुनिक भारतीय भाषांचा पुरस्कार करीत नाही म्हणून त्यांनी आंदोलनाची भाषा केली.,mr,unknown,male
007628.wav,"माझ्या या संकटप्रसंगी आपली कृपा झाली तर, सगळं दु:खं नाहीसं होईल.",mr,unknown,male
008560.wav,"फार फार वर्षांपूर्वी पृथ्वीची उत्पत्ती झाली तेंव्हा फक्त सूर्यच आकाशात होता, चंद्र अजिबातच नव्हता.",mr,unknown,male
009289.wav,"खांडेकरांनी दोन क्षण डोळे मिटले, प्रसंग त्यांच्या डोळयासमोर दिसु लागला.",mr,unknown,male
003609.wav,त्वचेजवळ असल्याने मूत्रपिंडातले आणि वरच्या मूत्रवाहिनीतले लहान खडे छोटया शस्त्रक्रियेद्वारे काढता येतात.,mr,unknown,female
008776.wav,होता होता वाढदिवसाचा दिवस उजाडला.,mr,unknown,male
007986.wav,सारखा कचरा होतो आणि झाडावा लागतो.,mr,unknown,male
003450.wav,गर्भाशयाच्या दाबामुळे गुदाशयावर दाब येऊन मलविसर्जनाला अडथळा येतो.,mr,unknown,female
003469.wav,या पुस्तकातल्या विविध प्रकरणांमधून विविध प्रयत्नांना चालना मिळावी अशी अपेक्षा आहे.,mr,unknown,female
002953.wav,"आम्हाला असला धिप्पाड, कुरूप काका आहे हे ठाऊकच नव्हतं.",mr,unknown,female
008064.wav,घरोघरी सायंकाळी पाटाभोवती रांगोळी काढून पत्नी पतीला औक्षण करते व पती पत्नीला ऒवाळणी घालतो.,mr,unknown,male
001954.wav,"या विद्यार्थ्यांनी आजपर्यंत अनेक आपतग्रस्तांना मदत केली होती, पूर, वादळ, वायुग्रस्तांना यथायोग्य सहाय्य केलं होतं.",mr,unknown,female
000971.wav,काहीजणांना वैद्यांनी त्यांच्या रोगाला अनुसरून भरपूर पाणी पिण्यास सांगितलेले असते.,mr,unknown,female
000795.wav,मग ह्या पावसाळ्यात झाडे लावूयात.,mr,unknown,female
000731.wav,मग विष्णूंनी मोहिनीरूप घेऊन वाटप सुरू केले.,mr,unknown,female
009900.wav,त्या वेळी गौतमांपाशी अनेक राजपुत्र आणि ब्राह्मणकुमार शिकण्यास होते.,mr,unknown,male
004561.wav,एक ह्युस्टन डाउनटाऊन मधे आर्ट म्युझीयम अगदी बघण्यासारखं आहे.,mr,unknown,female
007350.wav,आमचं केविलवाण जग पाहून डोळ्यात पाणी तरारले.,mr,unknown,male
009046.wav,"त्या चाकाखाली ती गांधीलमाशी चिरडून मेलीच, पण तिच्याबरोबर त्या सापाचीही सपाटपोळी झाली.",mr,unknown,male
009409.wav,आयुष्यात चांगली कमाई करून आणि स्वत: चांगले जीवन जगूनसुद्धा त्याच्या पाच मुलांमध्ये सदान्-कदा चालणाऱ्या भांडणांमुळे तो दु:खी होई.,mr,unknown,male
002632.wav,चार एकरांची शेती झाली आणि दहा हजार रुपयांची रोख रकम त्याने जमवली.,mr,unknown,female
005909.wav,की ना उमेद मी कधीच नव्हते,mr,unknown,male
005307.wav,"महासागरावर जरी हवा थंड होती, तरी माझा चेहरा गरम वाटू लागला.",mr,unknown,male
005412.wav,ते कुशाग्र बुद्धीचे होते व त्यांना शुभाशुभशकुनांचे शास्त्र चांगले अवगत होते.,mr,unknown,male
006855.wav,वेताळ देवालयाचा त्रैवार्षिक गड्याचा जत्रोत्सव वीस दिवस चालतो.,mr,unknown,male
003486.wav,यामुळे मूत्रनलिका योनिमार्ग गुदाशय आदी मार्ग अरूंद होण्याची शक्यता असते.,mr,unknown,female
010677.wav,आईबाबा त्याला ह्या गोष्टीवरुन खूप समजावत पण त्याला अजिबात समजावून घ्यायचे नसायचे.,mr,unknown,female
008386.wav,"हे रानफूल सात्त्विक सौंदर्याने, गुणगंधाने नटताना पाहून त्याला का धन्य वाटणार नाही.",mr,unknown,male
000705.wav,"तो म्हणजे रुद्र होता, रुद्र मोठा भयंकर दिसे, पण नाभा यत्किंचितही न भिता आपला हक्क बजावीत होता.",mr,unknown,female
002465.wav,"तसं असेल तर, वामनावतार धारण केल्यावर बलीचक्रवर्तीला पाताळात घुसेपर्यंत पावलांनी दाबशील बरे!",mr,unknown,female
005262.wav,आपल्या जीवाचीसुद्धा पर्वा न करता तू हे साहस करतो आहेस.,mr,unknown,male
008280.wav,"अगस्ती हा विंध्यपर्वत ओलांडून दक्षिणेकडे आलेला पहिला संस्कृतिप्रसारक होय, ही गोष्ट त्याने विंध्यपर्वतास वाढू नकोस, असे सांगितले त्यात दिसून येते.",mr,unknown,male
000246.wav,"काही अंतरावर गेल्यानंतर लोकांचे बोलणे ऐकू आले, किती मूर्ख आहेत हे लोक ?",mr,unknown,female
009670.wav,प्रधानाने राजास त्याप्रमाणे कळवले.,mr,unknown,male
004510.wav,सकाळी निसर्गात जंगलाच्या बाजुने पदभ्रमण व पक्षी निरिक्षणाचा कार्यक्रम होता.,mr,unknown,female
001079.wav,आमचे हे प्राचीन आर्य धर्मप्रचारक रानटी लोकांत जाऊन आश्रम स्थापून त्यांना संस्कृतिज्ञान देऊ लागले.,mr,unknown,female
009319.wav,"वेदना होतच होत्या तशातच ते म्हणाले 'देवासारखी मदत करणार्‍या आपण आहांत तरी कोण, आपले उपकार मी विसरू शकणार नाही.",mr,unknown,male
001723.wav,"तेव्हा डोंगराला मनापासून, अगदी मनातल्या मातीपासून खूप आनंद झाला!",mr,unknown,female
009318.wav,"आता शर्माजी बरेच सावरले होते, अपघाताची जाणीव झाली होती.",mr,unknown,male
006192.wav,राजेसाहेबांनाही अंगरखा कुठे आहे हे विचारण्याचे धाडस झाले नाही.,mr,unknown,male
003539.wav,मात्र प्रौढ वयात दुपारी मिनिटांची डुलकी घेणे फायद्याचे असते.,mr,unknown,female
007566.wav,दिवसभर दुसऱ्याकडे पोटासाठी राबणारी ती गरीब बाई मुलाला आणायला कशी जाणार ?,mr,unknown,male
004503.wav,जीटीजी झाल्यावर कोणीतरी रिकामटेकडी व्यक्ती त्याचा वृत्तान्त मायबोलीवर टाकते.,mr,unknown,female
005065.wav,"कित्येक वैद्यांनी उपचार केले, पण काही फरक पडला नाही.",mr,unknown,male
003814.wav,बी डी ताईन दार उघडलं `प्रकाशी चांदणं' निखळत होतं,mr,unknown,female
002518.wav,त्यांनी रेणुकेचे सांत्वन केले आणि आपल्या यौगिक शक्तीने जमदग्नीला जिवंत केले.,mr,unknown,female
001112.wav,"एक दिवस भिल्ल राजा आपल्या राणीला म्हणाला, आपल्या या मुलीला मतंग ऋषींच्या आश्रमात ठेवले तर.",mr,unknown,female
009382.wav,"लक्ष्मी बाहेर पडली, नंतर लक्ष्मीच्या पाठोपाठ एका सुंदर पुरुषाला राजवाड्याबाहेर पडतांना पाहून राजाने त्यालाही विचारले.",mr,unknown,male
004383.wav,तिच्या खाण्यापीण्याच कस बघता येईल आणी अजुन काय काळजी घेतली पाहीजे.,mr,unknown,female
004388.wav,"मोठी झाली, की त्यांची ओपिनियन्स फर्म होतात, अमेरिकन कम्फर्ट झोनमध्ये जातात.",mr,unknown,female
005171.wav,त्या काळ्या हडळीच्या हातात एक जळती मशाल पण आहे.,mr,unknown,male
002484.wav,"गजेंद्राने स्वतः आपली सुटका करुन घेण्यासाठी नाना प्रकारे आदळआपट केली, परंतु सर्व फुकट.",mr,unknown,female
003602.wav,"म्हणजे अंगठा, हात, पाय, चेहरा, इत्यादी सर्व भागांकडून येणा-या संदेशांसाठी विशिष्ट जागा ठरल्या असतात.",mr,unknown,female
009530.wav,"जिन्हा सुद्धा तिथेच होता, म्हणाला लवकरच आमची संख्या इथे लाखांवर जाईल, आणि मग स्वर्गाची सुद्धा फाळणी होईल.",mr,unknown,male
001579.wav,"तिची चूक तिला उमगली, आपण सीमाच्या मनाचा विचार न करता आपण तिचा स्नेहसम्मेलनाचा ड्रेस घालायला मागितले ह्या बद्दल तिला वाईट वाटले.",mr,unknown,female
000064.wav,"ज्या क्षणी अहंकार बळावतो, त्या वेळी आपली स्थिती गाढवापेक्षा वेगळी राहत नाही.",mr,unknown,female
010630.wav,"आम्ही त्याच्या सेलिब्रेशनची तयारी करत आहोत, आदितीने समजूत काढली.",mr,unknown,female
002931.wav,"तो उच्च कुळांतच जन्मला होता, परंतु फार गरीब होता.",mr,unknown,female
003232.wav,जमीन वापरातील प्रचंड मोठ्या प्रमाणातील बदल हे बांधकाम त्यासाठीच्या मूलभूत गरजा इन्फ्रास्ट्रक्चर उदाहरणर्थ.,mr,unknown,female
010310.wav,"त्याच्या पाठोपाठ भारद्वाज, मतंग, अत्रि प्रभृत्री ऋषी येऊ लागले व आपापले आश्रम रमणीय अशा ठिकाणी स्थापू लागले.",mr,unknown,female
009089.wav,आषाढातील पौर्णिमेस 'गुरूपौर्णिमा' म्हणतात.,mr,unknown,male
006506.wav,बॅंड पथक ठरविण्याबरोबरच श्रीवंदनासाठी लागणारा घोडाही ठरवला जातो.,mr,unknown,male
010087.wav,पक्षी झाडावर घरटी बांधतात आणि छोट्या छोट्या पिल्लांना त्यात ठेवतात.,mr,unknown,male
006292.wav,हॉटेलमध्ये गेलेला एक इसम गरमगरम मिसळ खात असता त्याला त्या मिसळीत एक मेलेल झुरळ सापडल.,mr,unknown,male
003350.wav,तसेच कारखान्यांमधील बॉयलर्समध्ये इंधन म्हणून लाकूडच वापरतात.,mr,unknown,female
001356.wav,त्यांना विश्रांती कधी घ्यावी हे समजत नसे.,mr,unknown,female
007179.wav,"अस्नोडा, पीर्ण, नादोडाच्या लोकांना थिवीच्या इस्पितळाचा वापर करता येईल, असे मत हळर्णकर यांनी मांडले.",mr,unknown,male
003896.wav,मनूच्या वारसदारांनो बुब्बळे बाहेर काढू नका,mr,unknown,female
007558.wav,त्याचे गुरुजी प्रेमळ होते आणि शाळेतील सवंगडीही मनमिळाऊ होते.,mr,unknown,male
001331.wav,रात्री जेवायच्यावेळी आईने नीतूच्या आवडीचा पुलाव आणि रायते केले होते तरी तिचे जेवणात अजिबात लक्ष नव्हते.,mr,unknown,female
004644.wav,कुशनाभचा मुलगा गाधिराज याचे विश्वामित्र हे जेष्ठ चिरंजीव.,mr,unknown,male
001003.wav,"असे काही दिवस गेले, एकदा काय झाले, त्या गावात एक परका पाहुणा आला.",mr,unknown,female
008991.wav,त्यांची ती वरवरची दिखाऊ नीती नि प्रतिष्ठा संशयास्पद व धोकेबाज समजणे शहाणपणाचे होय!,mr,unknown,male
006773.wav,"गार्डन ऑफ हेवन, जिआँगशान टेकडी व पार्क पाहिला.",mr,unknown,male
006452.wav,या एन्ट्रीची नोंद ट्रकचालकाजवळील एका कागदावर होते.,mr,unknown,male
005545.wav,"मातीतुनचं जन्माला आला रंग, संवाद, संवेदनांचा एक भला मोठ्ठा पुंजका",mr,unknown,male
001083.wav,हे राजे आपली मुलेबाळे या ऋषींच्या आश्रमात शिकण्यासाठी कधीकधी ठेवीत.,mr,unknown,female
002217.wav,पंचवीस टक्के मुलांमध्ये नपुंसकत्व आले आहे.,mr,unknown,female
001040.wav,खुनी माणसाचा मित्र असं आता लोक मला म्हणतील व हिणवतील.,mr,unknown,female
002685.wav,ती जे खातपीत होती ते तिला पचत नव्हते.,mr,unknown,female
010753.wav,"आई, आज मी निळ्या ड्रेसवर हे बूट घातल्यावर किती छान दिसतील नाही, नीनाने आईला मीठी मारत विचारले.",mr,unknown,female
001027.wav,"आपला मित्र तरी आपणांस सहानुभूती दाखवील असे मनूस वाटत होते, परंतु तीही आशा का विफळ होणार.",mr,unknown,female
000264.wav,"एके दिवशी कूत्तनने, स्वतःच रचलेले रामायण जाळून, त्या रामायणाची राख अंगाला फासून, गोसावी बनण्याचे ठरवले.",mr,unknown,female
007112.wav,"रंगुबेली, सेमाडोह, कोलखास हे क्षेत्र व्याघ्र प्रकल्पाचे क्षेत्र आहेत.",mr,unknown,male
001248.wav,"आपल्या आश्रमात आता खाजगी असे काहीएक नाही, जे आहे, ते सर्वांच्या मालकीचे आहे.",mr,unknown,female
006670.wav,ला असताना गुलछडी पीक येथील शेतकऱ्यांना वरदान ठरले आहे.,mr,unknown,male
009482.wav,"ती मुलगी गेलेल्या दिशेने बोट दाखवत तो बोलला, ती इथे मला भेटायला आली होती.",mr,unknown,male
000656.wav,"कोणतीही वस्तू पेटली, की तिचा थोडा तरी प्रकाश पडणारच.",mr,unknown,female
000624.wav,"तो म्हणाला, `सत्यकामा, प्रकाशणाऱ्या चारी दिशा हा एक ईश्वराचा अंश आहे, तुला अग्निदेव आणखी ज्ञान देईल.",mr,unknown,female
005820.wav,आर्थिक क्षेत्रातही अनेक महिला मोठ्या पदांवर कार्यरत आहे.,mr,unknown,male
010674.wav,कधी जर खूप थंड किंवा अती गरम पदार्थ खाल्ले तर त्याच्या दातातून कळा येत असत.,mr,unknown,female
003747.wav,"पूर्वी संस्थान असताना पालखीकरिता हत्ती, घोडे वगैरे सर्व लवाजमा असे.",mr,unknown,female
005255.wav,माधवने मोठ्या कष्टाने स्वतःला वाचवले पण त्याच्या मुलांना आणि बायकोला चित्त्यांनी मारुन टाकले.,mr,unknown,male
002345.wav,राज्याभिषेकाची ही सर्व तयारी व्यर्थ जाणार नाहीं.,mr,unknown,female
002535.wav,पर्वत व नारद दोघे वैकुंठलोकी धावले.,mr,unknown,female
002389.wav,‘शंकर आपल्याला परत काहीतरी करील या कल्पनेने घाबरून अडखळत पावले टाकणार्या गणेशाच्या बालचेष्टांचे सर्वांनाच कौतुक वाटले.,mr,unknown,female
006877.wav,मुद्देमाल हस्तगत करण्यासाठी रिव्हॉल्वर काढले जात आहे.,mr,unknown,male
010293.wav,"मनूच्या मनात शेकडो स्मृती जमल्या होत्या, हृदयात कालवाकालव होत होती.",mr,unknown,female
007713.wav,"त्याने ऋषींना वंदन केले आणि नम्रपणे तो म्हणाला, मुनिवर्य, मला खूप तहान लागली आहे, पाणी द्यावं प्यायला!",mr,unknown,male
001167.wav,"फूल घरी आणले तर किती लवकर कोमेजते, परंतु झाडावर ते बराच वेळ टवटवीत दिसते.",mr,unknown,female
001108.wav,"मनुष्य रानटी असो वा सुधारलेला असो, मनुष्यस्वभाव हा सर्वत्र सारखाच आहे.",mr,unknown,female
007135.wav,दुंडगेत भिंत कोसळून दोन मुलांचा मृत्यू झाला .,mr,unknown,male
001767.wav,"काटेरी झुडुप व त्याच्यावर चढून बसलेला साप पाहून कोल्हा म्हणाला, वा:! सुंदर! आत बसलेला तो प्रवासी आणि त्याला वाहून नेणारी ती नाव, दोन्हीही एकमेकांना कशी अगदी शोभून दिसतात.",mr,unknown,female
008384.wav,"इतक्यात ऋषिपत्नी बाहेर आली व म्हणाली, मी तुम्हाला सांगू का कालची गंमत.",mr,unknown,male
007592.wav,तो चमत्कार पाहून गुरुजींनी त्याची क्षमा मागून सत्य स्थिती विचारून घेतली.,mr,unknown,male
002407.wav,"कृमीकीटक व जनावरे सुद्धा रानावनांत स्वच्छंदपणे हिंडतात, फिरतात!",mr,unknown,female
010516.wav,उन्मत्तसिंग नावाचा एक अत्यंत जुलमी राजा होता.,mr,unknown,female
000578.wav,"ती एक दासी होती, तिला ना जात ना गोत !",mr,unknown,female
008920.wav,हे ऐकून डोंगराचे डोळे पाणावले.,mr,unknown,male
008431.wav,"वसिष्ठऋषी वेदामध्ये वरूणदेवाला म्हणतात, हे वरूणदेवा, माझ्या हातून जर काही वाईट झाले असेल, तर त्याबद्दल माझ्या वडील मंडळीस जबाबदार धर.",mr,unknown,male
006072.wav,"दता पवार, महाराष्ट्र टाइम्स सोळा मे, एकोणीसशे अठ्ठयात्तर",mr,unknown,male
003985.wav,आळंदीस जाऊन ज्ञानेश्वरांच्या समाधीचा जिर्णोद्धार केला आणि त्यानंतर ‘ज्ञानेश्वरांची संवहिता’ शुद्ध केली.,mr,unknown,female
009622.wav,हे ऐकून दोघेही पायी चालू लागले.,mr,unknown,male
008679.wav,आईला बरे नाही म्हणून संध्याकाळी बाबा स्वयंपाक करत होते.,mr,unknown,male
006088.wav,गणित आणि सर्व शास्त्रे आजच्या स्थितीतही उत्तम प्रकारे मराठीतून शिकविता येतील.,mr,unknown,male
009033.wav,आपल्या अर्ध्या घरात तो राहीला तर सोबत होईल आ हळुहळू परस्परांची मैत्रीही वाढत जाईल.,mr,unknown,male
003273.wav,आणि मानवी इच्छेवर निसर्ग चालत नाही.,mr,unknown,female
007912.wav,ते सांगतील तेव्हा तुझी खात्री होईल.',mr,unknown,male
005767.wav,"स्त्रीची प्रतिष्ठा फक्त वीर पत्नी अथवा वीर माता होण्यात नाही, तर वीर स्त्री होण्यात आहे.",mr,unknown,male
000410.wav,चोरांना दिसलेले रक्षक म्हणजे श्रीराम आणि लक्ष्मणच होते.,mr,unknown,female
003023.wav,"त्याचे सौंदर्य पाहून त्याच्या मालकाला तर आनंदच झाला, इतर लोकांनाही तो हवाहवासा वाटे.",mr,unknown,female
007975.wav,"गार गार सावली, गोड गोड फळे, देवाला फुले, झाडे फ़क़्त एवढेच नाही देत, तर झाडामुळे पाउस पडतो.",mr,unknown,male
000077.wav,"आपण जे काही असतो, किंवा बनतो, त्यात त्यांचा बराच हातभार असतो.",mr,unknown,female
008137.wav,अनेक घरांमध्ये पूर्वी एकत्र बसून रात्रीचे जेवण घेतले जायचे.,mr,unknown,male
004302.wav,"बोर्न्विटा आमच्या लहानपणी गावातच कुठेही मिळत नव्हता, आता मिळतो.",mr,unknown,female
010564.wav,"नम्रता तर, बाबांनी आंबे आणले की लगेचच त्याच्या कोयी आपल्याला कधी मिळतात ह्याची वाट बघायची.",mr,unknown,female
006623.wav,शाहीन व घोरी या दोन क्षेपणास्त्रांनंतर हत्फ आता पाकिस्तानच्या लष्कराचा महत्त्वाचा घटक बनले आहे.,mr,unknown,male
006320.wav,"यावर म्हशीचा मालक त्या म्हैस चोराला म्हणाला, माझा शब्द म्हणजे शब्द.",mr,unknown,male
004032.wav,फक्त एकाच बेंचवर एका सुन्दर कमनीय स्त्रीदेहाशेजारी एक रिकामी जागा असावी.,mr,unknown,female
002743.wav,एवढ्यांत जवळच्या विटांवर कांहीतरी जडवस्तू आपटल्याचा आवाज दोघांनी ऐकला.,mr,unknown,female
005268.wav,"समरबाहू, चंदू, माझे हात धरून दाराच्यावर चढून या.",mr,unknown,male
004195.wav,बहुतांश गोविंदा हे व्यायामशाळेतील कसलेल्या शरिरसौष्ठवाचा पुरेपूर उपयोग करतात.,mr,unknown,female
006725.wav,"फ्लॅट मिळत नाही, पैसे घेऊन जा!",mr,unknown,male
004849.wav,त्या दोघा भावांमध्ये भांडण लावशील का,mr,unknown,male
001786.wav,"त्याने कसून चौकशी केली, पण कोणीही कबूल होईना.",mr,unknown,female
000094.wav,तिला बऱ्याचदा सांगण्याचा प्रयत्न केला पण ती काही बोलू देईनाच.,mr,unknown,female
001596.wav,असे म्हणत असतांनाच त्याच्या टेबलवर एक पिवळा-नारिंगी प्रकाश भुवनला दिसला.,mr,unknown,female
007848.wav,"गौतम म्हणाले, `सत्यकामा, ईश्वराचे ज्ञान झाल्यासारखा तू तेजस्वी दिसतोस, कुणी शिकविले तुला?",mr,unknown,male
000684.wav,"मनूला पुष्कळ मुलगे होते, त्यांत नाभानेदिष्ठ हा सर्वात धाकटा होता.",mr,unknown,female
007560.wav,त्याला दिवसा जाण्यात काहीच वाटत नसे.,mr,unknown,male
000648.wav,सत्यकामाला सर्व चराचर सृष्टीत भरलेल्या ईश्वराचे ज्ञान गौतमांनी आपल्या रसाळ वाणीने पुन्हा समजावून दिले.,mr,unknown,female
007464.wav,"कूत्तन आपले रामायण गायला बसला की, श्रोते नगण्यच असायचे, त्यामुळे कूत्तन हिरमुसला व्हायचा.",mr,unknown,male
000715.wav,एवढा क्रूर तो पण नाभाचा हिरमोड पाहून त्याचेही मन विरघळले.,mr,unknown,female
007734.wav,"शृंगीने होमशाळेतील कमंडलूमधून पाणी घेतले, ते भूमीवर टाकून ही शापवाणी उच्चारली, तेव्हा सर्व ऋषिकुमार भयभीत झाले.",mr,unknown,male
001077.wav,"चित्रकूट हे पर्वताचे नावच त्या पर्वताची सुंदरता पटवून देते, तेथे भारद्वाज ऋषी राहिले.",mr,unknown,female
000291.wav,"राजाला अध्यात्म शिकायचे आहे, तर आवश्यकता राजाला आहे.",mr,unknown,female
001635.wav,"सर्वांनी आपल्या बॅगपॅक पाठीवर टाकल्या, टोप्या घातल्या आणि चढायला सुरूवात केली.",mr,unknown,female
005427.wav,याचा अर्थ असा की रथाचे कातडी सामान किल्ल्यातल्या कुत्र्यांनीच खाल्लेले असणार,mr,unknown,male
002076.wav,प्रसिध्द लेखक कै. वि. स. खांडेकरांकडे अलोट गर्दी जमली होती.,mr,unknown,female
005932.wav,"मी नजरेला, खास नेमले गस्त घालण्यासाठी",mr,unknown,male
007221.wav,"मुलांनो, सदाचाराने वागणे हेच आयुष्याचे सर्वस्व आहे.",mr,unknown,male
004573.wav,"म्हणजेच, कष्टानंतर ते थांबवताच लवकरात लवकर विश्रांत अवस्थेतला हृदयस्पंदनदर गाठण्याची क्षमता.",mr,unknown,female
002261.wav,तुम्ही दोघांनी विश्वामित्र ऋषींचा अनुग्रह संपादन केलात.,mr,unknown,female
002089.wav,कुठलीही ओळख न देता उपकाराची भावना प्रगट न करता आपण निघून गेलात.,mr,unknown,female
001489.wav,"मोंटूचा मामाही अमेरिकेत होता, त्यामुळे सतत मोंटूला चॉकलेटचे विविध प्रकार खायला मिळत.",mr,unknown,female
004844.wav,"तू गजासुराचा जो विनाश केलास, त्याची आठवण म्हणून आतापासून, चिरकालापर्यंत गणपतीनवरात्रीचा उत्सव, लोक मोठ्या समारंभाने करतील.",mr,unknown,male
007384.wav,"एका माणसाने आपला नेहमीचा वेष बदलला, दाढी वाढविली, गळ्यात सोन्याची जाड चेन, हातात ३ जाडजूड अंगठ्या घातल्या.",mr,unknown,male
009825.wav,मुद्दाम आपला अपमान करण्यासाठी ऋषीने मौन धारण केले आहे!,mr,unknown,male
004606.wav,हनी नूडल्स व्हॅनिला आईसक्रीम सोबत आणि चॉकेलेट मूज मस्तच्.,mr,unknown,female
006839.wav,त्यामुळे जनता दलही आता स्वबळावर रिंगणात उतरत आहे.,mr,unknown,male
003533.wav,म्हणजेच प्रत्येक गावात पाच-दहा तरी मनोरुग्ण असण्याची शक्यता आहे.,mr,unknown,female
004982.wav,सर्वात अगोदर तर अत्याधिक उजड खगोलशास्त्रविषयी अवलोकनात नुकसानदेह साबित होउ शकतो.,mr,unknown,male
005326.wav,बाळपणापासूनच तो वडीलधार्‍यांकडून व्यापाराचे बारकावे शिकत आला होता.,mr,unknown,male
009659.wav,"त्याला अध्यात्म शिकण्याची इच्छा झाली, तेव्हा शूरसेनाने आपल्या प्रधानाला बोलावले.",mr,unknown,male
009890.wav,दुसरी एक कल्पना मनात आल्यावर तर तिच्या डोळ्यात अश्रूच आले.,mr,unknown,male
004697.wav,रामाऐवजी मी वनवासास जातो व रामाने माझ्याऐवजी राज्य स्वीकारावे.,mr,unknown,male
004657.wav,पण राम अयोध्येला असल्याकारणाने त्याने वडिलांना कोणत्याही प्रकारची उणीव भासू दिली नाही.,mr,unknown,male
000186.wav,"मुख्याध्यापक जे म्हणत आहेत ते बरोबर आहे, महाविद्यालयात सुशिक्षित शिक्षकाची गरज आहे.",mr,unknown,female
010298.wav,"आर्य प्रथम पंजाबात आले, तेथे नीट पाय रोवून ते आणखी पुढे सरकले.",mr,unknown,female
002358.wav,राम वनवासाला निघून गेल्यानंतर अयोध्यानगरी ओसाड पडल्यासारखी झाली.,mr,unknown,female
010129.wav,त्याच्या अवतीभवती सोन्या चांदीच्या मोहरा ठेवल्या जातात.,mr,unknown,male
003650.wav,उष्ण-दमट प्रकारच्या हवामानातील अनाच्छादनाच्या क्रियेमुळे भूस्वरूपात आणखी बदल घडून येतात.,mr,unknown,female
010084.wav,"नद्या पाण्याने भरतात, शेते पिकांनी भरतात, डोंगर हिरवे होतात, आपल्याला आनंद देतात.",mr,unknown,male
002630.wav,इतके कष्ट सहन केल्यानंतर जेव्हां तुला समजेल,mr,unknown,female
000020.wav,एक राजा खूप मोठा देवभक्त होता.,mr,unknown,female
001298.wav,"तो राजाला म्हणाला, महाराज, पक्ष्यांची भाषा जाणणारा एक बैरागी बाहेर आला असून, तो आपली भेट घेऊ इच्छितो.",mr,unknown,female
001897.wav,"ठाऊक आहे, वनात बागडणं, मनसोक्त गीतं गाणं, पोहणं आणि त-हेत-हेची फळं औषधी यांच जतन करणं, झाडांवर प्रेम करणं.",mr,unknown,female
006754.wav,अनुभवाचे क्षेत्र विस्तारते असे डॉक्टर देबरा म्हणाल्या.,mr,unknown,male
008129.wav,आज निसर्ग सूड उगवत आहे.,mr,unknown,male
004755.wav,तारकासुराने राक्षसांचे सैन्य जमविले व युद्धाला तयार झाला.,mr,unknown,male
004711.wav,"ते अरण्य दाट होते, पण सुंदर व रमणीय होते.",mr,unknown,male
007723.wav,परिक्षिती राजा आश्रमातून जाताना एक दोन ऋषिकुमारांनी दुरून पाहिला.,mr,unknown,male
008373.wav,"फुले हे वृक्षांचे सौंदर्य आहे, वृक्षांचे सौंदर्य आपण नष्ट करु नये.",mr,unknown,male
006210.wav,"आकाशवाणी केंद्रावरून प्रामुख्याने हिन्दी, इंग्रजीतून कार्यक्रम होतात.",mr,unknown,male
002329.wav,पण चौदा वर्षें लोटल्यानंतर देखील जर तूं परत आला नाहीस तर अग्निप्रवेश करीन.,mr,unknown,female
006276.wav,सुखवस्तू घराण्यातील मुले खाजगी शिकवण्यातून त्यावर मात करु शकतात.,mr,unknown,male
010170.wav,"कीर्द खतावणीच्या नवीन वह्या सुरू करण्यापूर्वी वह्यांना हळद-कुंकू, गंध, फूल, अक्षता वाहून पूजा करतात.",mr,unknown,male
000382.wav,"जटील शाळेत गेला, तेव्हा त्या वाटीभर दुधाकडे पाहून सर्वांनीच त्याची थट्टा केली, त्यामुळे त्यास रडू आले.",mr,unknown,female
006664.wav,खटोड यांच्या विचारांचा आदर्श घ्यावा मुरकुटे,mr,unknown,male
007189.wav,"प्रभाग दोन, ज्योकिम जीझस डायस एक शे बावन्न, जुझे आंतोनियो फर्नांडिस सत्याण्णव.",mr,unknown,male
010372.wav,"ही उषा लवकर उठणाऱ्याला संपत्ती देते, ही आकाशदेवतेची मुलगी आहे.",mr,unknown,female
010484.wav,"श्यामच्या मुखचंद्राकडे सर्वांचे डोळे लागले होते, तो भ्रातृसंघ म्हणजे एक अपूर्व दृश्य होते.",mr,unknown,female
002378.wav,तारकासुराने राक्षसांचे सैन्य जमविले व युद्धाला तयार झाला.,mr,unknown,female
008261.wav,"जेथे त्याच्या आईबापांनी त्याला वाढविले, जेथे आपली पोरकी बहीण त्याने प्रेमाने वाढविली, असे ते घर सोडून तो निघाला.",mr,unknown,male
010389.wav,"ती म्हणाली, तात, मघा त्या मोराच्या पिसाऱ्यातील पीस उपटण्यास मी गेले, ते पाहून तारे आज रडतील का.",mr,unknown,female
002814.wav,त्या वृक्षाच्या छायेंत एक योगी रहात होता.,mr,unknown,female
010071.wav,"अशा स्थितीत पुष्कळ काळ लोटला, त्या वेळी दानवांनी त्याला जागृत करण्याचा प्रयत्न केला.",mr,unknown,male
005911.wav,"कुचंबणा, कुचंबणा, कुचंबणा आणि केवळ कुचंबणा.",mr,unknown,male
003252.wav,आपल्या देशात संगणक क्षेत्रातील तज्ञ मनुष्यबळाची कमतरता नाही.,mr,unknown,female
005915.wav,"त्या जोरावर तिने आकाश, पाताळ, जमीन सगळीकडे आपला ठसा उमटवलाही आहे.",mr,unknown,male
010348.wav,"ऋषिपत्नी मला म्हणाली, खरंच, तुमची मुलगी आश्रमात ठेवा, मी तिला शिकवीनसवरीन, पोटच्या मुलीप्रमाणे तिच्यावर प्रेम करीन.",mr,unknown,female
010410.wav,"शेतीभाती करावी, वृक्षांची फळे खावीत, कंदमुळे भक्षावीत, अशी राहणी चांगली नाही का.",mr,unknown,female
003352.wav,दोन जनित्रांमध्ये किमान पवनचक्कीच्या व्यासाच्या चौपट इतके अंतर ठेवावे लागते.,mr,unknown,female
009683.wav,असे असतांना आपण मला येथे का बोलावलेत ?,mr,unknown,male
003874.wav,मनी वरमलो परई न खिन्नलो पूसले वाऱ्यासी,mr,unknown,female
000416.wav,"तिच्या पुढ्यात दोन वृध्द पुरुष पडलेले होते, अन ते बेशुध्द झालेले होते.",mr,unknown,female
003922.wav,महिनो न् महिने वरच्या खिशात घुटमळतो.,mr,unknown,female
001692.wav,"हा डोंगर मात्र मनातून नाराजच होता, बैचेन होता.",mr,unknown,female
004717.wav,ह्या सरोवराचे नाव पंचाप्सर सरोवर असे आहे.,mr,unknown,male
001598.wav,भुवन रडणे थांबवून तिच्याकडे पाहू लागला.,mr,unknown,female
010667.wav,चिन्यमचे हे बोलणे ऐकून आईने त्याला जवळ घेतले.,mr,unknown,female
003610.wav,५ वी ते८ वी मधील विद्यार्थ्यांना दरवर्षी तासांचा आरोगय्संवाद कालावधी राखून ठेवण्यात आलेला आहे.,mr,unknown,female
004360.wav,"डॉ मीना प्रभूंच्या, इजिप्तायन मधे या सरबताचा चहा म्हणुन उल्लेख आहे.",mr,unknown,female
010406.wav,"झाडामांडाकडे, फुलपाखरांकडे सुद्धा प्रेमाने पाहावयास शिकणे म्हणजे परमेश्वराच्या जवळ जाणे होय.",mr,unknown,female
009962.wav,इतर सर्व शिष्यांनी लाजेने माना खाली घातल्या.,mr,unknown,male
008873.wav,"गौरीने सर्व वर्गासमोर टीनाचे आभार मानले, पण टीनाला मात्र त्याचे काहीच वाटले नाही.",mr,unknown,male
006680.wav,जाताना बहिणीच्या गळ्यातील पाच तोळ्याचे दागिने घेऊन गेला.,mr,unknown,male
005866.wav,इतक्यात बेडरूमचा दरवाजा खोलून बायकोने आवाज दिला.,mr,unknown,male
003466.wav,बाळास रोज सकाळच्या कोवळया उन्हात मिनिटे ठेवल्यास ड जीवनसत्त्वाची गरज भागते.,mr,unknown,female
007119.wav,साळुंब्रे ग्रामस्वच्छतेत सलग चौथ्यांदा प्रथम,mr,unknown,male
003313.wav,डी दिव्यांच्या तंत्रज्ञानात पाऱ्याचा वापर अजिबात करण्यात येत नाही.,mr,unknown,female
000531.wav,"इतक्यात शमीक ऋषींची समाधी उतरली, त्यांनी डोळे उघडून त्या कुमारांकडे पाहिले.",mr,unknown,female
001369.wav,"त्यांना कधी कुठले काम करावे, किती वेळ करावे हे समजत नाही.",mr,unknown,female
010448.wav,"लहानपणी मुलावर जे परिणाम होतात, ते दृढतम असतात, लहानपणी मुलाचे मन रिकामे असते.",mr,unknown,female
008538.wav,रात्री जेवायच्यावेळी आईने नीतूच्या आवडीचा पुलाव आणि रायते केले होते तरी तिचे जेवणात अजिबात लक्ष नव्हते.,mr,unknown,male
003754.wav,अर्धांगीं पार्वती सुमनांच्या माळा ॥ विभुतीचें उधळण शितिकंठ नीळा.,mr,unknown,female
007921.wav,"तो कौतुकाने म्हणाला, `बाळ, ज्या अर्थी तू खरे बोललास त्या अर्थी ह्या सर्व गायी तुला मी बक्षीस देतो, जा घेऊन आपले धन.'",mr,unknown,male
008027.wav,"या कारणास्तव यम आपल्या जगात, यमलोकात परततो.",mr,unknown,male
002803.wav,"सरदार, लांडगे आपल्यावर हल्ला करणार आहेत.",mr,unknown,female
001438.wav,"मिनूला तर इतका आनंद झाला होता, ती मनसोक्त तिच्या छोटया मैत्रिणीशी खेळली.",mr,unknown,female
005345.wav,ह्या विचारात असता एकदा राजोद्यानाच्या बाजूने राजवाड्याची जी खिडकी होती ती राजाने उघडली.,mr,unknown,male
004930.wav,यज्ञ करण्यासाठी जमीन सपाट व सारखी करण्याकरिता नांगरीत होता.,mr,unknown,male
007996.wav,"झाडाचे मुळे खूप खूप खोल अगदी जमिनीत जातात, मातीला पकडून ठेवतात.",mr,unknown,male
006224.wav,परप्रांतीयांचा महाराष्ट्रात येणारा लोंढा थांबविला पाहिजे.,mr,unknown,male
000275.wav,"माझ्या रामायणाचे उत्तरकांड अजून रचायचे आहे, ते मी आता रचणार नाही.",mr,unknown,female
000145.wav,हे सगळे ऐकुन महाराजांच्या गालांचे कल्ले थरारले.,mr,unknown,female
009481.wav,"त्याचात आणि माझ्यात थोड सुद्धा साम्य नव्हत, फोन ठेवत मी त्याला विचारल, कोण तू?",mr,unknown,male
003326.wav,"परदेशामध्ये पॉवर प्लॅट, सूर्य विजेवर चालणारे फ्रिज, सूर्यवीज केंद्रे इत्यादी वापरात आले आहेत.",mr,unknown,female
005418.wav,त्याच्या मनात आपल्या क्रयाधिकार्‍याविषयी संशय होता.,mr,unknown,male
006616.wav,डेब्रिजला रोखण्यासाठी चोवीस तास गस्ती पथके,mr,unknown,male
002677.wav,तू जिवावर उदार होऊन या भयंकर स्मशानांत एकटाच चालला आहेस.,mr,unknown,female
003038.wav,पराक्रमी पंचायुधाच्या मनावर मुनींच्या त्या सल्ल्याचा काही एक परिणाम झाला नाही.,mr,unknown,female
008297.wav,आश्रमात हरिणमयूरादी सुंदर पशुपक्षी पाळलेले होते.,mr,unknown,male
000759.wav,"दानवांना कोणी शासक राहिला नाही, देवांना असुरांची भीती राहिली नाही.",mr,unknown,female
004721.wav,राज्याभिषेकाची ही सर्व तयारी व्यर्थ जाणार नाहीं.,mr,unknown,male
002458.wav,"विनायकाचा लग्नसोहळा, मोठ्य़ा वैभवाने व थाटात साजरा करण्यात आला.",mr,unknown,female
006481.wav,"उलट ती खूपच उशिरा आली, याबद्दल खेद व्यक्त झाला पाहिजे.",mr,unknown,male
009534.wav,"स्वर्गात मला महात्मा फुले भेटले, त्यांना पाहून डोळ्यात माझ्या आश्रूंचा सागर दाटला.",mr,unknown,male
009849.wav,"अरे, राजा हा प्रत्यक्ष विष्णूचा अवतार असतो, तो पृथ्वीचे-प्रजेचे पालन करतो.",mr,unknown,male
003674.wav,किंबहुना तो घाणेरडरुप धारण करतोय हे पाहून स्वतःलाच काळवंडल्या सारखे होते.,mr,unknown,female
010061.wav,भगवान विष्णू परत गेल्यावर प्रल्हादाने दैत्यांचे सांत्वन करून त्यांना बोध दिला.,mr,unknown,male
003680.wav,नारायण नागबली हा विधी यजमानाने आपले सुत्राप्रमाणे करून घेण्याची काळजी घ्यावी.,mr,unknown,female
005194.wav,"जमेल तेवढ्या लवकर त्यांना मारुन, त्याला तेथून निघून जायचे होते.",mr,unknown,male
000789.wav,"नारळापासून तेल काढतात, नारळाला श्रीफळ म्हणतात.",mr,unknown,female
006734.wav,"बिसेन, किशोर रहांगडाले, सी एसकाळी सूर्यवंशी, आर बी पारधी, जे.",mr,unknown,male
008304.wav,दिव्याची ज्योत निःस्तब्धपणे अंधार हरण करीत असते.,mr,unknown,male
008805.wav,भुवन रडणे थांबवून तिच्याकडे पाहू लागला.,mr,unknown,male
002590.wav,"त्यांच्या संपूर्ण जीवन इतिहासात, न्यायाधीश महादेव गोविंद रानडे ह्यांनी अन्य कार्यालयाची कामगिरी पण हस्तगत केली.",mr,unknown,female
001403.wav,तुम्ही पण अशा तर्हेने झाडांची रोपे करुन पावसाळयात जरुर झाडे लावा.,mr,unknown,female
003502.wav,अशा निळसर फुगलेल्या नीलांवरून आतील प्रवाहात कोठेतरी अडथळा असू शकतो.,mr,unknown,female
006652.wav,कल्याण हे रेल्वेचे जंक्‍शन असल्याने प्रवाशांचा दररोज येथे महापूर उसळतो.,mr,unknown,male
005454.wav,असे त्या हत्तीच्या गुणांचे कौतुक करु लागले.,mr,unknown,male
009641.wav,"एके दिवशी कूत्तनने, स्वतःच रचलेले रामायण जाळून, त्या रामायणाची राख अंगाला फासून, गोसावी बनण्याचे ठरवले.",mr,unknown,male
002993.wav,पांचव्या कल्पात बोधिसत्वांनी सेरिवा नावाच्या देशात भांडी विकणारा तांबोळी म्हणून अवतार धारण केला.,mr,unknown,female
004096.wav,त्या समोरचा वाडा केंव्हाच पाडून तिथे काहीतरी दुसरेच बांधले आहे.,mr,unknown,female
002908.wav,त्याचे काळे पट्टे मंत्रमुग्ध करण्यासारखे होते.,mr,unknown,female
006293.wav,"यावर तो पोऱ्या म्हणाला, तुम्हा गिऱ्हाइकांना मिसळ तर गरमागरम हवी असते.",mr,unknown,male
006073.wav,"ज्युनियर कॉलेजचा अभ्यासक्रम आखून दोन वर्षे झाली, तेवढ्यात तो जुनाही झाला.",mr,unknown,male
003694.wav,तसेच लंडनच्या इम्पिरीयल इन्स्टिट्यूटचा `रेडिमनी कक्ष' बांधण्याचा सर्व खर्च केला.,mr,unknown,female
004239.wav,भारी आताच ब्ल्यू एंजल्सच्या वेबसाईटवर फॅट अ‍ॅलबर्टविषयी वाचत होते,mr,unknown,female
000432.wav,"आमची म्हणजेच भक्ती, ज्ञान, वैराग्य यांची त्यांना पर्वाच राहिली नाही.",mr,unknown,female
006187.wav,राज ठाकरे यांच्या पक्षाला तरुणाईचा पाठिंबा मिळाला आहे.,mr,unknown,male
000001.wav,त्यांना एक सुंदर स्त्री राजवाड्यातून बाहेर पडतांना दिसली.,mr,unknown,female
007435.wav,राजाच्या मनात असे विचार यायचे कारण काय?,mr,unknown,male
001747.wav,आपण इतकी वर्षे पाळलेल्या व स्वत:च मोठे केलेल्या त्या लांडग्याला धनगराने एका झाडाला लटकावून फाशी दिले.,mr,unknown,female
006358.wav,"प्रत्येक जण एक प्रश्‍न विचारतो, रुद्राक्ष माळा घातल्याने रक्‍तदाब कमी होतो का किंवा काय सिद्धी मिळतात.",mr,unknown,male
000350.wav,तिने त्याला शेजारच्या गावातील शाळेत घातले होते.,mr,unknown,female
004054.wav,त्या पद्धतशीरपणे तिच्या मनात निधीबिषयी काहीबाही भरवायच्या प्रयत्नात होत्या.,mr,unknown,female
006456.wav,अंनिसचे कार्याध्यक्ष रत्नाकर तिडके यांनी या घटनेचा निषेध केला.,mr,unknown,male
004619.wav,ती मादी आर्त चित्कार करुन विव्हळू लागली.,mr,unknown,male
005574.wav,आता प्रवचण अखेरच्या टप्प्यात आलेले असते.,mr,unknown,male
007078.wav,मोठ्या सराफी पेढ्यांत क्‍लोज सर्किट टीव्ही बसविण्यात आले आहेत.,mr,unknown,male
003762.wav,या विधीस सकाम नारायणबली पालाशविधीयुक्त मोक्ष देणारा असे म्हणतात.,mr,unknown,female
007199.wav,"प्रभाग अकरा गिल्बर्ट फ्रान्सिस्को फर्नांडिस एक शे एक्क्यैंशी, डॉम्निक फर्नांडिस एक शे तेरा.",mr,unknown,male
006400.wav,त्या रसरशीतपणानं गाणं टपोरं आणि फ्रेश वाटतं.,mr,unknown,male
008677.wav,"हे ऐकल्यावर चिनूला खूपच राग आला, हे काय डब्यातही तेच आणि आताही तेच, मी नाही काही खात जा, चिन्मय धूसफूसत म्हणाला.",mr,unknown,male
004865.wav,तो देहभान विसरुन जलक्रीडेत लीन झाला असतां त्याचा उजवा पाय एका भयंकर मगरीने धरला.,mr,unknown,male
010472.wav,"ही पिशाच्चे पुन्हा वर उठून माझ्या मानगुटीवर बसू नयेत, म्हणून माझी ही धडपड आहे.",mr,unknown,female
007810.wav,दासीपुत्र असलास तरी तू ब्राह्मणच असला पाहिजेस.,mr,unknown,male
005358.wav,याचं मांस तर फारच चविष्ट असेल.,mr,unknown,male
002155.wav,एवढंस तोंड करून कुडकुडत उभा राहिला.,mr,unknown,female
006915.wav,कॉग्निझंटच उत्पन्न शेहचाळीस कोटी डॉलरवर,mr,unknown,male
009734.wav,निर्मनुष्य मार्गावरून श्वापदांचा वावर असलेल्या रानातून येतांना त्याला भीती वाटायची.,mr,unknown,male
001156.wav,"ऋषी म्हणाले, होय, परंतु हे काय, वत्से शबरी, अशी रडू नकोस, पूस, डोळे पूस आधी.",mr,unknown,female
003709.wav,"म्हणूनच महाकवी भवभूतीने म्हटले की, ``अंतःकरण तत्त्वस्य दंपत्योः स्नेहसंस्त्रवात.",mr,unknown,female
003398.wav,सेकंदास हजार एवढ्या सूक्ष्म विद्युतलहरी त्यातून प्रवास करतात.,mr,unknown,female
004257.wav,"फिदीफिदी फिदीफिदी छुम छनन बोले, झनक झन बोले",mr,unknown,female
004792.wav,"हे माझ आहे, म्हणून भांडू लागले.",mr,unknown,male
008969.wav,काही काही प्रकारची साधीसुधी सेवा फारच महत्त्वपूर्ण असली तरी तिचा उपयोग करुण घेणा-यांना मात्र कसलीच कृतज्ञता वाटत नाही.,mr,unknown,male
007742.wav,"तो आपल्या या आश्रमात आला होता, पण त्याचा सत्कार करण्याचे पुण्य आपणांस लाभले नाही.",mr,unknown,male
009342.wav,हर्षलने पुजेत ठेवलेली चण्याची डबी उघडली व चणे गुरुजींच्या हातावर ठेवले.,mr,unknown,male
010152.wav,अनेक घरांत श्रीसूक्तपठणही केले जाते.,mr,unknown,male
000709.wav,नाभाने हिरमुसून सर्व हकिकत बाबांना सांगितली.,mr,unknown,female
010138.wav,"त्यानंतर त्या दिव्यास नमस्कार करतात, याने अपमृत्यु टळतो असा समज आहे.",mr,unknown,male
006886.wav,"उपेंद्र भट, अपर्णा गुरव आणि अनुराधा कुबेर सादर करतील.",mr,unknown,male
000917.wav,"पंचतत्त्वात तमोगुण वाढला आहे, म्हणजे पंचतत्त्व क्षीण झाले आहे.",mr,unknown,female
008293.wav,"अशाच थोर ऋषींपैकी मतंग ऋषी हे एक होते, पंपासरोवराच्याजवळ त्यांचा आश्रम होता.",mr,unknown,male
005373.wav,त्या म्हातारीला आपलं असं दुसरं कोणी नव्हतं.,mr,unknown,male
010240.wav,शेवटी त्याने संधी साधून त्या श्रीमंताचा खून केला.,mr,unknown,female
006940.wav,काही ठिकाणी झाडांच्या फांद्या तुटून रस्त्यावर पडल्याने वाहतूक विस्कळित झाली.,mr,unknown,male
001617.wav,चिकमगलूरला आल्यापासून आजचा त्याचा दिवस खूपच आनंदात गेला होता.,mr,unknown,female
002108.wav,"मी कुठे आहे, मला काय झालंय, आपण कोण आहात शर्माजी अडखळत कष्टाने बोलत होते.",mr,unknown,female
009013.wav,"जीवनात चढ-उतार दोन्ही असतात, हे सदैव ध्यानी बाळगावे.",mr,unknown,male
004158.wav,झुरळं पाहिली की मला डिफॉल्ट काफ्का आठवतो.,mr,unknown,female
005015.wav,चार एकरांची शेती झाली आणि दहा हजार रुपयांची रोख रक्कम त्याने जमवली.,mr,unknown,male
009231.wav,"निरंतर सर्वांना सुख देतात, कारण स्वराचे अस्तित्व झ-यात आहे आणि झ-याचे अस्तित्व स्वरात आहे.",mr,unknown,male
005118.wav,बादशहाचे शब्द ऐकून फैजखान कावराबावरा झाला.,mr,unknown,male
004343.wav,औदुंबराचे दत्त दर्शन घेतले आणि चहापान करून आम्ही बागलकोटच्या रस्त्याला लागलो.,mr,unknown,female
000909.wav,"निसर्गातील पंचमहाभूतांमध्ये ढवळाढवळ करून संतुलन बिघडले की, शारीरिक प्रदूषण होते.",mr,unknown,female
002933.wav,त्या दिवशी त्याला माळ्यांनी फुलझाडेसुद्धा दिली.,mr,unknown,female
004229.wav,"एबीएस, इबीडी, एअर बॅग्ज आणि इतर सेफ्टी फीचर्सबद्दल अनुमोदन.",mr,unknown,female
009028.wav,"आशेमुळे माणसाला भ्रम तेवढा होतो, अशाने वाट पाहून कुणाचेच पोट भरत नाही.",mr,unknown,male
000621.wav,तुझ्या सेवेने मी फार संतुष्ट झालो आहे.,mr,unknown,female
007678.wav,"पण भक्ती म्हणाली, मी शांत राहते, पण हे ज्ञान आणि वैराग्य मृत्युपंथाला लागले आहेत.",mr,unknown,male
003089.wav,त्यांनी तपश्चर्या सोडून मेनकेला आपल्या आश्रमांत स्वतः बोलावून नेले.,mr,unknown,female
010435.wav,"मोठेपणा याचा अर्थ जगाला माहीत असणे, असा मी करीत नाही.",mr,unknown,female
001796.wav,आपल्या छानदार खोगिराची एका घोडयाला घमेंड वाटत होती.,mr,unknown,female
000783.wav,गव्हात कीड लागू नये म्हणून आई कडूनिंबाच्या फांद्या त्यात ठेवते.,mr,unknown,female
005495.wav,अतिशय सुन्दर वेबसाईट बनवल्या बद्दल हार्दिक अभिनंदन.,mr,unknown,male
001157.wav,"तू त्या ताऱ्यांची प्रार्थना कर व म्हण, आजपासून हरणांना, मोरांना मी दुखवणार नाही.",mr,unknown,female
001537.wav,मंजूच्या बोटांना जन्मापासूनच आपल्या सारखी पेरं नव्हती.,mr,unknown,female
002863.wav,"राजा, मी इतकं सांगूनही तूं पुन्हा तेच काम करतो आहेस.",mr,unknown,female
008522.wav,"सध्याच्या राजाची जुलमी राजवट जर अशीच आणखी एक वर्षभर चालू राहिली, तर वर्षभरात पाचशे गावातले लोक आपली घरदारं सोडून परराज्यात रहायला जातील.",mr,unknown,male
006149.wav,दारिद्र्याच्या खाईत आपले लोक गटांगळ्या खात आहेत',mr,unknown,male
000317.wav,त्याच्याशी दोन हात करतांना अल्लाउद्दीनचे असंख्य सैनिक मारले गेले.,mr,unknown,female
007736.wav,"इतक्यात शमीक ऋषींची समाधी उतरली, त्यांनी डोळे उघडून त्या कुमारांकडे पाहिले.",mr,unknown,male
002313.wav,त्या वेषांत रामाला पाहून भरत स्वतःचे देहभान विसरून धांवत गेला.,mr,unknown,female
006018.wav,"ते दृश्य पाहून दरबार स्तंभितच झाला, राजाला राधेच्या गाण्याची सत्यता पटली.",mr,unknown,male
001865.wav,"घोडेस्वार नदी जवळ आले, एकएक करून सर्वजण नदी पार करू लागले.",mr,unknown,female
000380.wav,त्याने आपली व्यथा गोपाळदादाला सांगितली.,mr,unknown,female
003945.wav,बाल गुन्हेगारासाठी माटुंग्याला एक शाळाही काढली व तांत्रिक शिक्षणाचा प्रसारासाठी ससून मेकॅनिक्स इन्स्टिट्यूटची स्थापना केली.,mr,unknown,female
010305.wav,"रावणासारखे राजे दक्षिणेकडून उत्तरेकडे येत होते, तर दुसरे संस्कृतिप्रसार करणारे धाडसी ऋषी विंध्यपर्वत ओलांडून दक्षिणेकडे येत होते.",mr,unknown,female
005975.wav,"म्हणाली, माका सत्तर मैलार जांवचा आसा.",mr,unknown,male
006965.wav,स्लीपर'मधील घुसखोरीला आळा घालण्यासाठीच दंडाची तरतूद करण्यात आली आहे.,mr,unknown,male
008100.wav,"भूकंप, रोगराई, दुष्काळ इत्यादी आपत्ती पाहता पाहता काढता पाय घेतील.",mr,unknown,male
007862.wav,"तेव्हा तो म्हणाला, `ह्याचे उत्तर मला देता येत नाही.",mr,unknown,male
009295.wav,घाबरलेला मी गळयाला मिठी मारली.,mr,unknown,male
002693.wav,मला वाटतं वीरदत्ताप्रमाणें तुझ्यामधेही खोलवर विचार करण्याची वृत्ती नाही.,mr,unknown,female
004464.wav,गीता प्रेस आणि रामकृष्ण मिशनची पुस्तके बर्याच ठिकाणी उपलब्ध आहेत.,mr,unknown,female
007740.wav,"बाळा, परिक्षिती राजाने केलेल्या या क्षुल्लक अपराधाबद्दल तू त्याला सर्पदंशाने मृत्यू येण्याचा जो भयंकर शाप दिलास हे कृत्य वाईट केलेस!",mr,unknown,male
005036.wav,येवढ्यात ती भयानक राक्षसीण झोपलेल्या चोरांवर तुटून पडली.,mr,unknown,male
004103.wav,"साबाजी पांढरे, भिकाजी गोजरे, दोघांसही तिकडून येतांना बलावून आण.",mr,unknown,female
006854.wav,"याचकाळात छोटी नाटुकली व्हायची, कथानक मांडले जायचे.",mr,unknown,male
004953.wav,इंद्राने महात्मा विश्वरूपाचा अंत करण्याचा निर्णय घेतला.,mr,unknown,male
008878.wav,"टीनाला तर रडूच फूटले, एवढी मोठी शाळा कशी झाडायची आणि घरी कधी जायचं, ह्याच काळजीत टीना होती.",mr,unknown,male
003920.wav,भावनांविषयी सजग असणारी ही माणसं,mr,unknown,female
009388.wav,तेव्हा राजाने त्यालाही हात जोडून नम्रपणे त्याचे नाव विचारले.,mr,unknown,male
009153.wav,"प्रत्येक धनुर्धा-याच्या अंगठयाने मीच पुढे चालवत राहीन, हा घेतलेला वसा.",mr,unknown,male
003545.wav,पहिल्या गटातील शुष्कतेचे कारण असल्यास जीवनजल त्वरित चालू करावे.,mr,unknown,female
000104.wav,"त्याचात आणि माझ्यात थोड सुद्धा साम्य नव्हत, फोन ठेवत मी त्याला विचारल, कोण तू?",mr,unknown,female
006596.wav,"* एकोणीस शे सोळा, पुणे शंकरराव मुजूमदार",mr,unknown,male
010395.wav,"ऋषिपत्नी म्हणाली, शबरी, तू फार गुणी आहेस.",mr,unknown,female
003185.wav,परंतु सध्या प्रत्येक राष्ट्राची विजेची गरज ही फारच वाढली आहे.,mr,unknown,female
007640.wav,"लोक तिच्यासाठी पूर्वी वाटेल तो त्याग करीत, अतिशय कष्ट सोशीत.",mr,unknown,male
010331.wav,दिव्याची ज्योत निःस्तब्धपणे अंधार हरण करीत असते.,mr,unknown,female
008531.wav,काही दिवसांनी नीतूची मैत्रिण शामलीने लाल रंगाची नवीन स्कूटर आणली.,mr,unknown,male
001732.wav,"सूर्य प्रथम उबदारपणे प्रकाशू लागला, तसा प्रवासी शांत झाला, त्याने बाहेरचे लपेटलेले वस्त्र बाजूस सारले.",mr,unknown,female
005504.wav,मी काठ पदर उराशी घेऊन जगेन,mr,unknown,male
003155.wav,"रस्त्यावरून पायी चालणायाला गर्दी, गोंगाट, प्रदूषित हवा, सांडपाण्याची दलदल, कचऱ्याचे ढीग यातून मार्ग काढावा लागत आहे.",mr,unknown,female
005273.wav,ते काय होत ते बघायची माझी हिंमत झाली नाही.,mr,unknown,male
008306.wav,मतंग ऋषींच्या आश्रमापासून काही कोसांच्या अंतरावर एका भिल्ल राजाचे राज्य होते.,mr,unknown,male
010803.wav,विनित आणि अनिकेतची दाट मैत्री होती.,mr,unknown,female
007151.wav,याचे कारण डॉक्टर रझवी यांच्यावर जो गुन्हा दाखल करण्यात आला आहे.,mr,unknown,male
000757.wav,"ईश्वरदर्शनाने प्रल्हादाचा अहंकार गळाला, तो शांत, सुखी, समाधीस्थित झाला.",mr,unknown,female
005158.wav,"त्यांच्यातील एकजण म्हणाला मंत्रीजी, डोंगराजवळील आमच्या ज्वारीच्या शेतातील कणसें काही नवीन लोक तोडून नेत आहेत.",mr,unknown,male
009563.wav,"मुख्याध्यापक जे म्हणत आहेत ते बरोबर आहे, महाविद्यालयात सुशिक्षित शिक्षकाची गरज आहे.",mr,unknown,male
003788.wav,अशी कोणती शक्ती आहे जिच्यामुळे या नात्याची गुंफ़ण घट्ट गुंफ़ली गेलीय.,mr,unknown,female
003435.wav,स्त्रीबीजास पुरुषाकडून प्रकारचे शुक्रबीज मिळाल्यास होणारा गर्भ म्हणजे मुलगी होईल.,mr,unknown,female
003438.wav,यामुळे आरोग्याला धोकादायक असणा-या तसेच जीवावर बेतणा-या प्रसंगांपासून बचाव होतो.,mr,unknown,female
009878.wav,आपल्या मुलालाही नेहमी खरे बोलण्यास तिने शिकविले होते.,mr,unknown,male
009615.wav,लहान मुलाला उन्हातून चालवतो आणि आपण मात्र आरामात घोड्यावर बसला आहे.,mr,unknown,male
002424.wav,विष्णूचे रूप घेऊन नारदाने स्वयंवराच्या मांडवात पाऊल टाकताच सर्व खदखदां हंसू लागले.,mr,unknown,female
009495.wav,डोळ्यातले पाणी अलगद रुमालाने टिपले.,mr,unknown,male
004421.wav,इथे क्रेन नावाचे पक्षी असतात त्यांना मराठीत नक्की काय म्हणतात ?,mr,unknown,female
001787.wav,कोणीही काही त्याबाबत माहीत असल्याचेही सांगेना.,mr,unknown,female
002532.wav,श्रीमतीने विष्णूला वरमाळा घालून त्याला वरले आणि वैकुंठलोकी गेली.,mr,unknown,female
003695.wav,मंत्रालयातील उच्चपदस्थ मराठी अधिकरी हिन्दी-इंग्रजी भाषेलाच अनुकूल आहेत.,mr,unknown,female
009503.wav,"अनोळखी म्हणून काय झाल, प्रत्येकाला स्वतंत्र भावना आहेत, त्यांना जपलं पाहिजे.",mr,unknown,male
004293.wav,त्यांची क्रेडिट कार्ड अकाउंट्स या एजन्सीला समजतात.,mr,unknown,female
003527.wav,हळूहळू पेशींची संख्या वाढेल तशी त्यांची तीन पदरांमध्ये रचना होते.,mr,unknown,female
003729.wav,आपली टंकलेखन यंत्रे व कांजीवरम साड्या यासकट आलेले दाक्षिणात्य मी पाहिले.,mr,unknown,female
001784.wav,शेतात काम करता करता एका शेतक-याचे फावडे हरवले.,mr,unknown,female
009148.wav,"तुम्ही मला धनुर्विद्या शिकविण्यास नकार दिलात, त्या दिवशी संताप वाटला.",mr,unknown,male
002392.wav,"क्षीरसागरात जो त्रिकूट पर्वत आहे, त्याला लोखंड, चांदी व सोन्याची तीन शिखरे आहेत.",mr,unknown,female
002240.wav,"अरे कठोर मानवा, प्रेमांत मग्न असलेल्या दोन पक्ष्यांपैकी तू एकाला मारलेस.",mr,unknown,female
002466.wav,तेव्हा कलह-भोजन शिजविणारी हवी बरं का मला!,mr,unknown,female
000568.wav,"सत्यकाम दिसला, की सर्व गोष्ट ती क्षणात विसरून जाई.",mr,unknown,female
003886.wav,राज्यात बॅंकांच्या कचेऱ्यात बरीच वाढ झाली आहे.,mr,unknown,female
002837.wav,त्यासाठी राजधानीमधें एक खास स्पर्धा ठरविण्यांत आली.,mr,unknown,female
009305.wav,"शर्माजी दूर फेकले गेले, पायाला जबर दुखापत झालेली.",mr,unknown,male
002626.wav,"तिचा पती, बिरबल, हा एक सज्जन गृहस्थ होता.",mr,unknown,female
010027.wav,नाभाच्या खरे बोलण्यामुळे आणि निर्लोभीपणाने रुद्र संतुष्ट झाला.,mr,unknown,male
008451.wav,"या जगात जपावे तेवढे थोडेच, ठायी ठायी मोहक मोह आहेत, कोसळावयास कडे आहेत.",mr,unknown,male
001965.wav,"विद्यार्थी आणि शिक्षक आश्चर्याने पाहू लागले, मनोजनं गायला सुरवात केली.",mr,unknown,female
000441.wav,लोकांनी त्या जुन्या ज्ञानाला नव तेज दिलं.,mr,unknown,female
009234.wav,"घरांत गडगंज संपत्ती, एकुलता एक लाडाचा, काम कधी करावंच लागलं नाही.",mr,unknown,male
005698.wav,लेखक बिखक तसं काही नसतं घरच्यांना,mr,unknown,male
007371.wav,"अजूनही वेळ गेली नाही सुधारा आपले आयुष्य, नाहीतर मनुष्याच्या विनाशाला कारणीभूत ठरेल, फक्त आणि फक्त मनुष्य.",mr,unknown,male
002997.wav,त्या आंध्रपुर गावात एका वाण्याचे घर होते.,mr,unknown,female
002508.wav,सुरा मद्य पिऊन देव ‘सुर झाले.,mr,unknown,female
006672.wav,सामाजिक तेढ निर्माण होऊ देऊ नका आमदार नाना पटोले,mr,unknown,male
002228.wav,या ट्रेनमधून प्रवास करताना आसमंतात पसरलेलं निसर्गसौंदर्य आपण डोळ्यात साठवू शकतो.,mr,unknown,female
001661.wav,"मग मात्र आईने सांगून टाकले, जर टीना गौरीला मदत करणार नसेल तर तिला घरात कार्टून पाहता येणार नाही.",mr,unknown,female
007589.wav,आपल्या प्रिय भक्ताची बाजू राखण्यासाठी त्याने एक चमत्कार केला.,mr,unknown,male
003551.wav,"जुन्या-नव्या वैद्यकज्ञानाचा, विज्ञानाचा अर्थपूर्ण वापर केल्याशिवाय हे शक्य नाही.",mr,unknown,female
007637.wav,"आमची म्हणजेच भक्ती, ज्ञान, वैराग्य यांची त्यांना पर्वाच राहिली नाही.",mr,unknown,male
001225.wav,"कनिष्ठाच्या जवळ ज्येष्ठ असतो, या ज्येष्ठाने आपली जोखीम ओळखून वागले पाहिजे.",mr,unknown,female
004741.wav,तुझे तोंड पाहणे म्हणजे एक पाप आहे.,mr,unknown,male
001594.wav,एके दिवशी तो असाच उदास बसला होता.,mr,unknown,female
009590.wav,"मग तो त्याला म्हणाला, पहा, जरा पाण्यात आपले प्रतिबिंब पहा, पाण्यात तुझे तोंड दिसते आहे.",mr,unknown,male
001200.wav,"वर अनंत आकाशात असे अनंत तारे असतील, की जे पल्लेदार दुर्बिणीतूनही अजून दिसले नाहीत.",mr,unknown,female
003860.wav,"रत्नजडिताचे खांब झाले, हांड्या गलासं लागलीं.",mr,unknown,female
000765.wav,त्यासाठी प्रल्हादाला सावध केले पाहिजे.,mr,unknown,female
006367.wav,या पतसंस्थेकडून सहकार खात्यातील एका अधिकाऱ्यानेही कर्ज घेतले होते.,mr,unknown,male
002738.wav,तो राजवाड्यात जाण्याची तयारी करीत असतानाच कांही दरबारी त्याच्याकडे आले.,mr,unknown,female
005406.wav,तो व बोधिसत्व परस्परांच्या सल्ल्याने कोठे जायचे ते ठरवून व्यापार करीत.,mr,unknown,male
005235.wav,"तुझ्यात जसे काही सद्गुण आहेत, तसेच काही दोषदेखील आहेत.",mr,unknown,male
000037.wav,वडिलांनी सांगितलेली ती गोष्ट प्रत्येक मुलाने लगेचच करून दाखवली.,mr,unknown,female
008472.wav,"माझ्या आईची आई अत्यंत नियमित व दक्ष होती, तिच्या घरातील भांडी आरशाप्रमाणे स्वच्छ असत.",mr,unknown,male
002686.wav,दुसरा कांही उपाय सुचेना म्हणून तिचा पिता रत्नगुप्त जवळच्या अरण्यांत गेला.,mr,unknown,female
010412.wav,"त्या अशोकाच्या झाडावरील फुलांचा तुरा तोडून घेण्याची शबरीला अतिशय इच्छा झाली होती, तिने तीनतीनदा हात पुढे केले व आखडते घेतले.",mr,unknown,female
005799.wav,"पराभवाचे घाव झेलता, हसवायची युक्ती दे.",mr,unknown,male
006585.wav,त्यामुळेच या नर्तकींच्या पायात घुंगरू बांधलेले नसतात.,mr,unknown,male
002517.wav,त्याच वेळी भृगुमहर्षी कोठून तरी आले आणि जमदग्नी ऋषींच्या आश्रमात गेले.,mr,unknown,female
008052.wav,"त्यात सोन्याचे दागिने, चांदीचा रूपया, दागिने ठेवून त्यांची पूजा करतात.",mr,unknown,male
004964.wav,"उदाहरणार्थ, ते बोम्बे युनिवर्सिटीत सिंडिक ऍंड डीन ऑफ आर्ट्स ह्या पदावर होते.",mr,unknown,male
003083.wav,जर त्याने त्याचा दुसरा पाय जमीनीला लावला तर तो खेळातून आउट होतो व वर्तुळाच्या बाहेर ऊभा रहातो.,mr,unknown,female
004316.wav,"शाळा-कॉलेजात असताना हिमांशुबाबूंना नाटकाचं जबरदस्त व्यसन होतं, असं म्हणतात.",mr,unknown,female
009462.wav,"मिनिटाला शंभर पावल, असा इथे नियम असतो, हे वाक्य खरच आहे, हे त्या दिवशी मी प्रत्यक्ष अनुभवलं.",mr,unknown,male
007154.wav,अजित व रमेश यांनी वीटभट्टीजवळील तुळजाभवानी मंदिराजवळ हटकले.,mr,unknown,male
008941.wav,हळुहळू आपली प्रखरता वाढवीत सूर्य तेजाने तळपू लागला.,mr,unknown,male
007768.wav,दिवसभर काबाडकष्ट करून जबाला आपले व आपल्या आवडत्या मुलाचे पोट भरत असे.,mr,unknown,male
010241.wav,"त्याची पिशवी त्याने लांबविली, परंतु खून पचवायचा कसा?",mr,unknown,female
001352.wav,आज नीतू खूपच आनंदात होती कारण तिच्या शहाण्यासारख्या वागण्यामुळे तिला तिच्या आवडीचे गिफ्ट मिळाले होते.,mr,unknown,female
007590.wav,"त्यामुळे गुरुजींनी ज्या वेळी त्याच्या वाटीतील दूध ओतले, तेव्हा वाटी पुन्हा भरलेली दिसली.",mr,unknown,male
003462.wav,शरीरातून जुलाब-उलटयांद्वारे पाणी बाहेर जाऊन शरीरात कोरडेपणा व शोष निर्माण होणे.,mr,unknown,female
002969.wav,त्यावेळी त्यांच्या भावाच्या डोक्यात एक दुष्ट विचार आला.,mr,unknown,female
002326.wav,पितृऋणांतून मुक्त झाल्यावर तूं म्हणशील ते करावयास तो तयार आहे.,mr,unknown,female
001361.wav,"माणूस उत्तरला, आज.",mr,unknown,female
006435.wav,पाणी भरण्यासाठी उडालेल्या झुंबडीतून कार्यालयीन वेळ सांभाळण्याची मोठी कसरत येथील नागरिकांना करावी लागते.,mr,unknown,male
002120.wav,त्यांचे हर्षल व गौतम नावाचे दोन शिष्य होते.,mr,unknown,female
009748.wav,जटीलची मातृवचनावरील श्रद्धा दृढ करण्यासाठी स्वयंमेव भगवान श्रीकृष्ण गोपाळ स्वरूपात तेथे प्रकट झाला.,mr,unknown,male
000487.wav,अशाप्रकारे नंतर नारद वगैरे पुण्यशील ऋषींनी नंतर त्या भागवत धर्माचा महिमा वाढविला.,mr,unknown,female
010267.wav,"तुझ्यामुळं मी जगलो आहे, या जीवनात तुझाच काय तो एक स्नेहबंध मला आहे.",mr,unknown,female
010294.wav,"मोठ्या कष्टाने तो उठला, त्या मध्यरात्री बहुळेचे तो पाणी प्यायला.",mr,unknown,female
003887.wav,वेगवेगळ्या वेषांमध्ये येऊन तो रिझवतो व भिक्षा मागतो.,mr,unknown,female
009218.wav,त्याने त्याला आपल्या राजमहालात 'राज कवी'चा दर्जा दिला.,mr,unknown,male
004694.wav,तुझ्या नामाचा जप करीतच त्यांनी शेवटी प्राण सोडला.,mr,unknown,male
008479.wav,"उत्साही परिस्थितीत, सहानुभूतीच्या वातावरणात काम करावयास मनुष्य कंटाळत नाही, उलट चार धंदे करण्यात धन्यता व आनंद मानतो.",mr,unknown,male
010112.wav,या दिवसाला गोवत्स द्वादशी असेही म्हणतात.,mr,unknown,male
005538.wav,भुरभुर होवुन कोसळता मी पाहतो स्वतःला,mr,unknown,male
000638.wav,प्राणदेवतेनेच ह्या पक्ष्याचे रूप घेतले होते.,mr,unknown,female
001072.wav,दंतकथांमधून इतिहास निर्मावा लागतो.,mr,unknown,female
003783.wav,कारण थेरवादी भीक्षू महासांघिकांना पाखंडी मानत असत.,mr,unknown,female
009257.wav,अशाप्रकारे व्यापारी प्रत्येक अवयवाची किंमत वाढवत होता पण भिकारी एकही अवयव द्यायला तयार नव्हता.,mr,unknown,male
010712.wav,आज दोघेही जण मासळी बाजारातून लवकर घरी आले होते.,mr,unknown,female
001191.wav,पुष्कळ वेळा मनुष्याचा मोठेपणा त्याच्या आईबापांवर अवलंबून असतो.,mr,unknown,female
009411.wav,एके दिवशी त्याने आपल्या पाचही मुलांना प्रत्येकी हातभर लांबीची एक-एक काठी घेऊन यायला सांगितले.,mr,unknown,male
005617.wav,एकाच ठिकाणी तासंनतास बोलण्याची सवय लावली.,mr,unknown,male
008733.wav,आईने मिताच्या बाबांनाही हे स्वप्न सांगितले.,mr,unknown,male
008888.wav,या बागेतून त्या बागेत जायला लाल नागमोडी रस्ते होते.,mr,unknown,male
000150.wav,पण मेलेल्यांना मारायला ते खुर्चीतले नेते नव्हते.,mr,unknown,female
004440.wav,मोठ्या रस्त्याच्या कडेला झाडाच्या पाराजवळ काटेवस्तीतलीच सुधाकाकी चहा-भजीची हातगाडी चालवायची.,mr,unknown,female
003289.wav,डी तंत्रज्ञानामुळे हा दोष काढून टाकणे शक्य झाले आहे.,mr,unknown,female
009282.wav,राजाच्या समोरच लिखिताने राजा शासन करत नाहीं म्हणून आपणच आपला हात कापून टाकला'.,mr,unknown,male
005551.wav,"समाजात नाव, तोंडावर स्तुती, बॅनरवर मोठा फोटो, पांढरा सदराकाळी विजार, डोळे झाका.",mr,unknown,male
000168.wav,एकदा एका माणसाला त्याच्या घोड्यासमवेत एक नदी पार करायची असते.,mr,unknown,female
002819.wav,साहेब जंगलात शिकार करताना आम्ही एक हरीण मारले.,mr,unknown,female
005606.wav,आणि आंबेडकरी तत्त्वज्ञान घेऊन मोकाट सुटलो,mr,unknown,male
004084.wav,सुंदरच उत्तम रिझल्ट कॅमेरा आणि फोटोग्रफर दोघेही उच्च नंबरात स्मित स्मित,mr,unknown,female
002110.wav,"आता शर्माजी बरेच सावरले होते, अपघाताची जाणीव झाली होती.",mr,unknown,female
003834.wav,रामदासाचा जन्म मराठवाड्यातील जांब ह्या लहानशा गावचा.,mr,unknown,female
009518.wav,"मी म्हणालो, कबुल आहे महाराज तुमची स्वप्न आम्हाला कळलीच नाही.",mr,unknown,male
001585.wav,त्यांनी विचार केला आठ वर्षाच्या भुवनला ह्या छोटया गावात जुळवून घेणे सहज शक्य होईल.,mr,unknown,female
004216.wav,"तूं जागृति, स्वप्न व सुषुप्ति या तीन अवस्थांपलीकडील आहेस.",mr,unknown,female
000802.wav,"ज्यांच्याकडे घरी गुरे, वासरे आहेत त्यांच्याकडे ह्यादिवशी पुरणावरणाचा स्वयंपाक करतात.",mr,unknown,female
004632.wav,"ज्या कामासाठी म्हणून मी तुम्हा उभयतांना बोलावून घेऊन आलो होतो, ते माझे काम आता संपले आहे.",mr,unknown,male
006311.wav,कालीदासाने ते भूर्जपत्र आपल्या हातात घेऊन तो श्लोक वाचला.,mr,unknown,male
005817.wav,त्या ठिकाणी तिच्या स्त्रीत्वासंबंधी कोणताही प्रश्न उपस्थित केलेला नाही.,mr,unknown,male
009830.wav,राजाने तो सर्प धनुष्याच्या टोकाने उचलला आणि परत आश्रमात जाऊन ऋषीच्या गळ्यात घातला.,mr,unknown,male
002129.wav,नित्य नियमाने तो रोपांना पाणी टाकत असे व त्यांची काळजी घेत असे.,mr,unknown,female
000743.wav,"प्रवरा व गोदावरीच्या संगमावर राहूच्या धडावर मोहिनी बसलेली आहे, तिला म्हाळसा म्हणतात.",mr,unknown,female
009326.wav,"शर्माजींना वाटले ह्या जणू, कणभरही अहंकार नसलेली शांत देवता.",mr,unknown,male
004443.wav,वरीलप्रमाणे व्रतस्थ वर्तणूकच नित्यरसायन असते असे सांगण्याचा हा प्रयास वाटतो.,mr,unknown,female
006619.wav,निवृत्ती म्हणजे डेथ सेटेन्स असे मानले जाते.,mr,unknown,male
006843.wav,आणखी गुंतवणूकदार या फंडांकडे आकर्षित होण्यासाठी काहीसा कालावधी जावा लागणार आहे.,mr,unknown,male
002928.wav,ब्रह्मदत्त काशी राज्याच्या गादीवर असतां बोधिसत्वांनी एका वाण्याच्या घरात अवतार घेतला.,mr,unknown,female
000634.wav,"हंस म्हणाला, `अग्नी, सूर्य, चंद्र आणि वीज ही मिळून ईश्वराचा एक भाग होतो, बाकी ज्ञान तुला पाणबुड्या पक्षी सांगेल.’",mr,unknown,female
003622.wav,म्हणून या अस्थिभंगात मनगटाजवळची नाडी चालू आहे किंवा नाही हे तपासणे आवश्यक आहे.,mr,unknown,female
010360.wav,"शबरी आश्रमात वाढू लागली, ऋषिपत्नी तिचे कितीतरी कोडकौतुक करी.",mr,unknown,female
010235.wav,देवाने त्याच्या जीवनाचे वस्त्र जणू दु:खाने विणले होते.,mr,unknown,female
002316.wav,बाबांना फार त्रास सोसावा लागला असेल नाहीं?,mr,unknown,female
007500.wav,"राजाने प्रधानासमवेत, मी आलो आहे, असा महाराजांना निरोप पाठवला.",mr,unknown,male
007038.wav,फातोर्ड्यामधील नागरिकांकडून मला उत्तम प्रतिसाद मिळत आहे.,mr,unknown,male
004576.wav,सर्व प्रथम निरनिराळे ऑड साइझ चे उरलेले रंगेते कागद नळाकांड्यांना चिकटवले.,mr,unknown,female
000800.wav,या दिवशी गाईची पाडसासह संध्याकाळी पूजा करतात.,mr,unknown,female
004784.wav,"जयविजय हे कश्यप प्रजापतीची पत्नी दिती, हिच्यापोटी हिरण्यकश्यप आणि हिरण्याक्ष या नामे जन्मले.",mr,unknown,male
001886.wav,"असं म्हणतात की या जगात अशी कुठलीही घटना, कथा, वा वेदना नाही, जिचा उल्लेख महाभारतामध्ये झालेला नाही.",mr,unknown,female
005387.wav,मोठसं पातेलं घे आणि आता ती मोठी चूल पेटव.,mr,unknown,male
005539.wav,ताफ्यात चांदण्यांच्या मन धुंद न्हात होते,mr,unknown,male
007655.wav,आमचे प्रयत्न तिथे पूर्णपणे फसले.,mr,unknown,male
007863.wav,माझ्या वंशात पुढे कोणीतरी विद्वान निपजेल आणि तो तुला ह्याचे उत्तर देईल.',mr,unknown,male
001211.wav,बाहेर आल्यावरही आईच्याच सान्निध्यात त्याचा लहानपणी तरी बहुतेक वेळ जातो.,mr,unknown,female
005636.wav,ज्यावर कवीचा जथ्था उतरायचा झोळ्या घेऊन.,mr,unknown,male
003388.wav,सुदैवाने माणसाची बुध्दी ही सध्या असणाऱ्या सर्वात आधुनिक व प्रगत संगणकाच्या दृष्टीनेदेखील फार मोठी व अतर्क्य गोष्ट आहे.,mr,unknown,female
006649.wav,जयेश महासुखलाल कोठारी चार लाख पन्नास हजार,mr,unknown,male
006166.wav,मुंबईची वाट कॉंग्रेसच्या महाराष्ट्रद्वेष्ट्या धोरणांनी लावली.,mr,unknown,male
003939.wav,हजारो वर्षापूर्वी लिहिला गेलेला श्रवणबेळ्गोळ येथे गोमटेश्वराच्या पुतळ्याखाली मराठी भाषेतील पहिला शिलालेख आढळतो.,mr,unknown,female
008623.wav,आईने धावत येऊन पाहिले तर मैना निपचित पडलेली होती.,mr,unknown,male
007796.wav,सत्यकाम भीतभीत पुढे आला.,mr,unknown,male
005215.wav,गोष्ट ऐकून तुझा थकवा दूर होईल व तुझा विचारही बदलू शकेल.,mr,unknown,male
003950.wav,या पूर्णपणे निराधार घोषणेचा आधार घेऊनच उत्तर कोकण मौर्यावरील कलचुरी घराण्याच्या आधिपत्याचा सिद्धान्त मांडण्यात आला आहे.,mr,unknown,female
001189.wav,"शबरी सद्गदित झाली होती, ऋषिपत्नीने तिला पोटाशी धरले व म्हटले, बाळे शबरी, अधूनमधून येत जा हो आश्रमात, आम्हाला आता हे घर खायला येईल.",mr,unknown,female
009377.wav,"ती साडी-चोळी नेसली, पालखीत बसली अन् घरी येऊन झोपी गेली.",mr,unknown,male
006625.wav,या प्रयत्नात हेलिकॉप्टरच्या पुढील भागाचे मोठे नुकसान झाले.,mr,unknown,male
005861.wav,कारण या स्त्री भ्रूणहत्येचे सामाजिक आणि नैसर्गिक परिणाम फार भीषण आहेत.,mr,unknown,male
006683.wav,एचआयव्ही ते एड्‌स संपूर्ण प्रवास महत्त्वाचा,mr,unknown,male
000587.wav,त्या वेळी गौतमांपाशी अनेक राजपुत्र आणि ब्राह्मणकुमार शिकण्यास होते.,mr,unknown,female
008103.wav,"निसर्गावर प्रेम करा, त्याचा सहयोग घ्या आणि त्याला सहयोग करा.",mr,unknown,male
009011.wav,"त्याला पाहताच खोचकपणे गाढवाने त्याला विचारले, कुठे निघाली स्वारी, नि हे काय, तुमचं ते पूर्वीचं छानदार खोगिर नाही दिसत कुठे.",mr,unknown,male
003066.wav,"सुसज्ज सैनिक मागेपुढे असलेल्या, हत्तीच्या नटलेल्या अंबारीमध्ये बसलेल्या राजाची मिरवणूक निघाली.",mr,unknown,female
009668.wav,"राजाला अध्यात्म शिकायचे आहे, तर आवश्यकता राजाला आहे.",mr,unknown,male
004101.wav,युनिकोडचा आवाकाच एवढा मोठा आहे की त्यादृष्टीने देवनागरी अक्षरशः खिजगणतीत येते.,mr,unknown,female
002621.wav,राजाच्या या शीघ्रकोपी स्वभावामुळें प्रजाजन नेहमी अस्वस्थ पण शांत असत.,mr,unknown,female
006795.wav,संचयनी अभिकर्ता एवम्‌ उपभोक्ता समितीने ही माहिती दिली आहे.,mr,unknown,male
010743.wav,सीमा नीनाची मावस बहीण होती.,mr,unknown,female
008644.wav,मिठूही आनंदाने मिनूच्या गादीवर बसली.,mr,unknown,male
001741.wav,"पण गंमत मात्र अशी की, त्यावेळी तो लांडगा त्या दरोडेखोर इतर लांडग्याचा पाठलाग करी.",mr,unknown,female
003542.wav,घरगुती उपचार म्हणून यावर कोरफडीचा गर किंवा आंबेहळद लावली जाते.,mr,unknown,female
007896.wav,"नाभा चिडला व मनूला म्हणाला, `बाबा, माझा वाटा कुठे आहे?'",mr,unknown,male
005279.wav,तुझ्यासारखाच त्याला खूप आत्म विश्‍वास होता.,mr,unknown,male
003061.wav,ब्रह्मदत्त काशी येथे राज्य करीत असतां बोधि-सत्वांनी एका जमिनदाराचा मुलगा म्हणून अवतार धारण केला.,mr,unknown,female
001887.wav,वेदविद्या पारंगत महर्षी द्रोणाचार्य हे कौरव आणि पांडवांचे गुरू.,mr,unknown,female
009256.wav,"बरं मग असं कर हात तरी देतोस कां, व्यापारी म्हणाला.",mr,unknown,male
000024.wav,"राजा रोज देवळात जायचा, देवासाठी सोन्याच्या ताटातून जेवण पाठवायचा, देवासाठी दानधर्म करायचा.",mr,unknown,female
002524.wav,कौसल्येने आपल्या खिरींतून थोडी खीर सुमित्रेसाठी वेगळ्या पात्रांत काढून ठेवली.,mr,unknown,female
007056.wav,इमारतीतील कामगारांचे मृतदेह छिन्नविछिन्न अवस्थेत एक किलोमीटर परिसरात विखुरले गेले.,mr,unknown,male
004223.wav,चिडलेल्या कस्टमरला कसं हॅंडल करायचं हे मेहतांना चांगलच ज्ञात होतं.,mr,unknown,female
003095.wav,"किंबहुना, आणखी कोणत्या ही रीतीने त्याला ठार करणे शक्य नाही!",mr,unknown,female
007613.wav,"चोर म्हणाले, दोघांच्या खांद्यावर धनुष्य-बाण होते, डोक्यावर मुकुट होता आणि दोघेही तरुण होते.",mr,unknown,male
005305.wav,आणि वेताळाने गोष्ट सांगायला सुरवात केली.,mr,unknown,male
002341.wav,ह्या मुनींनी दहा हजार वर्षें वायुभक्षण करून तपश्चर्या केली होती.,mr,unknown,female
010290.wav,"तो रस्ता चालू लागला, बहुळा नदीच्या तीरावर तो आला.",mr,unknown,female
004825.wav,तुझ्या परशूपुढे माझे चक्र ते काय,mr,unknown,male
008281.wav,"तीन आचमने करुन त्याने सात समुद्र प्राशन केले, यातील अर्थ हा असेल की, तीन पर्यटनांत तो सात समुद्र ओलांडून आला.",mr,unknown,male
001428.wav,समजा ती उडाली तर अजिबात नाराज व्हायचे नाही.,mr,unknown,female
000790.wav,नारळाला धार्मिक महत्व आहे.,mr,unknown,female
004031.wav,मान्सूनचा पाउस हा नैऋत्य मोसमी वाचांपासुन पडतो.,mr,unknown,female
003943.wav,मध्यमवर्गीय मराठी कुटुंबात जन्मलेल्या तिरोडकरांनी ही गरुडझेप घेतली व संपूर्ण जगाने त्यांना ‘सॅल्यूट’ मारला.,mr,unknown,female
001348.wav,तिथे मोठया रंगीत कागदात काहीतरी गुंडाळले होते.,mr,unknown,female
003690.wav,सातवाहनांची कारकीर्द प्रत्येक सांस्कृतिच्य़ा क्षेत्रात कमालीची प्रगती घडवून आणणारी ठरली.,mr,unknown,female
006932.wav,त्यानुसार न्यायालयानेही कामकाज सुरू केले आहे.,mr,unknown,male
010788.wav,"केक संपल्याचे भुवनला अजिबात वाईट वाटत नव्हते, उलट बदल म्हणून त्याने कविताने आणलेला दहीभात खाल्ला.",mr,unknown,female
004585.wav,पुणेस्थित पर्सिस्टंट सिस्टिम्स लिमिटेडचा आयपीओ आहे.,mr,unknown,female
008566.wav,तो पृथ्वीवर आला तेंव्हा माणसे काम करत होती.,mr,unknown,male
007621.wav,"तिच्या पुढ्यात दोन वृध्द पुरुष पडलेले होते, अन ते बेशुध्द झालेले होते.",mr,unknown,male
002141.wav,"चिमणी सारखी कामात असे, आळशासारखं बसायला तिला मुळीच आवडत नसे.",mr,unknown,female
010933.wav,विसाव्यासाठी त्यांनी तिथेच बसकण मारली.,mr,unknown,female
004148.wav,"खुपच सुदंर लिहिले आहे, पहिल्या भागापासुन शेवटापर्यंत अगदी रंगत गेलय, मस्तच.",mr,unknown,female
005211.wav,एक लोखंडी दहशतीचा गोळा माझ्या पोटात वाढायला लागला.,mr,unknown,male
007225.wav,"तोही श्रद्धेने, मनोभावे देवाची पूजा आणि सेवा करायचा.",mr,unknown,male
006914.wav,कंपनीच्या चोवीस कॅरेटच्या नाण्यांचे स्विस कंपनीने प्रमाणीकरण केले आहे.,mr,unknown,male
001419.wav,मिनू मैना पक्ष्याला प्रथमच इतक्या जवळून पाहत असल्यामुळे जरा सुरुवातीला घाबरली होती.,mr,unknown,female
002454.wav,"बाळा, वेडेपणा माझा नव्हे, तर तुझ्या पित्याचा आहे.",mr,unknown,female
003885.wav,रात्रीच्या रेकॉर्ड डान्सला मला एका मुलीचा प्रतिसाद मिळाला,mr,unknown,female
000606.wav,जो खरे बोलतो त्याला मी ब्राह्मणच समजतो.,mr,unknown,female
002168.wav,ती देवळात गेली तर तिला साडी-चोळी मिळाली.,mr,unknown,female
003330.wav,प्रदूषणकारक प्लॅस्टिक क्रॅरी बॅग ऐवजी कापडी किंवा कागदी पिशव्यांचा वापर करणे.,mr,unknown,female
010452.wav,"मुलाचे शिक्षण हे मातेवर, पित्यावर, आप्तेष्टांवर, सभोवतालच्या सर्व सजीव-निर्जीव सृष्टीवर अवलंबून आहे.",mr,unknown,female
000994.wav,"मनू एकटा होता, त्याचे आईबाप मरण पावले होते.",mr,unknown,female
002847.wav,"जर तुला असं वाटत असेल की कोणतेही ध्येय गांठायला कठोर परिश्रम हा एकमेव मार्ग आहे, तर हे चुकीचे आहे.",mr,unknown,female
010545.wav,"तिसरा माणूस हसून म्हणाला, आजच.",mr,unknown,female
010215.wav,"गाव मोठा सुखी व समृद्ध होतं, तिथे नाना प्रकारचे धंदे चालत.",mr,unknown,female
005200.wav,दुसर्‍याच क्षणी एक दार उघडले आणि त्यामुळे भुयारात उजेड पसरला.,mr,unknown,male
009515.wav,"छत्रपतींचा विजय असो म्हणुन चटकन हात जोडले, पण घडले भलतेच, ते माझ्यावरच ओरडले.",mr,unknown,male
002877.wav,"बिरबल राजदरबारांतून बाहेर फेकला जाईल, अशी परिस्थिती निर्माण करण्याची ते वाटच पहात होते.",mr,unknown,female
006157.wav,या मंडळींच्या उद्योगांना बऱ्यापैकी प्रसिद्धी मिळाली आहे.,mr,unknown,male
009068.wav,"झाडातल्या दोन पाखरांच्या मागे लागून, हातातले एक गमावून बसण्यात अर्थ नाही.",mr,unknown,male
006026.wav,मराठी भाषा लवचिक आहे थोड्या थोड्या फरकाने शब्दाचे अर्थ बदलतात.,mr,unknown,male
000071.wav,"ज्या क्षणि तो आपले शेवटचे श्वास मोजत होता, त्यावेळी अचानक त्याचे लक्ष त्याच्या गळ्यातील साखळीकडे गेले.",mr,unknown,female
007158.wav,घरभाडे ठरविण्यासाठी प्राईस टू रेंट हा दर काढला जातो.,mr,unknown,male
010878.wav,"मी अशाने हळू हळू खचूनच जाईन, माझी कुणालाच काळजी नाही.",mr,unknown,female
004367.wav,पोटात गज आतपर्यंत घुसल्यावरच भानू गतःप्राण झालेला होता.,mr,unknown,female
010257.wav,"मनूनेच तो खून केला असावा, असे सर्वांचे मत पडले.",mr,unknown,female
004607.wav,आम्ही कष्टाने मिळवू ते तुम्ही पायदळी तुडवणार हा कुठला न्याय ?,mr,unknown,female
010522.wav,"प्रधान म्हणाला, मी या राज्याचा मुख्य प्रधान आहे.",mr,unknown,female
007727.wav,पण राजा परत आलाच नाही!,mr,unknown,male
010819.wav,"डोंगर चढायचा उत्साह फारच थोडया मुलांमध्ये शिल्लक होता अपवाद फक्त विनितचा, तो सर्वात आधी डोंगरावर जाऊन पोहोचला.",mr,unknown,female
004696.wav,मी आपल्या वडिलांजवळ राज्य मागितले नाही किंवा आईजवळ मागितले नाही.,mr,unknown,male
005969.wav,आया-बाया चपला फरफटत पाय उचलत होत्या.,mr,unknown,male
003434.wav,संपूर्ण हौदावर जाळीचे झाकण असले की उंदीर पक्षी वगैरेपासून संरक्षण होते.,mr,unknown,female
008635.wav,समजा ती उडाली तर अजिबात नाराज व्हायचे नाही.,mr,unknown,male
006726.wav,तिथेच माझे व्यसन सुटले असल्याचेही सैफ सांगत आहे.,mr,unknown,male
002975.wav,त्याच्याजवळ एक आश्चर्यकारक कथा सांगण्याजोगी होती.,mr,unknown,female
002821.wav,"दाऊद म्हणाला कीं, बादशहाचे मन बिरबलाविषयी कलुषित करायला हवे.",mr,unknown,female
003147.wav,त्या काळांत पाश्चिमात्यांना फलज्योतिषही जीवनांतील एक आवश्यक बाब वाटें.,mr,unknown,female
007608.wav,म्हणून आम्ही तुम्हाला नमस्कार करत आहोत.,mr,unknown,male
005107.wav,निश्चयाचा पक्का विक्रम पुन्हा झाडाजवळ गेला.,mr,unknown,male
004437.wav,"मराठी शवासन उताणे शववत् पडणे भूवरी, ते शवासन.",mr,unknown,female
001254.wav,"तो आश्रम म्हणजे त्या गावातील जीवनाला, साचीव जीवनाला, स्वच्छ ठेवणारा जिवंत व पवित्र झरा होय.",mr,unknown,female
004000.wav,"पुरवठा मध्येच बंद पडणे, त्याचे व्होल्टेज कमीअधिक होणे हे प्रकार वारंवार घडत असतात.",mr,unknown,female
007211.wav,राजाने सांगितले आपणसुद्धा राजवाडा सोडून जाऊ शकता.,mr,unknown,male
005560.wav,मनाच्या खांद्यावर श्वापदांच्या सुळ्यांचे ओघळणारे रक्तरंजीत पसायदान,mr,unknown,male
010117.wav,"नंतर हळद-कुंकू, फुले, अक्षता वाहून फुलांची माळ त्यांच्या गळ्यात घालतात.",mr,unknown,male
008318.wav,आईबापांच्या प्रेमळ सहवासात लहानगी शबरी वाढत होती.,mr,unknown,male
001311.wav,"राजा आश्चर्यानं म्हणाला, अरे वा:, असं म्हणतोय तो वराचा बाप.",mr,unknown,female
002200.wav,राघूशेट बस्स् इतकंच कमरेचा किल्ल्यांचा जुडगा काढून समोर टाकत या,mr,unknown,female
007439.wav,एकदा एक पिता-पुत्र एका घोड्याला घेऊन जात होते.,mr,unknown,male
009351.wav,"कावळा दिवसभर इकडे तिकडे टिवल्याबावल्या करायचा, बडबड करायचा.",mr,unknown,male
009700.wav,हा कृष्णराव अतिशय स्वार्थी आणि लोभी होता.,mr,unknown,male
003704.wav,ह्या बाबतीतला इतका उघडेवाघडेपणा आणि सवंगपणा पण मनाला तितकासा सुचत नाही.,mr,unknown,female
007676.wav,जगाचं कल्याण होऊन सर्व सुखी होतील.,mr,unknown,male
003743.wav,या विधीस शास्त्रकारांनी संततिफलक म्हणजे संतति होणे हे ज्यांचे फल आहे.,mr,unknown,female
004449.wav,एकदा मी साक्षात देवी पार्वतीचिच अभिलाशा धरली आणि महादेवाशी युध्द केले.,mr,unknown,female
007920.wav,एवढा क्रूर तो पण नाभाचा हिरमोड पाहून त्याचेही मन विरघळले.,mr,unknown,male
008362.wav,"ती म्हणाली, तात, मघा त्या मोराच्या पिसाऱ्यातील पीस उपटण्यास मी गेले, ते पाहून तारे आज रडतील का.",mr,unknown,male
009952.wav,"पाणबुड्या पक्षी म्हणाला, `प्राण, डोळे, कान आणि मन हा ईश्वराचा एक भाग आहे.",mr,unknown,male
001316.wav,मग ती ओस पडलेली पाचशेच्या पाचशे गावं माझ्या भावी जावयाला मी आंदण म्हणून देईन.,mr,unknown,female
008065.wav,"नवविवाहीत दांपत्याची पहिली दिवाळी पत्नीच्या माहेरी साजरी करतात, ह्यालाच दिवाळसण असं म्हणतात.",mr,unknown,male
003890.wav,सांजवेळी डोंगरांचा नूर जाणे हा कोणता खेळ आहे.,mr,unknown,female
007318.wav,"त्या दोघांशी, साधी ओळखही नसताना, त्या दोन अनोळखी जीवांच्या विचारांत, किती फरक होता.",mr,unknown,male
008109.wav,"काहीही झाले, तरी मानवतेच्या दृष्टीने सर्व विकसित, तसेच अविकसित राष्ट्रांनी उशिरा का होईना, एकत्र होऊन त्याविषयी विचारविनिमय चालू केला आहे.",mr,unknown,male
010379.wav,"ऋषी व त्यांची पत्नी बाहेर अंगणात बसली होती, फलाहार झाला होता.",mr,unknown,female
000268.wav,स्वतः रचलेले रामायण असे का जाळत आहेस?,mr,unknown,female
010580.wav,सकाळी नम्रता झाडांना पाणी घालायला गेली तर तिला दोन पिशव्यांमध्ये चक्क कोंब फुटलेले दिसले.,mr,unknown,female
001958.wav,असच एकदा सर्व शिक्षक व मित्रांना प्रशांतनं फराळाचं आमंत्रण दिलं.,mr,unknown,female
000716.wav,"तो कौतुकाने म्हणाला, `बाळ, ज्या अर्थी तू खरे बोललास त्या अर्थी ह्या सर्व गायी तुला मी बक्षीस देतो, जा घेऊन आपले धन.’",mr,unknown,female
006139.wav,पुल उत्कृष्ट संगीतकार होते.,mr,unknown,male
004475.wav,सगळ्या मुलांना एक एक अॅप्रन द्यावा म्हणजे कपडे कमी खराब होतील.,mr,unknown,female
008731.wav,त्या दिवशी रात्री मिताच्या आईला अस्वस्थ करणारे स्वप्न पडले.,mr,unknown,male
001340.wav,आईचे बोलणे नीतूने व्यवस्थित लक्षात ठेवले आणि त्याप्रमाणेच शहाण्या मुलीसारखी वागू लागली.,mr,unknown,female
003861.wav,या सुखाची मालकीण केव्हा एकदा होईन असं झालेल असतं.,mr,unknown,female
003026.wav,"भाताची पेज, कोंडा, पेंड, वगैरे पौष्टिक पदार्थ ती त्या पाड्याला खायला घालीत असे.",mr,unknown,female
000739.wav,पण राहूच्या पोटातील अमृतामुळे ते धड नाश पावेना.,mr,unknown,female
004234.wav,मग तिथल्याच किनार्यावर गेलो आणि सुकट मासळीचा दर्प नाकात घुसला बापरे.,mr,unknown,female
000966.wav,तहान आणि भूक लागणे हे देवाने माणसाला दिलेले वरदान आहे.,mr,unknown,female
000253.wav,"त्याला ओटूक्कूत्तन नावाचा मित्र होता, तोही मोठा विद्वान होता.",mr,unknown,female
009738.wav,दिवसभर दुसऱ्याकडे पोटासाठी राबणारी ती गरीब बाई मुलाला आणायला कशी जाणार ?,mr,unknown,male
004355.wav,फ़क्त गिर्यारोहण करून केस जास्त सफ़ेद झाले होते इतकेच.,mr,unknown,female
004334.wav,मनपाच्या शाळेतल्या विद्यार्थ्यांना चौथीची स्कॉलरशिप मिळाल्याची उदाहरणंही आहेत.,mr,unknown,female
000051.wav,सर्व जण त्याला चंदनतैलादी लावून आंघोळ घालतात.,mr,unknown,female
005145.wav,असे म्हणत त्याने मांत्रिकाचा हात पकडून त्याला जोरात खाली ओढले.,mr,unknown,male
007457.wav,"त्याला ओटूक्कूत्तन नावाचा मित्र होता, तोही मोठा विद्वान होता.",mr,unknown,male
003334.wav,परिषदेस देणग्या देणार्यास आयकर खाते ऐंशी-जी प्रमाणपत्रान्वये निम्म्या रकमेवर सवलत मिळते.,mr,unknown,female
003280.wav,"मात्र हवामान, मोसम व स्थान यानुसार यात बदल होतो.",mr,unknown,female
001689.wav,डोंगर उतरतांना सोबत फळं फुलं घेऊन जायचे.,mr,unknown,female
001624.wav,विनित आणि अनिकेतची दाट मैत्री होती.,mr,unknown,female
000873.wav,कधीकधी कमी दबाव येतो आणि तो जड पाऊस पडतो.,mr,unknown,female
004338.wav,मित्रमैत्रिणींनो खाली माझी फ्लिकरवरची बांधवगडची लिंक देतेय.,mr,unknown,female
004066.wav,"ठिकाणपत्ता वेदशास्त्रोत्तेजक सभागृह, सणस क्रीडांगणा समोर, सारसबागेजवळ, पुणे एक",mr,unknown,female
009984.wav,त्याने ते गाणे म्हटल्याबरोबर त्याला ते कोडे सुटले.,mr,unknown,male
009961.wav,सत्यकामाला सर्व चराचर सृष्टीत भरलेल्या ईश्वराचे ज्ञान गौतमांनी आपल्या रसाळ वाणीने पुन्हा समजावून दिले.,mr,unknown,male
010309.wav,"अगस्तीने फार प्रवास केलेला असावा, दंडकारण्यात प्रवेश करणारा पहिला ऋषी अगस्तीच होय.",mr,unknown,female
005010.wav,भीमही शांत व सालस स्वभावाचा होता.,mr,unknown,male
002408.wav,असा विचार करीत नारदाने गांव सोडून जंगलाची वाट धरली.,mr,unknown,female
000249.wav,"लोकांना काय आवडेल, याकडे लक्ष देण्यापेक्षा भगवंताला आपण काय केलेले आवडेल, इकडे लक्ष द्या.",mr,unknown,female
009181.wav,"प्रशांत, मनोज आणि त्याची आई यांचा निरोप घेवून ते निघाले.",mr,unknown,male
006671.wav,रात्री फ्रीजमध्ये स्टीलच्या डब्यात पाणी भरून ठेवणे;,mr,unknown,male
009378.wav,त्यांना एक सुंदर स्त्री राजवाड्यातून बाहेर पडतांना दिसली.,mr,unknown,male
003306.wav,स्वाभिमानांत फुरंगटून न बसतां परकियांचे जे चांगले होते ते पचवून त्यानें फलज्योतिषाला भारतीय वेष चढविला.,mr,unknown,female
004682.wav,नीच कुळात जन्मल्यामुळे माझ्या मनात असले क्षुद्र विचार आले.,mr,unknown,male
003024.wav,त्या पाड्याचा मालक एका म्हातारीच्या घरांत भाड्याने रहात होता.,mr,unknown,female
008482.wav,आम्ही आमच्या वडिलांस भाऊ म्हणत असू व लोक त्यांना भाऊराव असे म्हणत.,mr,unknown,male
004583.wav,फ्युचरसाठी स्ट्रिक्ट स्टॉप लॉस सात शे पंच्यैंशी च्या आसपास.,mr,unknown,female
006113.wav,"हीच परिस्थिती कायमराहिली तर आजची शैक्षणिक व्यवस्था ढासळून पडेल, यात शंका नाही.",mr,unknown,male
010731.wav,दुसर्या दिवशी उठल्यावर मंजू आईला स्वयंपाकात मदत करायला आली.,mr,unknown,female
000448.wav,"तिथं तर काय, त्या लोकांना अर्थ हाच परमार्थ वाटत होता.",mr,unknown,female
005039.wav,"तुझे मौन हे जास्तीच कोड्यात टाकणारे आहे, त्या राजा सुशांत सारखेच !",mr,unknown,male
000057.wav,"मार्गाने जातांना गाढव विचार करते, आत्तापर्यंत कधी मिळाले नाही, ते राजवैभव मला आज कसे काय मिळत आहे.",mr,unknown,female
004861.wav,"तुझ्या लेमळ्या हाताखाली दबून, बाहुल्यासारख्या मुलाला गजमुख बनावे लागले!",mr,unknown,male
000477.wav,"गीता शब्द उच्चारताच ते वृध्द ताडकन उठले, त्यांनी नारदांचे पाय धरले.",mr,unknown,female
005403.wav,"बैलांना भरपूर वैरण मिळत राहील, सगळ्या माणसांना ताजी फळे, भोजन मिळेल.",mr,unknown,male
005527.wav,"सांस्कृतीकतेचाच कळप हा, कळपाकळपाने तांडा होत जातो कसा",mr,unknown,male
009211.wav,ते पाणी पिल्या नंतर स्वराचा आवाज पहिल्यापेक्षा मधूर झाला.,mr,unknown,male
007066.wav,महिला पुरवणाऱ्या शहरातील बैल बाजारातील भाभीच्या अटकेने शहरात खळबळ माजली.,mr,unknown,male
010495.wav,"माझ्या आईला माहेरी कोणी आवडी म्हणत, कोणी बयो म्हणत.",mr,unknown,female
007407.wav,आता आम्ही झोपतांना चंद्रही बघू शकतो.,mr,unknown,male
010172.wav,"नवविवाहीत दांपत्याची पहिली दिवाळी पत्नीच्या माहेरी साजरी करतात, ह्यालाच दिवाळसण म्हणतात.",mr,unknown,male
000751.wav,"’नमो नारायणाय’ असा जप करून त्याने तपाला सुरवात केली, हे पाहून सर्व देव आश्चर्यचकित झाले.",mr,unknown,female
005007.wav,आता ही गोष्ट नीट लक्ष देऊन ऐक.,mr,unknown,male
005290.wav,"समरबाहूचे चारच अनुयायी शिल्लक होते, परंतु तरीही त्यांनी राजसैनिकांबरोबर लढायचा निश्‍चय केला होता.",mr,unknown,male
000377.wav,त्यासाठी त्यांनी प्रत्येक विद्यार्थ्याला घरून थोडे थोडे दूध आणायला सांगितले.,mr,unknown,female
005023.wav,"हे आदिवासी गण्डकामृगांना पाळून, त्यांच्या कडून, शेतीची कामे करुन घेत असत.",mr,unknown,male
009657.wav,"त्याने आपले राज्य पुष्कळ वाढवले, त्याची प्रजाही सुखी होती.",mr,unknown,male
003070.wav,"दुसरा विकल्प, तुम्ही दवडत असताना तुमच्या कडे पाठ असणार्या खेळाडूला पाठलाग करण्याचे काम पास करणे, हा आहे.",mr,unknown,female
010929.wav,"धुळीने भरलेले दोन प्रवासी, थकलेले, भागलेले, वणवण उन्हामध्ये उघडया रखरखीत रस्त्यावरून चालत होते.",mr,unknown,female
008749.wav,"चित्र पाहताच आईने आनंदाने मंजूला जवळ घेत म्हटले, मंजू, तुझ्या हातात कला आहे, तिला अधिकाधिक वाढवायचा प्रयत्न कर.",mr,unknown,male
008913.wav,"तुझ्या पोटातलं थोडस पाणी पितो आम्ही, पण तशीच सावली ही देतो तुला.",mr,unknown,male
005639.wav,तिचे सर्व प्रियकर माझ्याच चेहऱ्याचे आहेत,mr,unknown,male
009083.wav,"अरे तुझ्या आधी जे येऊन गेले त्यातल्या कोणीही माझ्याकडे पाहिले नाही की, थंडीत इथे का बसलात म्हणून विचारले नाही.",mr,unknown,male
008517.wav,"यावर वरपिता असलेला तो पक्षी त्याला म्हणाला, 'तुझी मुलगी मी सून म्हणून आनंदाने स्वीकारतो, पण मुलीबरोबर 'स्त्रीधन' म्हणून शंभर गावे आंदण द्यायची.",mr,unknown,male
003740.wav,व्हिटॅमिन व कॉम्प्लेक्स मध्ये आढळणारे पॅन्टोर्थेनिक ऍसिड फॉलिक ऍसिड इत्यादी मिळते.,mr,unknown,female
010432.wav,"समुद्राच्या पोटात अशी गोलबंद व पाणीदार मोत्ये असतील, की ज्याची जगास वार्ता नाही.",mr,unknown,female
006413.wav,मोटारसायकल व ट्रकच्या अपघातात भोडणी येथील युवकाचा दुर्दैवी मृत्यू,mr,unknown,male
007488.wav,अध्यात्म शिकवण्यासाठी त्यांना प्रतिदिन राजवाड्यात घेऊन येण्यास सांगितले.,mr,unknown,male
004727.wav,"त्याने वशिष्ठांच्याकडे जाऊन दिव्य अस्त्रे, अक्षय भाता, धनुष्य वगैरे मागून घेऊन यायला सांगितले.",mr,unknown,male
008456.wav,"आश्रमातील प्रार्थना झाली, सारे सोबती सभोवती मंडलाकार बसले होते.",mr,unknown,male
007969.wav,"भूलोक राहणार नाही, हे त्रिभुवन कल्पांतापर्यंत राहावे या संकल्पाला बाधा येईल, म्हणून दानवांचे राज्य राहिले पाहिजे.",mr,unknown,male
000228.wav,"जर हा मेला, तर याचे धन राज्य भांडारात जमा होईल.",mr,unknown,female
008747.wav,"मंजूला चित्रकलेची खूपच आवड होती, चित्र काढतांना तिला वेळेचे भान राहत नसे.",mr,unknown,male
004374.wav,तुमचं वापरून जवळची ठिकाणं कॅटेगरीनुसार बँक्स रेस्टॉरन्ट्स एटीम्स गॅस स्टेशन्स इत्यादी.,mr,unknown,female
001509.wav,"डॉक्टर काकांकडे गेल्यावर आता ते आम्हाला काढून टाकणार, तुझ्या हलगर्जीपणामुळे आमचे घर जाणार आहे.",mr,unknown,female
007433.wav,दोघांच्याही मनात असे कुविचार येऊन गेले.,mr,unknown,male
003621.wav,स्त्रीसाहित्यात गावाकडच्या हळव्या ओव्यांमुळे उपदेशही सौम्यपणे लोकांपर्यंत पोहचतो.,mr,unknown,female
001685.wav,गावात आलेले पाहुणे मुद्दामहून हा डोंगर पाहायला जायचे.,mr,unknown,female
000500.wav,"तो अगदी थकून गेला होता, तहानेने तो व्याकुळ झाला होता, त्याला विश्रांतीची आवश्यकता होती.",mr,unknown,female
008089.wav,मराठी भाषेची निर्मिती संस्कृतमधून निर्माण झालेल्या महाराष्ट्री प्राकृत भाषांपासून झाली आहे.,mr,unknown,male
007482.wav,मित्रप्रेमाचा हा एक आदर्श ठरेल !!,mr,unknown,male
001878.wav,"तो वृध्दाला म्हणाला, या तुमच्या मताबद्दल मी आभारी आहे.",mr,unknown,female
002856.wav,तुला योग्य मार्गावर आणणं माझं कर्तव्य आहे.,mr,unknown,female
000514.wav,"तहानेने व्याकुळ झालेला तो राजा त्या अपमानामुळे अधिकच संतापला, त्याला विचारच राहिला नाही.",mr,unknown,female
009981.wav,"तो जवळ जवळ नउशे वर्षांचा म्हातारा झाला होता, अजून त्याचे कोडे कोणाला सुटले नव्हते.",mr,unknown,male
002272.wav,नंतर ते स्वतःच उत्तरेकडे हिमालय पर्वतांत कौशिकी नदीच्या कांठी जाऊन तपश्चर्या करूं लागले.,mr,unknown,female
006604.wav,रेल्वे प्रवासात स्टेशनवर वगैरे चूळ भरण्यासाठी पिण्याचे पाणीच वापरावे.,mr,unknown,male
008726.wav,वाळूत ती अनेक प्रकारची नक्षी काढत असे.,mr,unknown,male
004609.wav,अहमदनगरच्या कोरड्या थंडीत मल्हारराव जमदाडेंच्या शहराबाहेरील फार्महाऊसवर आत्ता तिघेही बसलेले होते.,mr,unknown,female
000475.wav,"त्या दोन वृध्दांजवळ नारदमुनी बसले, त्यांनी त्यांच्या अंगावरुन हात फिरवले, त्यांना शीतोपचार केले.",mr,unknown,female
004760.wav,शंकराने पार्वतीचा हात धरला तेंव्हाच शंकराचे तेज पार्वतीच्या देहात सर्वत्र व्याप्त झाले.,mr,unknown,male
009788.wav,"त्यागराज चोरांना म्हणाले, तुम्ही भाग्यवान आहात, मी रामभक्त असून मला रामाचे दर्शन अजून झाले नाही.",mr,unknown,male
009015.wav,ही सूचना ऐकल्यावर सर्व पशु आपापल्या मुलांना घेऊन प्रतियोगितेंच्या ठिकाणी हजर झाले.,mr,unknown,male
009178.wav,शिक्षकांनी चौकशी केली तेंव्हा कळले की तो जन्मत:च अंधळा आहे.,mr,unknown,male
000481.wav,त्या योजनेप्रमाणे सर्व धर्मनिष्ठांना आचरण करण्याच्या आज्ञा सोडल्या.,mr,unknown,female
008905.wav,"आपण कधीच मोठं होतं नाही, आपली कधीच वाढ होत नाही.",mr,unknown,male
006246.wav,ते आता पंचवीस वर्षानंतर पंचवीस टक्क्यावर आले.,mr,unknown,male
007196.wav,"प्रभाग नऊ फिलिपिन्हा अँथोनी पेरेरा एक शे छत्तीस, फ्लोरी मॅथ्यू कुर्रैया एक शे बत्तीस.",mr,unknown,male
009268.wav,समोर शंखाच्या आश्रमातील आंब्याच्या झाडाला खूप आंबे लागले होते.,mr,unknown,male
004402.wav,मीही कॉंमेट टाकलीय तो लेख वाचुन पत्रकारितेत किती भोंगळपणा कराल ?,mr,unknown,female
009103.wav,"गुरूजी, मी सदैव तुमचा आहे, सदैव तुमचा राहीन.",mr,unknown,male
010850.wav,परंतु त्याचवेळेला गौरी टीनाच्या मदतीला आली.,mr,unknown,female
005844.wav,महिना पंधरावीस रुपयांच्या पगारात आठदहा माणसांचे कुटुंब राहून वर पाचसहा रुपये शिल्लक टाकता येत असत.,mr,unknown,male
001350.wav,"नीतूने घाईने कागद बाजूला केला तर लाल स्कूटर, अगदी तिच्या मनात होती तशीच.",mr,unknown,female
005318.wav,"मी श्वास रोखून, प्रतिक्षा करु लागलो.",mr,unknown,male
007264.wav,"हा विचार आल्यावर ते स्वतःचे अंग झाडते, त्यामुळे त्याच्या पाठीवरील देव खाली पडतो.",mr,unknown,male
008055.wav,तिलाच लक्ष्मी मानून तिच्यावर पाणी घालून हळद-कुंकू वाहून घरात वापरण्यास सुरूवात करतात.,mr,unknown,male
009396.wav,"जीवनात सदाचार, नीतीमत्ता, धर्माचरण, आदी नसेल, तर दान, लक्ष्मी, श्रीमंती, आदींचा काहीच उपयोग नाही.",mr,unknown,male
006818.wav,काही वेळ बसल्यानंतर सहाच्या सुमारास रेल्वेने गुलबर्ग्याला गेला.,mr,unknown,male
001607.wav,आईने स्पर्धेच्या दिवसासाठी खास म्हणून डब्यात दिलेला पाईनऍपल केक सगळ्या मुलांना वाटला.,mr,unknown,female
004082.wav,याज्ञवल्क्य स्मृतीत 'मांसखंड घालून शिजवलेल्या भाताच्या' या पदार्थांचा स्पष्ट उल्लेख आहे.,mr,unknown,female
009614.wav,"वडील घोड्यावर बसले, रस्त्याने जात असता लोक म्हणू लागले, बाप निर्दयी आहे.",mr,unknown,male
006426.wav,न्यायालयाने समन्स काढूनही किशोर पवार अद्याप फरारच आहे.,mr,unknown,male
001447.wav,"अहो आजोबा, मदर्स डे आहे नां त्याची तयारी करतो आहोत, आखिलेषने दबक्या आवाजात सांगितले.",mr,unknown,female
005859.wav,शहरीग्रामीण गृहिणी कोणत्याही गटात मोडणारी घेतली तर असे दिसून येते.,mr,unknown,male
001021.wav,"स्वत:चं पाप या गरीब मनूवर ढकलीत असावा, मनू म्हणाला.",mr,unknown,female
000706.wav,"रुद्र म्हणाला, `खोटे वाटत असेल तर तुझ्या बाबांना जाऊन विचार, त्यांना यज्ञासंबंधी सर्व कळते.",mr,unknown,female
005225.wav,बादशहा आल्यानंतर त्यांना माझे आसन रिकामे असल्याचे दिसेल.,mr,unknown,male
001867.wav,एका घोडेस्वाराचे त्याच्याकडे लक्ष गेले.,mr,unknown,female
009067.wav,शंकांनी घेरलेल्या उद्याच्या लाभासाठी आजच्या हातात गवसलेल्या लाभावर पाणी सोडणे अगदी मूर्खपणाचे कृत्य होईल.,mr,unknown,male
006327.wav,मग मला कामच कुठ राहिल,mr,unknown,male
002123.wav,गौतमने ते चणे घेतले व तुळशी वृंदावनात टाकुन दिले.,mr,unknown,female
008864.wav,"एकदा टीनाच्या वर्गात गौरी नावाची नवीन मुलगी आली, नवीन असल्यामुळे टीचरनी तिला टीना शेजारी बसवले.",mr,unknown,male
001922.wav,"ही करामत फक्त गुरूंचा आशीर्वादच करू शकतो, हे यांना कोण सांगणार?",mr,unknown,female
009488.wav,क्षणभर खूप राग आला त्याच्या अशा ऐटिटूड चा.,mr,unknown,male
008459.wav,"सध्याच्या निष्प्रेम अशा काळात, असे प्रेमळ संघ म्हणजे परम आशा होय.",mr,unknown,male
005442.wav,पराक्रमी पंचायुधाच्या मनावर मुनींच्या त्या सल्ल्याचा काही एक परिणाम झाला नाही.,mr,unknown,male
001420.wav,पण आता तिला बरे करायचे आहे म्हणून काळजी घेत होती.,mr,unknown,female
008831.wav,विनित आणि अनिकेतची दाट मैत्री होती.,mr,unknown,male
002681.wav,राजाने मंत्रीगण व इतर सरदारांबरोबर विचारविनिमय केला.,mr,unknown,female
002026.wav,"घरांत गडगंज संपत्ती, एकुलता एक लाडाचा, काम कधी करावंच लागलं नाही.",mr,unknown,female
000595.wav,एका क्षणात जिकडे तिकडे शांत झाले.,mr,unknown,female
001559.wav,आठवडयाभराने नीनाचा वाढदिवस होता.,mr,unknown,female
009363.wav,एवढंस तोंड करून कुडकुडत उभा राहिला.,mr,unknown,male
007927.wav,"तेव्हा ते सांगू लागले, राजा, पूर्वी देव व दैत्य यांनी समुद्रमंथन करून अमृत व इतर रत्ने काढायचे ठरवले.",mr,unknown,male
005027.wav,माझ्या परवानगी शिवायच राजाला भेटु पहाताय,mr,unknown,male
002059.wav,दुपारी बाराची वेळ भूक लागली होती.,mr,unknown,female
008865.wav,"टीना अर्थातच स्वत:हून तिच्याशी बोलायची नाही, पण गौरी मात्र तिच्याशी बोलायची आणि टीना सांगेल तसे वागायचीसुध्दा.",mr,unknown,male
006331.wav,स्वतः सरदार सुभानसिंग गुरुजींवर खूष होऊन पण त्याचबरोबर पाहुणा अजून गेले नसल्याच भान ठेवून बेताचे हसले.,mr,unknown,male
010491.wav,"वारा मात्र स्वस्थ नव्हता, तो त्रिभुवनमंदिराला सारखा प्रदक्षिणा घालत होता, आपली अखंड प्रार्थना गुणगुणत होता.",mr,unknown,female
006211.wav,ग्रामीण महाराष्ट्रात यापैकी किती कार्यक्रम लोकांना समजतात,mr,unknown,male
002453.wav,त्यांचे हे अज्ञान त्यांनाच लाजिरवाणे ठरेल!,mr,unknown,female
004454.wav,कुब्ज उघडण्यास कठीण असेल तर कुलनाशक होतो.,mr,unknown,female
007269.wav,एक माणूस परीस शोधायला निघाला.,mr,unknown,male
005796.wav,"नियतीने ज्यांचे जीवन उद्ध्वसत केले, अशा क्रूर नियतीचा काही प्रमाणात पराभव करण्यात त्या यशस्वी झाल्या आहेत.",mr,unknown,male
003264.wav,रस्त्यावरील लहान मोठी वाहने ही खनिज पेट्रोलियम पासून शुध्द केलेल्या पेट्रोल व डिझेलवर चालतात.,mr,unknown,female
009737.wav,ती ऐकून तिलाही अश्रू आवरेनात.,mr,unknown,male
000293.wav,प्रधानाने राजास त्याप्रमाणे कळवले.,mr,unknown,female
009988.wav,"माझे कोडे सोडवून मला खाली पाहावयास लावणारा माणूस हा पाहा मला दिसतो आहे, आता काय कारायचे मला जगून?’",mr,unknown,male
007709.wav,"पण तेथे सर्वत्र सामसूम होती, राजाचे स्वागत करण्यास कोणीच आले नाही.",mr,unknown,male
008257.wav,"जगात देव नाही, धर्म नाही मरता येत नाही म्हणून जगायचे.",mr,unknown,male
007287.wav,"ह्या अनोळखींच्या जगात तिथे मी एकटाच होतो जो प्रत्येक येणाऱ्या, जाणाऱ्यांकडे टक लाऊन पाहत होतो.",mr,unknown,male
002349.wav,भरताला राज्य देण्याचा माझा विचार आहे हे बाबांनी मला सांगायला एवढा संकोच कां करावा?,mr,unknown,female
010431.wav,"रानावनांतील कानाकोप-यात असे एखादे रमणीय व सुगंधी फूल फुललेले असेल, की, ज्याचा पत्ता कोणाला लागलेला नाही.",mr,unknown,female
001319.wav,"राजाला तो खरा वाटून, तो एकदम शरमून गेला.",mr,unknown,female
004049.wav,ट्युब स्टेशन पासून पाच मिनिटे चालण्याच्या अंतरावर होतं अपार्टमेन्ट.,mr,unknown,female
003167.wav,फॅरेडे व अॅम्पीयर या शास्त्रज्ञांनी विद्युतचुंबकीय क्षेत्रामधील परस्परांमधील संबंध प्रस्थापित केले होते.,mr,unknown,female
007144.wav,सांताक्रूझमध्ये श्रीमती जेनिफर मोन्सेरात यांना उमेदवारी मिळण्याची दाट शक्‍यता आहे.,mr,unknown,male
005485.wav,"ह्यांना पुन्हा तसच भिरकवून, सीध्या तळहातात धरायच असत.",mr,unknown,male
004563.wav,केमोथीरपीतून होणारा त्रास हे कण वापरल्याने कमी होऊ शकतो.,mr,unknown,female
009578.wav,"गुरु पहाटे उठले, त्या वेळी अर्ध्या छपरातून चंद्र दिसत होता.",mr,unknown,male
004963.wav,"त्या काळात समाजात वावरणार्‍या इंग्लिश स्त्रियांनी तो नागव्याने हिंडत होता, त्याला हरकत घेतली.",mr,unknown,male
002702.wav,दिवसेदिवस तुझा हट्टी स्वभाव वाढतच चालला आहे.,mr,unknown,female
004962.wav,इथे त्याचा लोकांनी बघितलेला आणि नोंदलेला असा फक्त एकच चमत्कार सांगता येईल.,mr,unknown,male
002692.wav,कुणाचेतरी भले होण्याऐवजी त्याचे नुकसान होईल.,mr,unknown,female
006177.wav,"त्यातले कल्याण, कन्नड, पानशेतचे आमदार हे स्वबळावर निवडून आले.",mr,unknown,male
007412.wav,हळूहळू ते पिल्लू बरेच मोठे झाले.,mr,unknown,male
010864.wav,गावात आलेले पाहुणे मुद्दामहून हा डोंगर पाहायला जायचे.,mr,unknown,female
003496.wav,त्यावर्षी महाराष्ट्रात मुलांमध्ये पांथरी सूजेचे प्रमाण हजारी इतके होते.,mr,unknown,female
002390.wav,तेव्हां विष्णूच्या कांतीमुळे गणपतीचा रंग नीलाकाशासारखा भासला.,mr,unknown,female
009259.wav,"एवढा लाख मोलाचा धडधाकट देह असतांना भीक कां मागतोस, कष्ट कर पैसे मिळवं.",mr,unknown,male
000838.wav,"त्यामुळे, शक्यतोवर हिंदू शास्त्राप्रमाणे लक्ष्मीपूजन हे स्थिर लग्नावर करतात, त्याने लक्ष्मी स्थिर राहते असा समज आहे.",mr,unknown,female
006307.wav,उन्मत्तसिंग नावाचा एक अत्यंत जुलमी राजा होता.,mr,unknown,male
002841.wav,"एक दगड टाकल्यावर दुसराही दगड टाकायला हवा, हे ठीक आहे.",mr,unknown,female
004270.wav,राजकारणी आणि महाराष्ट्रातल्या कलाकारांना जनतेच्या पैशात फुकटात स्वस्तात अमेरिकेत यायला मिळतं.,mr,unknown,female
002583.wav,"एकदा नामदेवांची आई काही कामात होती, तीने नामदेवाला विठोबाला नैवेद्य दाखवून यायला सांगितलं.",mr,unknown,female
010160.wav,हा दिवस व्यापारी लोक फार उत्साहात साजरा करतात.,mr,unknown,male
007857.wav,एकदा कक्षीवान ऋषी प्रियमेध नावाच्या ऋषीकडे गेला.,mr,unknown,male
009508.wav,"टिळकांनी विचारले, स्वातंत्र्यानंतर बदललय का काही ?",mr,unknown,male
010833.wav,"खाऊ, पुस्तक, खेळ असे काही सुध्दा आपल्या मित्र-मैत्रिणींबरोबर शेअर करायची नाही, उलट त्यांच्यावर दादागिरी करायची.",mr,unknown,female
008606.wav,सकाळी नम्रता झाडांना पाणी घालायला गेली तर तिला दोन पिशव्यांमध्ये चक्क कोंब फुटलेले दिसले.,mr,unknown,male
000158.wav,कस सांगु तूम्हाला खाली आता शिक्षणाचा काळा बाजार थाटला.,mr,unknown,female
010855.wav,या डोंगरावर वेगवेगळया फळांच्या फळबागा होत्या,mr,unknown,female
004808.wav,तुझ्या मुखांतून जे शब्द बाहेर पडले आहेत ते अमोघ आहेत.,mr,unknown,male
001442.wav,मदर्स डेसाठी आदिती आणि आखिलेषची जोरदार तयारी चालू झाली होती.,mr,unknown,female
006070.wav,"हे नवीन इंग्रज आणि इंग्रजी भाषा यांच्या ग्लामीतून मराठी भाषेला लोकभाषेला, लोकसंस्कृतीला मुक्त केले पाहिजे.",mr,unknown,male
009117.wav,एक ठाम प्रकाश त्या विचाराबरोबर वाहात वाहात माझ्या मनात आला.,mr,unknown,male
008740.wav,आजपासून आम्ही ठरवले आहे की आवश्यकते नुसारच आपल्याला जितके मासे हवेत तितके मासे घ्यायचे.,mr,unknown,male
005035.wav,पण त्याच्या साथीदारांनी त्याचे बोलणे अजिबात ऐकले नाही.,mr,unknown,male
004683.wav,सूर्यास्त होऊन गेला व काळोख पडू लागला.,mr,unknown,male
004826.wav,'तुझे परशू फिरविण्यातील कौशल्य पाहतांना डोळयांचे पारणे फिटल्याचा आनंद आला' विष्णू म्हणाला.,mr,unknown,male
001964.wav,"मनोज आनंदाने तयार झाला, चाचपडत, चाचपडत तो बैठकीत आला.",mr,unknown,female
007785.wav,सत्यकामाच्या बापाचे तर तिला नावही ठाऊक नव्हते.,mr,unknown,male
003208.wav,एल दिव्यांच्या वापराकरिता जेवढी ऊर्जा लागते त्याच्या वीसटक्के इतक्या कमी ऊर्जेचा वापर करूनदेखील सुखकारक प्रकाश मिळविणे शक्य झाले आहे.,mr,unknown,female
010690.wav,"डॉक्टर काकांकडे गेल्यावर आता ते आम्हाला काढून टाकणार, तुझ्या हलगर्जीपणामुळे आमचे घर जाणार आहे.",mr,unknown,female
009733.wav,शाळा सुटल्यावर घरी परततांना मात्र वाटेत रान लागायचे.,mr,unknown,male
010180.wav,या दिवशी बहिणीच्या घरी भाऊ गोडधोड भोजन करतो.,mr,unknown,male
007079.wav,मुकेश थळी यांनीही अनुवादित साहित्याचा परामर्श घेतला.,mr,unknown,male
008737.wav,"आल्यावर मिताने बघितले तर तिचे बाबा नारळाच्या झावळ्या करत होते, आई पापड करण्यात गुंग होती.",mr,unknown,male
010524.wav,प्रजा घरेदारे सोडून दुसऱ्या राज्यात जाऊ लागली असताना तुम्ही केवळ राम राम म्हणत राहून स्वत:चीच मुक्ती साधणार आहात काय.,mr,unknown,female
001544.wav,त्या रात्री आईबाबांचे बोलणे मंजूच्या कानावर पडले.,mr,unknown,female
005000.wav,एकदा राजवाड्यातल्या आचार्‍यांना राजाने खास पाहुण्यांसाठी काही खास पदार्थ बनवायला सांगितले होते.,mr,unknown,male
006233.wav,अभ्यासक्रम आखताना ग्रामीण महाराष्ट्राकडे पाठ करून आणि पुण्यामुंबईसारख्या शहरांकडे उन्मुख होऊन ते आखले जातात.,mr,unknown,male
002875.wav,तुझ्यासारखाच त्याला खूप आत्म- विश्वास होता.,mr,unknown,female
004053.wav,माझ्या मालकाच काय केल त्याने त्याचच नुकसान होईल.,mr,unknown,female
009350.wav,"याउलट कावळयाचं घर शेणाचं होतं, घरात सगळीकडे पसाराच पसारा असे.",mr,unknown,male
009864.wav,तुम्हांला या शापवाणीपासून अज्ञानात ठेवू नये म्हणून त्यांनी हा निरोप पाठविला आहे.,mr,unknown,male
000604.wav,"गौतम म्हणाले, `बाळा, सत्यकामा, तू इतके खरं बोललास हेच पुरे आहे.",mr,unknown,female
004265.wav,मूलभूत सोयींच्या अभावाविषयी पुन्हा केवळ भारतातील परिस्थितीबाबत बहुमताने नोंद झाली आहे.,mr,unknown,female
005488.wav,"जर दुसरा संघ जास्त वेळ लावतो, तर पहिला संघ विजेता ठरतो.",mr,unknown,male
000394.wav,तो रानातून जात असतांना त्याला लुबाडण्यासाठी दोन चोर त्याच्या पाठी लागले.,mr,unknown,female
010019.wav,"रुद्र म्हणाला, `खोटे वाटत असेल तर तुझ्या बाबांना जाऊन विचार, त्यांना यज्ञासंबंधी सर्व कळते.",mr,unknown,male
004128.wav,माझा एक आत्येभाऊ भयंकर वांड आणि चिडका बिब्बा होता.,mr,unknown,female
010418.wav,"त्या वेळेस ऋषी आणखी काही बोलले नाहीत, त्यांनी परभारे भिल्ल राजाला निरोप पाठविला.",mr,unknown,female
006524.wav,वाकडे व अन्य वरिष्ठ अधिकाऱ्यांनीही आरोपींकडे तपास करून पुढील सूचना दिल्या.,mr,unknown,male
006152.wav,भाषाकोषकार विश्वनाथ नरवणे यांचही म्हणण हेच आहे.,mr,unknown,male
006970.wav,बऱ्याच वेळा मोठ्या शहरात एका पिशवीत गावठी बॉम्ब ठेवला जातो.,mr,unknown,male
004442.wav,कठीणपणा इत्यादी धर्मांनी ज्ञात होणारी त्या भूतांची निर्व्यापारावस्था ही त्यांची स्वरूपावस्था.,mr,unknown,female
004412.wav,मनापासुन अभिनंदन मी स्वतः वेबसाइट आर्टिस्ट आहे.,mr,unknown,female
003449.wav,हे सर्व दुष्परिणाम या विंचवाच्या विषामुळे ऑटोनॉमिक चेतासंस्थेशी निगडित आहेत.,mr,unknown,female
007307.wav,"रंगाने गोरा, पर्सनैलिटी कि म्हणतात ती खूप छान होती.",mr,unknown,male
004668.wav,कारण रामाची शपथ घेतल्यावर ती मोडणे शक्य नाही.,mr,unknown,male
005130.wav,मग आपण आणखी कोणती मागणी करणार आहोत,mr,unknown,male
006969.wav,- उद्यानाचा वापर ट्रिगार्ड' ठेवण्यासाठी होतो.,mr,unknown,male
003456.wav,"ऍलोपथी, आयुर्वेद, होमिओपथी, युनानी अशा अनेक औषधव्यवस्था देशात प्रचलित आहेत.",mr,unknown,female
007106.wav,गणोजी शिर्के यांनी फितुरी करून जवळच्या मार्गाने मकरफखानला संगमेश्‍वरात आणले.,mr,unknown,male
000402.wav,"तेव्हा त्यांनी सांगितले, आम्हाला नमस्कार न करता त्यागराजांना नमस्कार करा, तरच आम्ही तुम्हाला सोडू.",mr,unknown,female
008105.wav,"सनातन धर्माची प्रतिष्ठापना करा, धर्मजीवनाला अनुकूल असे वातावरण, कायदे आणि व्यवस्था करा.",mr,unknown,male
001632.wav,होता होता बस डोंगराच्या पायथ्याशी पोहोचली.,mr,unknown,female
004044.wav,सांजची येळ आसल्याकारणान खुप दिवसान येळेरलो सुर्य स्त बगुक गावलो.,mr,unknown,female
009012.wav,"काय हो अश्वराज, त्या वेळच्या त्या घमेंडीत कधी अशी पाळी येईल, असं वाटलं होतं का तुम्हाला.",mr,unknown,male
008303.wav,"पावित्र्य हे न बोलता बोलते, व न शिकविता शिकविते.",mr,unknown,male
005883.wav,नेमकं काय झालं तुला ठावूक आहे का,mr,unknown,male
004398.wav,या गीतापासून स्फुर्ती घेऊन नारायणभाईंनी कथाकथनाचे कार्यक्रम सुरू केले.,mr,unknown,female
003659.wav,कोळी स्वाभाविकच आपल्या मच्छिमारी होड्या-पडावांसमवेत किनाऱ्याजवळ स्थायिक झाले आहेत.,mr,unknown,female
002596.wav,त्यांचा मुख्य उद्देश्य हिन्दु धर्माचा संपूर्ण भारतात प्रचार करण्याचा होता.,mr,unknown,female
007459.wav,त्यानेही तामिळमध्येच रामायण रचनेला प्रारंभ केला.,mr,unknown,male
010785.wav,मधल्या सुट्टीत भुवन वेगळा न बसता स्वतःहून मुलांच्या गोलात सामील झाला.,mr,unknown,female
005740.wav,पावलो पावली नितीमत्तेला जो तो विसरलेला,mr,unknown,male
006569.wav,येथील कारखान्यात थ्री फेज इंजिनांचीही दुरुस्ती करण्यात येते.,mr,unknown,male
010653.wav,आईला बरे नाही म्हणून संध्याकाळी बाबा स्वयंपाक करत होते.,mr,unknown,female
002068.wav,"लिखित राजाकडे गेला, घडलेली सर्व हकीगत सांगितली.",mr,unknown,female
006805.wav,"पोलिस दलातील भ्रष्टाचार, पक्षपातीपणा, बेजबाबदारपणा आदी गोष्टींवर प्रकाश टाकणारे होते.",mr,unknown,male
001600.wav,"भुवनने आनंदाने आपली मान हलवली, तिने तथास्तु म्हटले.",mr,unknown,female
004225.wav,बर लोगानलाच वायपर लेफ्टहॅण्ड ड्राइव्ह च्या बेताने लावलेले आहेत ना ?,mr,unknown,female
001386.wav,त्यामुळे आंब्यांचा चट्टा मट्टा झाला की नम्रता आंब्यांच्या जातीप्रमाणे त्यांची वर्गवारी करुन ठेवायची.,mr,unknown,female
009667.wav,"हे पहा, मला राजवाड्याची आवश्यकता नाही.",mr,unknown,male
004708.wav,"रामा, राजा दुष्टांना दंड देतो, आणि सुष्ट लोकांचे रक्षण करतो.",mr,unknown,male
001406.wav,"बर्याच वर्षांपासून दक्षिण भारतात जाण्याची त्यातल्या त्यात केरळ बघण्याची अगदी मनापासून इच्छा होती, पण या ना त्या कारणाने तो योग येतच नव्हता.",mr,unknown,female
000810.wav,आपल्या मुला-बाळांना चांगले आरोग्य मिळावे व सुख लाभावे म्हणून ही पूजा करतात.,mr,unknown,female
002030.wav,"तो बहिणीकडे गेला तिने त्याला एक रूपया दिला, शेठजींनी तो विहीरीत फेकून दिला.",mr,unknown,female
009872.wav,परिक्षिती राजाने योजलेल्या त्या भागवत सप्ताहाची वार्ता ऐकून क्षमाशील शमीक ऋषींना आनंद झाला.,mr,unknown,male
003205.wav,डी दिवे लावून विजेची बचत केल्यास पर्यावरण संरक्षणामध्ये भरीव योगदान देणे शक्य होणार आहे.,mr,unknown,female
010834.wav,"यामुळे टीनाला वर्गात एकही मित्रमैत्रिण नव्हते, हया गोष्टीचे टीनाच्या आईला खूप वाईट वाटायचे.",mr,unknown,female
008545.wav,"नीता हटट न करणार्‍या, व्यवस्थित जेवणार्‍या मुलांची इच्छा सहज पूर्ण होते.",mr,unknown,male
001703.wav,"झाडं म्हणाली, अरे डोंगरा, तुझ्यामुळेच तर आम्ही आहोत, आम्ही आमच्या मुळांनी तुला असं घट्ट धरून ठेवलंय की तुझी झीज होणारच नाही !",mr,unknown,female
006212.wav,या कार्यक्रमात मराठीतून प्रास्ताविक का नाही,mr,unknown,male
003051.wav,याची शिक्षा म्हणून कांहीतरी उपाय योजून या हत्तीची विल्हेवाट लावली पाहिजे.,mr,unknown,female
008760.wav,"आईच्या डोळयात पाणी आले, तिने मंजूला कुशीत घेत म्हटले, मंजू आपल्या अपंगत्वावर आपणच मात करायला शिकले पाहिजे.",mr,unknown,male
004111.wav,"प्रकाशयोजना, संगीत वगैरे सगळं याच तालमींत ठरत असे.",mr,unknown,female
006943.wav,या मॅच प्रॅक्‍टिसच्या वेळी गवताळ खेळपट्टीवर सराव होत आहे.,mr,unknown,male
006428.wav,"शैल जैमिनी, दयाशंकर तिवारी यांचीही भाषणे झालीत.",mr,unknown,male
003839.wav,त्यांच्या पदी घेतलेली अनन्य भावाची शरणांगती.,mr,unknown,female
001881.wav,आषाढातील पौर्णिमेस 'गुरूपौर्णिमा' म्हणतात.,mr,unknown,female
002479.wav,"तुझ्या लेमळ्या हाताखाली दबून, भावल्यासारख्या मुलाला गजमुख बनावे लागले!",mr,unknown,female
005964.wav,"धर्म, भाषा, प्रांत, वर्ण यांच्या भिंती कोसळतात.",mr,unknown,male
009486.wav,"स्पष्टीकरण देताना बोलला कि, काही दिवसांपूर्वी ऑर्कुट वर त्यांची ओळख झाली होती.",mr,unknown,male
006727.wav,इलिनॉयसह अनेक ठिकाणी कारखान्यांनी विस्ताराच्या योजना आखल्या आहेत.,mr,unknown,male
010057.wav,ही कथा श्री वसिष्ठांनी श्रीरामांना योगवसिष्ठातील उपशम प्रकरणात सांगितली आहे.,mr,unknown,male
008139.wav,"रात्रीच्या वेळी सगळ्यांनी एकत्र बसून जेवणे, हे तुमच्या कौटुंबिक सौख्यासाठी चांगले आहे.",mr,unknown,male
007860.wav,प्रियमेधाने खूप डोके खाजवले पण ह्याचा त्याला उलगडा होईना.,mr,unknown,male
006809.wav,एक मेच्या निमित्ताने हा प्रवास केला.,mr,unknown,male
002311.wav,रामाच्या पर्णकुटीजवळ आश्रमाच्या ईशान्य दिशेला होमकुंड व यज्ञवेदिका होती.,mr,unknown,female
003282.wav,केवळ खिडक्या व दारे उघडून नैसर्गिक वायुवीजन साधता येते.,mr,unknown,female
001047.wav,"मनू घरातून बाहेर पडेना, तो भयंकर मन:स्थितीत होता.",mr,unknown,female
004790.wav,"ही असली नाती सांगून आपले काम साधण्याची कला तूच शिकविली आहेस, कमलनयना",mr,unknown,male
004337.wav,हा सॅंट्या इतका 'हा' आहे की काय ?,mr,unknown,female
006467.wav,पुरुषोत्तम ऊर्फ तात्याजी महाराजांनी अनासक्त वृत्तीने रुग्णांची सेवा केली.,mr,unknown,male
001569.wav,होता होता वाढदिवसाचा दिवस उजाडला.,mr,unknown,female
000463.wav,मी तर सगळीकडं फिरुन उघड्या डोळ्यांनी हे सर्व पाहतो आहे.,mr,unknown,female
000744.wav,ही कथा श्री वसिष्ठांनी श्रीरामांना योगवसिष्ठातील उपशम प्रकरणात सांगितली आहे.,mr,unknown,female
000223.wav,"त्याला असे वाटले की, हे लाकूड मूल्यवान आहे, हे लाकूड कोण विकत घेईल ?",mr,unknown,female
006281.wav,आज आई बाबांची जागा 'मम्मी डॅडी' या शब्दांनी घेतली आहे.,mr,unknown,male
004924.wav,"रावणा, ते मूल तुझा व तुझ्या लंकेचा नाश करण्यासाठी जन्मलेले आहे!",mr,unknown,male
003722.wav,या दोन नव्या माध्यमांबरोबर नवे विषयही ब्रिटिशांबरोबरच येथे आले.,mr,unknown,female
000626.wav,वायुदेवाच्या आज्ञेप्रमाणे दुसर्या दिवशी सत्यकाम गायी घेऊन आश्रमाकडे निघाला.,mr,unknown,female
008425.wav,"मुलाचे शिक्षण हे मातेवर, पित्यावर, आप्तेष्टांवर, सभोवतालच्या सर्व सजीव-निर्जीव सृष्टीवर अवलंबून आहे.",mr,unknown,male
007765.wav,तेही त्याचे अभीष्टचिंतन करण्यात आणि भगवंताची क्षमायाचना करण्यात आपला काळ घालवू लागले!,mr,unknown,male
002178.wav,हा चबुतरा आपल्याला रायगडावरील महाराजांच्या समाधीची आठवण करून देतो.,mr,unknown,female
009608.wav,राजाच्या मनात असे विचार यायचे कारण काय?,mr,unknown,male
005675.wav,तो समोर डोंगर दिसतो आहे दूरवर,mr,unknown,male
010469.wav,"श्याम भरल्या आवाजाने म्हणाला, माझ्या स्वत:च्या पूर्वजीवनाची स्मृती करणे मला फार शोकदायक वाटते.",mr,unknown,female
003188.wav,लाकूड हे भारताचे आद्य इंधन आहे.,mr,unknown,female
003195.wav,पृथ्वीच्या वातावरणाबाहेर दर चौरस मीटरला तेरा शे वॅट सौरऊर्जा असते.,mr,unknown,female
010648.wav,"एके दिवशी घरी आल्यावर आई झोपलेली होती, तो घाईने आई जवळ गेला.",mr,unknown,female
000354.wav,त्यामुळे तो आनंदाने शाळेत जाई.,mr,unknown,female
002900.wav,"महासागरावर जरी थंड हवा होती, तरी माझा चेहरा गरम वाटूं लागला.",mr,unknown,female
000457.wav,"नारदमुनी, आपण आलात, छान झालं, आता तुम्हीच मला मार्ग दाखवा, आमचं संकट निवारण करा.",mr,unknown,female
002639.wav,त्याचबरोबर मी तुला या मुनीवर विश्वास ठेवणार्या विश्वेश्वरचीही गोष्ट सांगेन.,mr,unknown,female
005515.wav,"जातीचे रंग शोधतात, कित्येक भडवे बिचारे",mr,unknown,male
000240.wav,"पुढे भेटलेल्या लोकांनी म्हटले, मुलगा किती निर्लज्ज आहे पहा!",mr,unknown,female
004732.wav,तिकडे राजवाड्यात दशरथ एकदम जागा झाल्यासारखा उठला व म्हणाला.,mr,unknown,male
003699.wav,"पाककला म्हणजे चविष्ट, रुचकर आणि पोषक भोजन बनवण्याची कला अथवा शास्त्र.",mr,unknown,female
005126.wav,बिरबलाचा पाडाव करण्यासाठी मी अगदी वाट्टेल ते करू शकतो हकीम म्हणाला.,mr,unknown,male
010553.wav,"अंधारात लोकांना काही दिसेनासे झाले, धडपडू लागले.",mr,unknown,female
005169.wav,तसंच झालं तर जन्मभूमीवर प्राण देऊन पुण्य तरी मी कमावीन.,mr,unknown,male
003786.wav,"ज्यांनी इमाने सेवा केली त्यांचाच बळी घेणारी, उफराटी ठरली",mr,unknown,female
001019.wav,"मी कशाला कोणाला मारू, मी आधीच दुःखाने मेलो आहे.",mr,unknown,female
006958.wav,आयआयटीतील या कंत्राटी कर्मचाऱ्यांचे प्रश्‍न सोडविण्यासाठी महाराष्ट्र संघटित व अंसघटित यांनी सातत्याने प्रयत्न केले आहेत.,mr,unknown,male
007441.wav,"वडील घोड्यावर बसले, रस्त्याने जात असता लोक म्हणू लागले, बाप निर्दयी आहे.",mr,unknown,male
001761.wav,काही काही प्रकारची साधीसुधी सेवा फारच महत्त्वपूर्ण असली तरी तिचा उपयोग घेणा-यांना मात्र कसलीच कृतज्ञता वाटत नाही.,mr,unknown,female
009248.wav,दोन दिवस ह्याच्या दुप्पट रक्कम फेकली पण तुला राग आला नव्हता कारण त्या मागे कष्ट नव्हते.,mr,unknown,male
009621.wav,बिचारा यांच्या वजनाने दबून जाईल.,mr,unknown,male
009294.wav,माझी ती अवस्था आपण पाहिलीत आणि ताबडतोब पाण्यात उडी घेतलीत.,mr,unknown,male
001104.wav,"घरात बसून राहणे तिला कधीच आवडत नसे, घडीची म्हणून तिला उसंत माहीत नसे.",mr,unknown,female
008998.wav,देवळाच्या दारातच दवंडीवाला दवंडी पिटत होता.,mr,unknown,male
007929.wav,देव हे शेपटीच्या बाजूने व राक्षस मुखाच्या बाजूने ओढत होते.,mr,unknown,male
008820.wav,"तुला वाटत मला हे जमेल, भुवनने भीतभीत त्याला विचारले.",mr,unknown,male
003782.wav,मात्र चैत्याच्या गाभाऱ्यात स्तूप ही पूजनीय वस्तू कोरलेली आहे.,mr,unknown,female
008270.wav,तो काळ आर्यांच्या विजयाचा व विस्ताराचा होता.,mr,unknown,male
010039.wav,"पुढे समुद्रमंथनातून लक्ष्मी, कौस्तुभ, पारिजातक, सुरा, धन्वंतरी, चंद्र, रंभा, ऐरावत, अमृत, विष, उच्चैःश्रवा नावाचा घोडा, कामधेनू, शंख व हरिधनू अशी चौदा रत्ने निघाली.",mr,unknown,male
010113.wav,या दिवशी गाईची पाडसासह संध्याकाळी पूजा करतात.,mr,unknown,male
010312.wav,ख्रिस्ती मिशनरी रानटी लोकांत जाऊन तेथे आपले बंगले बांधतात व त्यांना आपल्या धर्माची दीक्षा देतात.,mr,unknown,female
005650.wav,केला विचार पक्का गाणं गाऊन,mr,unknown,male
002589.wav,पंचवटी क्षेत्रात त्यांनी श्री रामचंद्रांच्या देव्हार्याची स्थापना केली.,mr,unknown,female
008833.wav,होता होता तो दिवस उजाडला आणि सारी मुले सकाळी ठीक सात वाजता शाळेत हजर झाली.,mr,unknown,male
009216.wav,"तुझ्या माधुर्याच्या रसात सर्वजणं न्हाऊन निघतील, माझ्यातलं अमृत तुला पावन करेल.",mr,unknown,male
005651.wav,किनाऱ्यावर पोहचलोच तर बिअर पाजीन तुला,mr,unknown,male
001035.wav,"सांग, मित्रा, तुझं मत सांग, तुला जे खरोखर वाटत असेल ते सांग.",mr,unknown,female
003689.wav,रत्नागिरी जिल्ह्याच्या किनारी भागातील वाळूत इल्मेनाईट या खनिजाचे साठे आढळतात.,mr,unknown,female
004194.wav,एक-आधी ईथे चर्चीलेलं 'बाकी शुन्य' दोन-देवांच्या राज्यात राजेद्र खेर यांचं काम उत्तम.,mr,unknown,female
007693.wav,"अनेक उपाय करुन भक्ती, मुक्ती, ज्ञान आणि वैराग्य यांच्या कथा सांगून त्यांचे महत्त्व वाढविले.",mr,unknown,male
004251.wav,त्यामुळेच विहंगसारख्या प्रतिष्ठित संस्थेचे आमंत्रण बघून वृंदाला आश्चर्य वाटत होते.,mr,unknown,female
000907.wav,"मानवाचे स्वास्थ्य पर्यावरणावर अवलंबून आहे, त्यामुळे पर्यावरणाच्या स्वास्थ्याकडे लक्ष देणे अत्यावश्यक आहे !",mr,unknown,female
009171.wav,गाण्यात मात्र पहिला नंबर ठेवलेला हे कळताच सा-या विद्यार्थ्यांनी त्याला गाणं म्हणण्याचा आग्रह केला.,mr,unknown,male
007507.wav,शूरसेन राजा प्रसन्न झाला.,mr,unknown,male
006852.wav,कुलूप तोडायचा निर्णय झाल्यानंतर त्या शेजाऱ्याने आणखी दहाबारा जणांना सोबतीला बोलावले.,mr,unknown,male
004033.wav,नद्यांमधून वाहणारी आणि मदांध तख्त फोडणारी भाषा.,mr,unknown,female
006976.wav,त्यावेळी मटकर व माजी जिल्हा पंचायत सभासद अँथनी मेनेझेस हे त्यांच्या नजरेस पडले.,mr,unknown,male
006005.wav,"दत्ता पवार, लोकसत्ता एक मे एकोणीसशे पंच्याऐंशी",mr,unknown,male
002287.wav,परंतु मंथरेच्या संगतींत तिचे मन पालटले होते.,mr,unknown,female
009758.wav,दुसऱ्या दिवशी शाळेत जातांना गोपाळदादाने त्याला वाटीभर दूध आणून दिले.,mr,unknown,male
006721.wav,विभागीय आयुक्तांच्या उपस्थितीत पाटोद्यात ग्रामस्थदिन साजरा झाला.,mr,unknown,male
010844.wav,"गौरीने सर्व वर्गासमोर टीनाचे आभार मानले, पण टीनाला मात्र त्याचे काहीच वाटले नाही.",mr,unknown,female
008792.wav,त्यांनी विचार केला आठ वर्षाच्या भुवनला ह्या छोटयाश्या गावात जुळवून घेणे सहज शक्य होईल.,mr,unknown,male
007268.wav,"म्हणून देवाला विसरू नये, अहंरहित रहावे, सर्व मानसन्मान देवाचरणी अर्पण करावेत.",mr,unknown,male
008447.wav,"परंतु आम्हांला तुमच्या चांगल्याच गोष्टी सांगा, चांगल्या गोष्टींचे चिंतन केल्याने मनुष्य चांगला होत जातो.",mr,unknown,male
009418.wav,पाच काठ्या एकत्र असलेली ती मोळी होती.,mr,unknown,male
009124.wav,"धनुष्य, प्रत्यंचा, बाण, माती, तुमची मूर्ती आणि स्वत:ला सुध्दा घडवत राहीलो.",mr,unknown,male
008347.wav,"ती आपल्या भक्तांना काही उणे पडू देत नाही, ही उषादेवी किती सुंदर, पवित्र आणि धन्यतम अशी आहे.",mr,unknown,male
007072.wav,सध्या शिक्षकांवर वेठबिगाराची कुऱ्हाड कोसळली आहे.,mr,unknown,male
008201.wav,"त्याची लहान बहीण होती, या बहिणीवर त्याचा फार लोभ.",mr,unknown,male
008827.wav,झोपल्यावर मात्र ती परी त्याच्या स्वप्नात आली.,mr,unknown,male
001902.wav,मला फक्त विद्या हवी होती.,mr,unknown,female
004914.wav,"शेष अंशाने तप्तसुवर्णकांतियुक्त लक्ष्मण, व चक्रगदेच्या अंशाने पोवळ्यासारख्या विद्रुमकांतीने युक्त शत्रुघ्न, सुमित्रेच्या उदरी जन्मले.",mr,unknown,male
004377.wav,त्यानंतर प्रणॉय रॉय यांनी तिला ची स्वतंत्र वाहिनी काढण्यासाठी आमंत्रित केलं.,mr,unknown,female
001570.wav,सकाळी झोपेतून उठल्यावर नीनाला आईबाबांनी जवळ घेऊन लाड केले.,mr,unknown,female
004769.wav,"ज्ञान, औषधी वनस्पती व बीजे नष्ट होता कामा नयेत.",mr,unknown,male
000348.wav,"तिला ‘त्याने पुष्कळ शिकावे आणि नाव कमवावे’, असे मनापासून वाटायचे.",mr,unknown,female
001243.wav,"आत्मप्रौढीचा शब्दही माझ्या तोंडून बाहेर न येवो, अशी देवाला माझी प्रार्थना असते.",mr,unknown,female
000421.wav,"नारदांना वंदन करुन ती करुणवाणीने म्हणाली, मुनीवर्य, आपणासारख्या भगवत भक्ताचं दर्शन झालं, मी धन्य झाले.",mr,unknown,female
008290.wav,हे राजे आपली मुलेबाळे या ऋषींच्या आश्रमात शिकण्यासाठी कधीकधी ठेवीत.,mr,unknown,male
004149.wav,"गाण्याचा रियाझ चांगला चाललेला दिसतोय, सगळ्या कविता तालात येताहेत.",mr,unknown,female
004875.wav,त्या भागवत्तोमाच्या घरी नेहमी थोर ऋषी व मुनी येत आणि त्यांचे तो चांगले आतिथ्य करी.,mr,unknown,male
004041.wav,"टेनसी, केंटकी, करत वेस्ट वर्जिनिया ला पोचे पर्यंत रात्रं झालेली.",mr,unknown,female
007629.wav,आम्हाला पुन: चांगले दिवस येतील अशी खात्री वाटते आहे !,mr,unknown,male
010179.wav,"त्यामुळे त्या समाजात निर्भयतेने फिरू शकतील, तो दिवस, म्हणजे दीपावलीतील भाऊबीज पूजनाचा दिवस.",mr,unknown,male
001032.wav,"विनू, तुझ्या डोळ्यांनाही मी खुनीच दिसतो का, तुझं मत सांग, तुझ्या मताची मला किंमत आहे.",mr,unknown,female
002936.wav,ब्रह्मदत्त राजा फार लोभी व संशयी स्वभावाचा होता.,mr,unknown,female
002910.wav,मला काचेच्या छोट्या छोट्या खिडक्यांजवळचे चेहरे अस्पष्ट दिसू लागले होते.,mr,unknown,female
005827.wav,दिलीपकुमारवैजंतीमालाच्या 'मधुमती' या चित्रपटानं स्त्री प्रेमाला आणखी मोठ्या उंचीवर नेऊन ठेवले.,mr,unknown,male
003615.wav,आजारी व्यक्तींना दुसरीकडे न नेता घरीच त्यांच्या दुबळेपणावर त्याद्वारे प्रयत्न करता येतो.,mr,unknown,female
006225.wav,"म्हणजे मराठी माणसाला डावलून त्यांना रोजगार उद्योगधंदे मिळणार नाहीत, याची तजवीज केली पाहिजे.",mr,unknown,male
000764.wav,"भूलोक राहणार नाही, हे त्रिभुवन कल्पांतापर्यंत राहावे या संकल्पाला बाधा येईल, म्हणून दानवांचे राज्य राहिले पाहिजे.",mr,unknown,female
007808.wav,पुन्हा गौतमांची नजर सगळीकडे फिरली.,mr,unknown,male
005029.wav,सिंहाने एका डाकूवर झडप घातली व त्याचा गळा तोंडात पकडला.,mr,unknown,male
009697.wav,राजा रामदेवाच्या सैन्यातील एका पराक्रमी सरदारास पूर्वीच्या एका युद्धात वीरमरण आले होते.,mr,unknown,male
001223.wav,"मुलांचे जीवन बिघडविणे यासारखे पाप नाही, स्वच्छ झ-याचे पाणी घाण करणे यासारखे पाप नाही.",mr,unknown,female
006831.wav,मनो पुब्बंगमा धम्मा मनो सेठ्ठा मनोमया। ही धम्मपदाची पहिली गाथा आहे.,mr,unknown,male
002135.wav,"गौतमने पोतं आणून गुरुजींच्या पुढे ठेवलं, गुरुजी खुष झाले.",mr,unknown,female
002629.wav,तू संकटांच्या गर्तेंत सांपडलेला आहेस ते मला पाहावत नाही.,mr,unknown,female
010454.wav,"सूर्यचंद्रांना माहीत असो वा नसो, त्यांच्या किरणांनी कमळे फुलतात, ही गोष्ट खरी.",mr,unknown,female
004598.wav,"हे आपल्यासारख्या सुज्ञ, शिक्षित लोकात कळत नाही हिच खरी शोकांतिका आहे.",mr,unknown,female
006337.wav,जेव्हा त्या दोघी गवळणी न्यायमुर्ती रमण यांच्यासमोर उभ्या राहिल्या.,mr,unknown,male
001576.wav,"अगं आई पण आज माझा वाढदिवस आहे मग सीमा कशी काय माझे बूट घालणार, नीना रागात म्हणाली.",mr,unknown,female
000510.wav,राजाने दोन-तीन वेळा त्यांना हाक मारली.,mr,unknown,female
008543.wav,दुसर्‍याकडे असलेली प्रत्येक गोष्ट आपण विकत घेऊच शकू असेही नाही.,mr,unknown,male
004366.wav,मला हा प्रश्न कुठे विचारावा ते न समजल्यामुळे इथे लिहित आहे.,mr,unknown,female
002305.wav,नीच कुळांत जन्मल्यामुळे माझ्या मनांत असले; क्षुद्र विचार आले.,mr,unknown,female
008507.wav,"राजाला नमस्कार करुन म्हणाला, महाराज ! मी बहुतेक सर्व पक्ष्यांची भाषा जाणतो.",mr,unknown,male
010711.wav,"आल्यावर मिताने बघितले तर तिचे बाबा नारळाच्या झावळ्या करत होते, आई पापड करण्यात गुंग होती.",mr,unknown,female
010518.wav,"त्याचा प्रधान चतूर व प्रामाणिक होता, पण राजाला काही सांगू जाणं, म्हणजे स्वत:चं मरण स्वत:च ओढवून घेण्यासारखं होतं.",mr,unknown,female
001260.wav,"माझी आई सर्व भावंडात मोठी होती, तिच्या आईबापांचे तिच्यावर फार प्रेम होते.",mr,unknown,female
004795.wav,त्याच वेळी परशुराम प्रलयकाक्ष रुद्राचा अवतार धारण केल्यासारखा संतापून आला.,mr,unknown,male
004254.wav,"बोलता-बोलता ती म्हणाली, आमची गाऱ्हाणी मांड चार लोकांमध्ये.",mr,unknown,female
004024.wav,तिची चाहूल लागल्याबरोबर सोनीने क्षीण आवाजात म्याव केले.,mr,unknown,female
000712.wav,हाताशी आलेले धन गेले म्हणून नाभाचा फारच हिरमोड झाला.,mr,unknown,female
007804.wav,"सत्यकाम मान खाली घालून म्हणाला, `भगवन्, माझे नाव सत्यकाम.",mr,unknown,male
009998.wav,वडील भाऊ गुरूच्या घरी राहून वेद शिकून आले होते.,mr,unknown,male
007938.wav,त्या वेळी राहू कपटाने देवांच्या पंक्तीला बसून अमृत प्यायला.,mr,unknown,male
002586.wav,"त्यांचे कीर्तन फार प्रभावी होते, ते म्हणायचे –",mr,unknown,female
005590.wav,"तू म्हणजे गं, फूल उमलते, गंध तुझा मी व्हावे",mr,unknown,male
001373.wav,काहीच काम होईना म्हणून नाईलाजाने झोपू लागले.,mr,unknown,female
000713.wav,तरीपण त्याने परत जाऊन मनूचे म्हणणे त्याला सांगितले.,mr,unknown,female
010196.wav,पाणी किती आणि कधी प्यावे याविषयी पुष्कळ मतभेद आढळतात.,mr,unknown,female
005860.wav,घरातला पुरूषवर्ग उद्योग न करता घर नीट चाललेले असते.,mr,unknown,male
006114.wav,"याचा अर्थ अस होतो की जननी, जन्मभूमी हे प्रत्येकाचे निसर्गानेच बहाल केलेले वैभव आहे.",mr,unknown,male
005594.wav,"तुझ्याच रंगामध्ये रंगलो, गीतांची तू, झडती घे",mr,unknown,male
008298.wav,सकाळच्या वेळी पाखरांना अंगणात नीवार धान्य टाकताना व हरणांना हिरवा चारा घालताना ऋषिपत्नीस मोठा आनंद होत असे.,mr,unknown,male
001483.wav,"आईच्या जवळ जाऊन तिला म्हणाला, आई मला माफ कर, तू आमच्यासाठी किती कष्ट घेतेस.",mr,unknown,female
008240.wav,"तुझ्यामुळं मी जगलो आहे, या जीवनात तुझाच काय तो एक स्नेहबंध मला आहे.",mr,unknown,male
003255.wav,गरज आहे ती त्याच्या योग्य व्यवस्थापनाची व दूरदृष्टीची.,mr,unknown,female
003207.wav,डी दिव्यांचा वापर करणे फायदेशीर ठरणार आहे व पर्यावरण जागृतीची उद्दिष्ट्ये प्रत्येक घरांघरांतून साध्य करणे शक्य होणार आहे.,mr,unknown,female
001795.wav,आपल्या प्रयत्नाइतका सामर्थ्यशाली देव दुसरा कोणी नाही.,mr,unknown,female
008923.wav,"मग ते फळ खाऊन, पाणी पिऊन समाधानी होतात.",mr,unknown,male
001822.wav,एका गावाच्या एका पेठेत एक कोळसेवाला राहात होता.,mr,unknown,female
009273.wav,"लिखिताला आपली चूक कळली, शरमेने त्याची मान खाली झुकली.",mr,unknown,male
009978.wav,तोही पुढे म्हातारा होऊन मरण पावला.,mr,unknown,male
009776.wav,पण तुमच्या दोन्ही बाजूंना तुमचे रक्षक असल्याने आम्ही तुम्हाला काहीच करू शकलो नाही.,mr,unknown,male
005582.wav,"दुःखाचा शिण आता कमी होत जातो, सर्व लोक जेवणा नंतर पडवीतच हात धुतात.",mr,unknown,male
001742.wav,"अर्थात, धनगराचा लांडगाही शेवटी लांडगाच.",mr,unknown,female
001659.wav,"टीनाच्या आईला कळल्यावर आई म्हणाली, टीना, अग तुला गौरीला मदत करायला हवी, तुला जर एखादी गोष्ट येत नसेल तर तू तिला समजावून सांगायला हवीस.",mr,unknown,female
000213.wav,"मग तो त्याला म्हणाला, पहा, जरा पाण्यात आपले प्रतिबिंब पहा, पाण्यात तुझे तोंड दिसते आहे.",mr,unknown,female
006826.wav,वाहनेतर उद्योगक्षेत्रात भारत फोर्ज गुंतवणूक करणार बाबा कल्याणी,mr,unknown,male
004166.wav,आँ कोकीळचे डोळे लाल असतात ?,mr,unknown,female
000324.wav,पराभव पत्करून अल्लाउद्दीन मागे परतत असतांना या कृष्णरावने त्याची भेट घेतली.,mr,unknown,female
010315.wav,या लोकांचा व ऋषींचा संबंध येऊ लागला.,mr,unknown,female
001098.wav,"थोर लोकांचे नामोच्चारणही जर मनास उन्नत करते, तर त्यांचे प्रत्यक्ष दर्शन किती प्रभावशाली असेल बरे.",mr,unknown,female
009672.wav,"राजा झोपडीत आला, त्या वेळी झोपडीतील एका बाजूच्या खोलीत आत्मानंद महाराज बसलेले होते.",mr,unknown,male
001360.wav,"देवाने माणसाला विचारले, तू तुझे हे शेत कधी नांगरले.",mr,unknown,female
000335.wav,विजेच्या चपळाईने कटीची तीक्ष्ण कट्यार उपसून त्याच्या छातीत खुपसली.,mr,unknown,female
009601.wav,हे केवळ राजाच विकत घेऊ शकतो.,mr,unknown,male
001614.wav,"मी आहे ना तुला शिकवायला, राघव आश्वासक आवाजात म्हणाला.",mr,unknown,female
009676.wav,खोलीचे दार केवळ ४ फूट उंचीचे होते.,mr,unknown,male
000793.wav,मग चंदनाचे झाड आपल्याला अत्तर देते.,mr,unknown,female
000234.wav,राजाने आपल्या महालाचे दरवाजे चंदनाचे करावे आणि माझे सर्व चंदन विकले जावे.,mr,unknown,female
005166.wav,' त्याच्या या बोलण्यावर स्वर्णाचारी फारच खूष झाला.,mr,unknown,male
007321.wav,"कधी नाही, ती त्या अनोळखी मुलीबद्ल, चिंता वाटू लागली, डोळेही किंचितसे पाणवले.",mr,unknown,male
006859.wav,त्यात दोन वर्षांची जिग्नेशा व तीन वर्षांचा प्रज्ञेश गंभीर जखमी झाला.,mr,unknown,male
008426.wav,"मुलांच्या समीप फार जपून वागावे, वातावरण स्वच्छ राखावे.",mr,unknown,male
010827.wav,तुम्ही जर त्याच्या सारखे वागलात तर तुमचाही स्टॅमीना वाढून न दमता तुम्हीही डोंगर चढू शकाल.,mr,unknown,female
010007.wav,"त्यांना स्वर्गास जायचे आहे, पण त्यांच्या यज्ञात एक चूक होत आहे.",mr,unknown,male
005272.wav,त्याला माहित होतं की मी इथे आहे.,mr,unknown,male
003964.wav,"याशिवाय, हिंदुस्थानी संगीतातल्या ठुमरीच्या तोंडवळ्याची बैठकीची लावणी हा प्रकारही याच काळात निर्माण झाला व रुजला.",mr,unknown,female
006525.wav,"रेनेट हॉर्मन्स, मॉल, बेल्जियम, इंटरनॅशनल हेरल्ड ट्रिब्युन",mr,unknown,male
003149.wav,"व्यापारी पद्धतीच्या पुनर्निर्माण प्रक्रियेसाठी कागद, प्लॅस्टिकच्या पिशव्या, काच, धातू एकत्र करून विकणे.",mr,unknown,female
002414.wav,राजकर्त्यांच्या निरंकुश कारभारामुळे प्रजेचा वाली कोणी राहिला नाही.,mr,unknown,female
004123.wav,खीक खीक अशोक खंडुजी उमरेंच्या स्नुषा काटक आहेत.,mr,unknown,female
005683.wav,"ते बघ, पक्षी उलटेसुलटे, घट्ट विजेचा धरतात खांब",mr,unknown,male
004837.wav,त्यांनी त्या माळा गणपतीला वाहिल्या व अष्ट सिद्धींनी गणपतीला वरले.,mr,unknown,male
000872.wav,एके पावसाळी दिवशी आकाश ढगांसह झाकलेले राहते.,mr,unknown,female
002515.wav,"वामनाने त्रिविक्रम रूप घेऊन आकाशाला व्याप्त केले होते, त्याचे स्मरण म्हणून आकाशदीप-म्हणजे आकाशकंदील लावतात.",mr,unknown,female
001264.wav,माझ्या आईला दोन भाऊ व एक बहीण होती.,mr,unknown,female
001619.wav,रात्री घरी जाऊन त्याने परीला बोलावले पण ती काही आली नाही.,mr,unknown,female
005697.wav,"आईला वाटतं, चेक असेल तर रेशन सुटेल वेळेला अडत्या",mr,unknown,male
005831.wav,"'संगम', 'साहब', 'सुजाता', व 'ब्रम्हचारी' या चित्रपटातून ती प्रगल्भ होत गेली.",mr,unknown,male
004814.wav,डोक कापलेल्या स्थितीत मुलाला पाहून ती शंकराकडे डोळे वटारून पहात म्हणाली.,mr,unknown,male
006931.wav,"सचिन, सुप्रिया ठाणे जिल्हा सहकारी बॅंकेचे ब्रॅंड ऍम्बेसेडर",mr,unknown,male
005655.wav,तुम्हाला थेट मोकळं आभाळ हवं असतं.,mr,unknown,male
007073.wav,या प्रकल्पाच्या माध्यमातून सव्वीस मेगावॉट वीज उत्पादित करण्यात येईल.,mr,unknown,male
001221.wav,आईबापांना व इतर लोकांना माहीत असो वा नसो; त्यांच्या कृत्यांनी मुलांच्या जीवनकळया फुलत असतात.,mr,unknown,female
004318.wav,दोन्ही देशांतला संघर्ष हे युरोपियन इतिहासातलं घगधगतं पर्व आहे.,mr,unknown,female
001766.wav,किना-यावर एक कोल्हा होता.,mr,unknown,female
005822.wav,"टारझन, जेम्स, बॉंड, रँबो यांनीही मान खाली घालावी असं तिच कर्तृत्व होत.",mr,unknown,male
003706.wav,मराठी माणसाला मुंबईतून हुसकावून लावण्यासाठी ही मंडळी सक्रिय आहेत.,mr,unknown,female
008900.wav,"हा डोंगर मात्र मनातून नाराजच होता, बैचेन होता.",mr,unknown,male
007404.wav,शिष्य चिंतेत होता; म्हणून त्याला रात्रभर झोप लागली नाही.,mr,unknown,male
001514.wav,मिता कोकणातल्या छोटया खेड्यात रहायची.,mr,unknown,female
010097.wav,माझ्या मामाच्या गावाला तर नारळाची उंच उंच झाडे आहेत.,mr,unknown,male
005713.wav,म्हणून पुन्हा पुन्हा जत्रेत हरवण्याची भीतीच नसते मला.,mr,unknown,male
005707.wav,त्याच्या डोक्यात गुलालाने न माखलेली कचकडी मुलगी,mr,unknown,male
005895.wav,तसा मैत्रीला नसतो मैत्रीची व्याप्तीच एवढी मोठी आहे की तिला तोलनं किंवा मोजण शक्यच नाही.,mr,unknown,male
008415.wav,"या आजूबाजूच्या सृष्टीतून काय शिकावे, हे आईबापच शिकवितात.",mr,unknown,male
004211.wav,कृपया ड्राईव थ्रू च्या खिडकीवरील मुलीशी गप्पा मारू नयेत.,mr,unknown,female
003903.wav,” इतकं ऐकल्यावर भाऊ मनांत ओशाळला.,mr,unknown,female
008063.wav,"कीर्द खतावणीच्या नवीन वह्या सुरू करण्यापूर्वी वह्यांना हळद-कुंकू, गंध, फूल, अक्षता वाहून पूजा करतात.",mr,unknown,male
009429.wav,रेशमी वस्त्र घालून सजवतात आणि त्यावर देवाला बसवतात.,mr,unknown,male
002111.wav,"वेदना होतच होत्या तशातच ते म्हणाले 'देवासारखी मदत करणार्या आपण आहांत तरी कोण, आपले उपकार मी विसरू शकणार नाही.",mr,unknown,female
002376.wav,त्यानंतर देवांवर सूड उगवण्याचे ठरवून तारकासुराने घोर तपश्चर्या सुरू केली.,mr,unknown,female
009785.wav,"चोर म्हणाले, दोघांच्या खांद्यावर धनुष्य-बाण होते, डोक्यावर मुकुट होता आणि दोघेही तरुण होते.",mr,unknown,male
002999.wav,दोघी घरोघरी काम करुन आपला उदरनिर्वाह चालवीत होत्या.,mr,unknown,female
006612.wav,"तिलठी जिला मिरजापूर, तारीख सत्तावीस उत्तर प्रदेशातील तिलठी हे गाव.",mr,unknown,male
009425.wav,"त्यांना प्रश्न पडतो, रथातील देवाला दुसऱ्या गावाला कसे पोहोचवायचे ?",mr,unknown,male
007408.wav,बक-यांच्या एका कळपावर एका वाघिणीने झेप घेतली.,mr,unknown,male
002614.wav,माझी अशी दयनीय अवस्था पाहून माझे शिष्य मला नक्की मदत करतील.,mr,unknown,female
009278.wav,ह्या विचित्र मागणीचे राजाला आश्‍चर्य वाटले.,mr,unknown,male
002587.wav,"बाल्यकाळात, रामदासांनी हिन्दु पवित्र ग्रंथांचे ज्ञान प्राप्त केले व ध्यान आणि धार्मिक अध्ययनाची आवड निर्माण केली.",mr,unknown,female
000618.wav,"सत्यकामाने हा चमत्कार पाहिल्यावर भक्तीने तो म्हणाला, `काय भगवन् !’",mr,unknown,female
005793.wav,दीदींना अनेक पुरस्कारांनी गौरविण्यात आलेले आहे.,mr,unknown,male
003750.wav,सुखवस्तू घराण्यातील मुलं खाजगी शिकवण्यातून त्यावर मात करु शकतात.,mr,unknown,female
010125.wav,कथित भविष्यवाणी प्रमाणे हेमा राजाचा पुत्र आपल्या सोळाव्या वर्षी मृत्युमुखी पडणार असतो.,mr,unknown,male
006162.wav,शिवसेनेचे एकत्रीकरण करणे असे ज्या चळवळ्यांना वाटते.,mr,unknown,male
007607.wav,"तेव्हा त्यांनी सांगितले, आम्हाला नमस्कार न करता त्यागराजांना नमस्कार करा, तरच आम्ही तुम्हाला सोडू.",mr,unknown,male
000746.wav,"तसेच, आत्मज्ञान होण्याला स्वप्रयत्नांची व विचाराची आवश्यकता आहे, असे यावरून स्पष्ट होते.",mr,unknown,female
004090.wav,"सालकाढणी, आले खिसायची बारिक खिसणी मधे स्वस्त आणि मस्त मिळतात एक",mr,unknown,female
003693.wav,त्यात गव्हर्नमेंट सेन्ट्रल प्रेस आणी देशी भाषांच्या अठ्ठेचाळीस मुद्रणालयांचा अंतर्भाव होता.,mr,unknown,female
006183.wav,उद्धव व राज ठाकरे यांच्या जन्मापासून हा संघर्ष आहे व सुरूच राहणार.,mr,unknown,male
004793.wav,त्या बरोबर कुमारस्वामीने आपल्या भाल्याचा नेम लंबोदराच्या पोटावर धरला.,mr,unknown,male
007741.wav,"अरे, राजा हा प्रत्यक्ष विष्णूचा अवतार असतो, तो पृथ्वीचे-प्रजेचे पालन करतो.",mr,unknown,male
009710.wav,त्यांनी त्याला गप्प बसण्याचे कारण विचारले.,mr,unknown,male
001337.wav,"अगं पण मला ती स्कूटर खूपच आवडली आहे म्हणून हवी आहे, नीताने हटट केला.",mr,unknown,female
007443.wav,हे ऐकून वडिलांनी मुलाला घोड्यावर बसवले आणि आपण पायी चालू लागले.,mr,unknown,male
007956.wav,"'नमो नारायणाय' असा जप करून त्याने तपाला सुरवात केली, हे पाहून सर्व देव आश्‍चर्यचकित झाले.",mr,unknown,male
010641.wav,"आखिलेष पुढे म्हणाला, आईसाठी आम्ही खास शुभेच्छापत्रही तयार केले आहे.",mr,unknown,female
005415.wav,त्यांना त्याने थोडा गूळ खायला देऊन प्यायला पाणी दिले.,mr,unknown,male
004272.wav,काळे पांढरे ब्लॉक्स एकासमोर एक ठेवल्यावर कसा दिसतो तसा होता तो.,mr,unknown,female
004404.wav,आणि इथे जर गेलं तर खास ओरिसाच्या पंड्याचा अनुभव येतो.,mr,unknown,female
008099.wav,"प्रजेला धर्माचरण करायला भाग पाडा, शासनाचे ते कर्तव्य आहे.",mr,unknown,male
010470.wav,"गतायुष्यातील चांगल्याबरोबर वाईट आठवते, पुण्याबरोबर पापही आठवते.",mr,unknown,female
001314.wav,"वधूपिता परराज्यातून उडून आलेल्या वरपित्याला म्हणतो आहे, शंभरच काय घेऊन बसलात.",mr,unknown,female
008014.wav,"ह्या दिवशी गहू, मूग खात नाहीत.",mr,unknown,male
010618.wav,मिठूही आनंदाने मिनूच्या गादीवर बसली.,mr,unknown,female
002961.wav,राक्षसीणबाईने जेव्हां पातेल्यांत पाहिलं तेव्हां तिला पाण्यावर बुडबुडे दिसले.,mr,unknown,female
005280.wav,काही दरबारी बिरबलाचा खूप द्वेष करीत.,mr,unknown,male
006557.wav,सध्या टॅंकर मोले अबकारी खात्याच्या कार्यालयाच्या ताब्यात आहे.,mr,unknown,male
009902.wav,नुकतेच स्नान आटोपून भस्म लावलेले आणि लांबसडक केस पाठीवर मोकळे सोडलेले असे अनेक तेजस्वी कुमार वेदपठण करीत होते.,mr,unknown,male
007147.wav,सातपुतेंच्या मृत्यूबाबत शहर पोलिस ठाण्यात नोंद झाली आहे.,mr,unknown,male
008184.wav,जेवतांना मधे मधे थोडे थोडे पाणी पिणेच योग्य आहे.,mr,unknown,male
007280.wav,"आपण जे काही असतो, किंवा बनतो, त्यात त्यांचा बराच हातभार असतो.",mr,unknown,male
000654.wav,"अशी कोणती वस्तू आहे, की जी पेटविली तरी तिचा प्रकाश पडत नाही ?’",mr,unknown,female
008872.wav,रोजच्या मेहनतीचे फळ त्यांना मिळाले आणि पुढच्या परीक्षेत गौरीला गणितात उत्तम मार्कस मिळाले.,mr,unknown,male
002270.wav,कालक्रमाने मेनकेला शकुंतला नांवाची एक मुलगी झाली.,mr,unknown,female
006498.wav,या दालनांद्वारे विक्रीपश्‍चात सेवा पुरवली जाणार असल्याचे बालाजी यांनी सांगितले.,mr,unknown,male
003119.wav,त्याने तो मेलेला उंदीर नेऊन मांजराला आहार म्हणून एका पैशाला विकला.,mr,unknown,female
005719.wav,आणि वर्तमानाच्या बेसिनमध्ये तुम्ही धुता तुमचे,mr,unknown,male
007260.wav,"मार्गाने जातांना गाढव विचार करते, आतापर्यंत कधी मिळाले नाही, ते राजवैभव मला आज कसे काय मिळत आहे.",mr,unknown,male
006130.wav,अशी जादू कविवर्य बोरकरांच पत्र मला आल तेव्हाही घडली होती.,mr,unknown,male
010156.wav,व्यापारी लोकांचे हिशोबाचे नवीन वर्ष लक्ष्मीपूजनानंतर सुरू होते.,mr,unknown,male
005383.wav,आणि ते देखील भाताची पातळसर पेज,mr,unknown,male
000612.wav,"शिष्यांनी त्यांची चांगली काळजी घेतली नसावी, त्यांचे सारे लक्ष वेद घोकण्यात होते.",mr,unknown,female
002610.wav,"म्हणून, जर का तुम्हाला चांदण्या बघायची आवड असेल, तर तुमच्या आवडत्या नक्षत्रांना शोधणे फार अवघड होउन जाते.",mr,unknown,female
002115.wav,"माझं नांव, 'ललिता शास्त्री' शांतपणे बाई उद्गारल्या.",mr,unknown,female
006496.wav,पुढे नशाबंदी आणि व्यसनमुक्तीसाठी कोकणासह अनेक भागांत फिरून त्यांनी जनजागृती केली.,mr,unknown,male
010000.wav,बारा वर्षांनी परत आल्यावर त्याला दिसून आले.,mr,unknown,male
003895.wav,क्रोधीत कैद करण्याचा त्यांने हुकूम दिला.,mr,unknown,female
000512.wav,मुद्दाम आपला अपमान करण्यासाठी ऋषीने मौन धारण केले आहे!,mr,unknown,female
005258.wav,"मी तुला पुनःपुन्हा विचारलं की तुझं ध्येय काय आहे, पण तू कधीच उत्तर दिलं नाहीस.",mr,unknown,male
003112.wav,थोरला मुलगा रामभद्र याला राज्याभिषेक केला व राज्यशासनाचे सारे कामकाज त्याच्यावर सोंपवले.,mr,unknown,female
007279.wav,"कोणत्या ना कोणत्या रूपात तो आपल्याला भेटत असतो, आणि आपल्यातल्या लोखंडाचे सोने करीत असतो.",mr,unknown,male
005643.wav,मैदान साफ करून त्यांना खेळायचे आहेत खेळ,mr,unknown,male
008159.wav,शरीरस्वास्थ्य आणि मनस्वास्थ्य हे एकमेकांना पूरकही असतात.,mr,unknown,male
004292.wav,मधुरा दीक्षित यांस या कवितेची काही कडवी खाली दिली आहेत.,mr,unknown,female
009903.wav,गौतमांची शांत मूर्ती ध्यानमग्न अशी बसलेली होती.,mr,unknown,male
007415.wav,"धावत जाऊन त्याने त्या गवत खाणाऱ्या वाघाला पकडले, तो बे-बें करून ओरडू लागला.",mr,unknown,male
003596.wav,लसीत सबळ जंतू नसल्याने रोग तर होत नाही पण शरीराला त्या रोगजंतूंशी लढण्याचा अनुभव प्राप्त होतो.,mr,unknown,female
006647.wav,"आम्हालाही विकास हवा आहेच, मात्र तो स्वीकारार्ह आणि सर्वांगीण स्वरूपाचा असावा, अशी भूमिका अभियानने मांडली आहे.",mr,unknown,male
005136.wav,"त्याच्या लक्षात आले की, केवळ दगदगीमुळे बादशहा आजारी पडला असून, त्याला काही दिवसांच्या विश्रांतीची गरज आहे.",mr,unknown,male
007597.wav,त्याचे रामनाम सतत चालू असे.,mr,unknown,male
005422.wav,दुसर्‍या दिवशी उजाडल्यावर राजाच्या नोकरांनी घडलेले वृत्त राजाला जाऊन कळविले.,mr,unknown,male
004767.wav,अशा तर्‍हेने हत्ती व मगरीचे द्वंद्व एकसहस्त्र वर्षे चालू होते.,mr,unknown,male
005668.wav,बाहेरचा आश्वासक उजेड माझ्या पावलांना बळ देत राहतो.,mr,unknown,male
010840.wav,"मग मात्र आईने सांगून टाकले, जर टीना गौरीला मदत करणार नसेल तर तिला घरात कार्टून पाहता येणार नाही.",mr,unknown,female
008212.wav,"विनूच्या मनात पाप आले, त्या श्रीमंताचा खून करावा असे त्याच्या मनात आले.",mr,unknown,male
002827.wav,थोड्याच वेळांत तो शिपाई त्या वृद्धास व एका तरुणास घेऊन दरबारांत आला.,mr,unknown,female
001110.wav,रानटी मनुष्यही आनंदाने हसतो व दुःखाने रडतो.,mr,unknown,female
008031.wav,"त्यानंतर त्या दिव्यास नमस्कार करतात, याने अपमृत्यु टळतो असा समज आहे.",mr,unknown,male
006106.wav,त्याचा देव म्हणून ते तस म्हणतात.,mr,unknown,male
001039.wav,माझ्या मित्रानं खून करावा याचं इतर सर्वांपेक्षा मला अधिक वाईट वाटत आहे.,mr,unknown,female
000021.wav,"गावात एक शंकराची पिंडी होती, त्याचा एक पुजारी होता.",mr,unknown,female
008619.wav,एवढी वर्ष सुप्त असलेली इच्छा पूर्ण होण्याची संधी अशी सहजासहजी चालून येईल असं वाटलं नव्हतं.,mr,unknown,male
003096.wav,म्हणून पुत्रगणपती हा शंकराचा-सुद्धा मुलगा आहे!,mr,unknown,female
008994.wav,"त्याने कसून चौकशी केली, पण कोणीही कबूल होईना.",mr,unknown,male
003648.wav,घडीव स्थापत्याप्रमाणेच कोरीव स्थापत्याला म्हणजे गुंफांना सुद्धा चालुक्यांनी तितकेच महत्त्व दिले.,mr,unknown,female
000935.wav,"घरी बनवलेले जेवण मुलांसह एकत्र जेवणे, आता जुन्या पद्धतीचे मानले जाऊ लागले आहे.",mr,unknown,female
005612.wav,किंबहुना तो घाणेरडरुप धारण करतोय हे पाहून स्वतःलाच काळवंडल्यासारखे होते.,mr,unknown,male
004061.wav,निवड समितीने सर्वोत्तम कवितेबरोबरच इतर काही लक्षवेधी कविताही निवडल्या आहेत.,mr,unknown,female
000395.wav,त्यागराज स्वत:च्याच नादात भजने गुणगुणत चालला होता.,mr,unknown,female
003054.wav,मगधचे राज्य सुसंपन्नस्थितीत असतां एकदा बोधिसत्व त्या राजाच्या दरबारी कोषाध्यक्ष म्हणून काम करीत असत.,mr,unknown,female
001738.wav,एका धनगराला एक नुकतेच जन्मलेले लांडग्याचे पिल्लू मिळाले.,mr,unknown,female
002166.wav,"एक होती कामसू चिमणी, ती लोळ लोळ लोळली, तर मोत्याने भरली.",mr,unknown,female
000562.wav,तिला सत्यकाम नावाचा एक लहान मुलगा होता.,mr,unknown,female
003575.wav,यासाठी एका ग्लासात पाणी घेऊन ही कॉफीची पावडर त्यावर विखरा.,mr,unknown,female
001163.wav,"शबरी हळूहळू वयाने वाढत होती, मनाने वाढत होती, सत्य, दया, परोपकार यांचे ती धडे घेत होती.",mr,unknown,female
005124.wav,हकीम जलीम खानला बोलावणे पाठविण्यात आले.,mr,unknown,male
004504.wav,शात्र इयत्ता आठ ते दहा मराठी पाठ्यपुस्तके हवी आहेत.,mr,unknown,female
010877.wav,"आपण सगळयांना मदत करायची, सगळयांना ऊर्जा पुरवायची, सगळया सगळयांना आनंदी करायचं, पण तरीही, आपली झीजच होते!",mr,unknown,female
001528.wav,मिताने बघितले की तिच्या आईने मासे ठेवण्याच्या नेहमीच्या टोपलीपेक्षा आकाराने लहान टोपली घेतली होती.,mr,unknown,female
000843.wav,व्यापारी लोकांचे हिशोबाचे नवीन वर्ष लक्ष्मीपूजनानंतर सुरू होते.,mr,unknown,female
006312.wav,"कालीदासाने श्लोकातील अपशब्द या शब्दातल्या अ ला काना दिला, आणि आपशब्द असा शब्द बनवला.",mr,unknown,male
000059.wav,काही क्षणांनंतर त्याच्या मनात विचार आला.,mr,unknown,female
003853.wav,म्हणून थरथरली भयचकीतून भुतळी प्रवेशणाऱ्या बेफाम घोड्यावर बसली,mr,unknown,female
005466.wav,"त्यांच्या वाटेवर एक नदी लागली, ती पार करून जावयाची होती.",mr,unknown,male
002292.wav,त्या शंबर राक्षसापेक्षां तूंच जास्त वस्ताद दिसतेस की ग!,mr,unknown,female
006153.wav,पानिपतकार विश्वास पाटील यांच्या सार्थ उक्तीन या लेखनाचा समारोप करु या,mr,unknown,male
007261.wav,"देवाला ओवाळत असलेली आरती आपल्यासाठी आहे, असे गाढव मानू लागते आणि त्यामुळे ते अधिकच आनंदी होते.",mr,unknown,male
005852.wav,वैयक्तिक व सामाजिक चारित्र्याचा ऱ्हास होतो.,mr,unknown,male
010496.wav,"खरेच लहानपणापासून ती सर्वांना आवडत असे, ती जगाची बयो होती, आई होती.",mr,unknown,female
003127.wav,विशिष्ट सापेक्षतावादामधूनच पुढे दहा वर्षानी म्हणजे एकोणीस शे पंधरा साली आइन्स्टाईनने सामान्य सापेक्षतावाद सिद्धांत जगापुढे मांडला.,mr,unknown,female
006753.wav,"नेरूल, पर्वरी, बिठ्‌ठोण, पोंबुर्फा, मोवना म्हापसा, सालेगाव, सांगोर्डा या भागातील भटकी कुत्रीमांजरे पकडून आणली जातात.",mr,unknown,male
010701.wav,समुद्रातले अनेक रंगी मासेही तिला खूप आवडत असत.,mr,unknown,female
005744.wav,त्याच्याच स्वामीत्वाने महत्व येत असते शाळेला,mr,unknown,male
000415.wav,तिच्या काळजात भयंकर कालवाकालव चालू होती.,mr,unknown,female
010401.wav,"फूल घरी आणले तर किती लवकर कोमेजते, परंतु झाडावर ते बराच वेळ टवटवीत दिसते.",mr,unknown,female
007274.wav,"ज्या क्षणि तो आपले शेवटचे श्वास मोजत होता, त्यावेळी अचानक त्याचे लक्ष त्याच्या गळ्यातील साखळीकडे गेले.",mr,unknown,male
009076.wav,"घोडेस्वार आपल्या दिशेने चालत येत आहे हे पाहून वृध्द त्याला म्हणाला, राजा मला नदी पार करायची आहे, मला तुझ्या घोडयावरून नेतोस का?",mr,unknown,male
003835.wav,एक शे एक्कावन्न स्वातंत्र्य म्हणजे संयम स्वैराचार नव्हे.,mr,unknown,female
002996.wav,तो व बोधिसत्व परस्परांच्या सल्ल्याने कोठे जायचे ते ठरवून व्यापार करीत.,mr,unknown,female
005471.wav,"सुसज्ज सैनिक मागेपुढे असलेल्या, हत्तीच्या नटलेल्या अंबारीमध्ये बसलेल्या राजाची मिरवणूक निघाली.",mr,unknown,male
002710.wav,"पण कांही गुरु, राजाची विनंती टाळता आली नाही तर कांहीतरी विक्षिप्त सल्ला देऊन टाकतात.",mr,unknown,female
004956.wav,तिसर्‍या मस्तकाने विश्वात होणार्‍या सर्व घटनांचे निरीक्षण तो करीत असे.,mr,unknown,male
006342.wav,वास्तूमध्ये उपयोगात आणलेली साऊंडप्रूफ काच वितळली.,mr,unknown,male
007832.wav,"वाटेत संध्याकाळ झाली तेव्हा त्याने गायी बांधल्या, अग्नी पेटविला व तो त्यात समिधा टाकू लागला.",mr,unknown,male
005611.wav,सुशिक्षित हिंदू मनाचा परंपरागत अस्पृश्यद्वेष अजूनही शाबूत आहे.,mr,unknown,male
002134.wav,हर्षलने पुजेत ठेवलेली चण्याची डबी उघडली व चणे गुरुजींच्या हातावर ठेवले.,mr,unknown,female
001898.wav,"माझं धनुष्य, बाण आणि बाणांचा भाता हाच एकमात्र माझा आग्रह, हट्ट, जिव्हाळा आणि ध्येय.",mr,unknown,female
006383.wav,"त्यांच्या मस्तवालपणामुळे इतरांना जखमा, अधुत्व, अपंगत्व, ऑपरेशन्स, प्रचंड खर्च किंवा मृत्यूचीच शिक्षा मिळत राहणार का?",mr,unknown,male
007451.wav,"बरोबर घोडा आहे, तरीही आपले पायीच चालले आहेत.",mr,unknown,male
007949.wav,ही कथा श्री वसिष्ठांनी श्रीरामांना योगवसिष्ठातील उपशम प्रकरणात सांगितली आहे.,mr,unknown,male
004310.wav,तांगत्से चेकपोस्टला एंट्री केली आणि भरधाव वेगाने शैताननाल्याकडे सरकलो.,mr,unknown,female
009591.wav,"नीट पहा, तू अगदी माझ्यासारखा दिसत आहेस आणि हे घे थोडेसे मांस खा.",mr,unknown,male
006917.wav,रिलायन्स इंडस्ट्रीजच्या शेअरला बाजारात चांगली मागणी होती.,mr,unknown,male
008651.wav,आज त्यांनी त्याबद्दल मुलांना विचाराचे ठरवलेच.,mr,unknown,male
001818.wav,"हा डोमकावळा बराच काळ तिथेच बसला आहे, असे एका कोल्ह्याच्या लक्षात आले, तेंव्हा त्याने त्याला कारण विचारले.",mr,unknown,female
001938.wav,"मला खरोखरी कींव वाटली तुमची, अन्याय नाही वाटला.",mr,unknown,female
008837.wav,"सर्वांनी आपआपले डबे उघडले, विनितनेही डब्यात आणलेला शिरा आणि ऍपलचा चट्टामट्टा करायला सुरूवात केली.",mr,unknown,male
002336.wav,म्हणूनच तुम्ही या जंगलांत पाऊल टाकण्याचे साहस केलेत.,mr,unknown,female
002073.wav,"चोरी करणार्याचा हातच आम्ही कापतो, राजा म्हणाला.",mr,unknown,female
004641.wav,तुम्ही दोघांनी विश्वामित्र ऋषींचा अनुग्रह संपादन केलात.,mr,unknown,male
001727.wav,"रस्त्याने जाणा-या एका प्रवाशाला त्याच्या अंगावरील कपडे काढायला लावण्यात जो यशस्वी होईल तोच श्रेष्ठ व विजयी होय, असे दोघांनी ठरविले.",mr,unknown,female
001048.wav,"एके दिवशी रात्री सायगाव सोडून जाण्याचे त्याने ठरविले, तीव्र निराशेने तो घेरला गेला होता.",mr,unknown,female
004396.wav,त्यांच्यातील एकाने मग त्याला चौकीवर नेलं चौकीतील लोकांनी टेहरेशी संपर्क साधला.,mr,unknown,female
009721.wav,दुसऱ्याच क्षणी ती गतप्राण होऊन कृष्णरावाच्या शवापाशी कोसळली.,mr,unknown,male
002321.wav,रामाऐवजी मी वनवासास जातो व रामाने माझ्याऐवजी राज्य स्वीकारावे.,mr,unknown,female
007769.wav,जबाला गरीब असूनही फार प्रामाणिक होती.,mr,unknown,male
004023.wav,साध्या पॉईंट अॅण्ड शूट सोनी ने काढलेला हा फोटो.,mr,unknown,female
000767.wav,विष्णूच्या आज्ञेनुसार प्रल्हादाने राज्याभिषेक करवून घेतला.,mr,unknown,female
007599.wav,तो रानातून जात असतांना त्याला लुबाडण्यासाठी दोन चोर त्याच्या पाठी लागले.,mr,unknown,male
001145.wav,"ऋषी व त्यांची पत्नी बाहेर अंगणात बसली होती, फलाहार झाला होता.",mr,unknown,female
009133.wav,"माझ्या जयकाराने व माझ्या नावाच्या उच्चाराने, कौतुकाने सारा आसमंत भरून गेला.",mr,unknown,male
007372.wav,एकदा एका माणसाला त्याच्या घोड्यासमवेत एक नदी पार करायची असते.,mr,unknown,male
002274.wav,शेवटीं ब्रह्मदेवाबरोबर सर्व देव आले व त्यांनीं विश्वामित्राला ब्रह्मर्षींची पदवी दिली.,mr,unknown,female
005400.wav,प्रत्येक बाबतीत तो सर्व बाजूंनी विचार करी व नंतर निर्णय घेत असे.,mr,unknown,male
006287.wav,"शाळेतून घरी येताच गुजू आपल्या वडीलांना म्हणाला, बाबा आमच्या चित्रकलेच्या गुरुजींमध्ये काही अर्थ नाही.",mr,unknown,male
006408.wav,विष्णूचे दहा अवतार या पत्त्यांवर रेखाटले जातात.,mr,unknown,male
007661.wav,हे सावध व्हावेत आणि जगाला पुन: यांचा लाभ व्हावा अशी माझी इच्छा आहे.,mr,unknown,male
003746.wav,इसापने सुचविलेली युक्ती पटल्यामुळे झांथसने त्याप्रमाणे केले.,mr,unknown,female
001990.wav,"डॉक्टरांनी हळूहळू डोळयावरची पट्टी सोडली, थोडया वेळात मनोजला दिसायला लागलं.",mr,unknown,female
003134.wav,"एरीरशास्त्र, मानसशास्त्र, तत्वज्ञान इत्यादी विविध दृष्टकोनातून त्याचा अभ्यास करावा लागतो.",mr,unknown,female
003211.wav,पण आज हे ऊर्जास्त्रोत संपुष्टात येण्याच्या मार्गावर आहेत.,mr,unknown,female
000829.wav,तसेच समुद्र मंथनातून धन्वंतरी अमृतकुंभ घेऊन बाहेर आला.,mr,unknown,female
007815.wav,असल्या कामात शिष्याची बुध्दी किती आहे हे दिसून येत असे.,mr,unknown,male
001673.wav,"टीनाला गौरीच्या चांगूलपणाची जाणीव झाली, तिने गौरीचे आभार मानले.",mr,unknown,female
004047.wav,काळाचा पायरव ओळखत नेताजीने सॅप या सॉफ्टवेअरकडे करियरची दिशा वळवली.,mr,unknown,female
003266.wav,बऱ्याच ठिकाणी कचऱ्यापासून कचरा वीट बनवली जाते.,mr,unknown,female
006926.wav,ब्रॉडबॅन्ड सेवेच्या विस्ताराला प्राधान्य झा,mr,unknown,male
003772.wav,या तिच्या उत्तरात भारतीय मनोवृत्तीचं प्रतिबिंब उमटलं आहे.,mr,unknown,female
008655.wav,"मदर्स डे म्हणजे आपला मातृदिन होय, आजोबा समजूतीने म्हणाले.",mr,unknown,male
002276.wav,पण राम अयोध्येला असल्याकारणाने त्याने वडिलांना कोणत्याही प्रकारची उणीव भासू दिली नाही.,mr,unknown,female
009514.wav,"म्हणाले, ते पहा सौधातुन आपल्याकडेच पाहतात.",mr,unknown,male
002956.wav,पिंजरा घेऊन तो डोंगरापलीकडच्या गुहेंत आपल्या घरी गेला.,mr,unknown,female
002046.wav,"वर गेल्यावर व्यापारी म्हणाला, 'हे बघ तुला मी पाचशे रूपये देतो पण त्याबद्दल तु मला तुझे डोळे दे'",mr,unknown,female
010572.wav,होता होता झाड थोडे मोठे झाले की आपल्या वर्गातली सगळी मुले मिळून आपण त्याची रोपे डोंगरावर लावूयात.,mr,unknown,female
006150.wav,मंगेश पाडगावकर म्हणतात 'आमचा कवी कोणत्याही 'वर्गाचा' नसतो.,mr,unknown,male
006038.wav,"ज्यांच्याकडे भरपूर पैसा आहे, अशा मंडळींनी इंग्रजी माध्यमाच्या शाळांचा आश्रय घेतला.",mr,unknown,male
001296.wav,गोसाव्याने त्याप्रमाणे वागण्याचे वचन देताच प्रधान तिथून निघून गेला.,mr,unknown,female
004716.wav,ह्यात काही विशेष असेल तर सांगण्याची कृपा करावी.,mr,unknown,male
000592.wav,एक दरिद्री पोर आश्रमात घुसून थेट गुरुजींच्या जवळ जातो आहे हे पाहून शिष्यांत कुजबुज होऊ लागली.,mr,unknown,female
000222.wav,चार पाच वर्षे त्याच्या लाकडाची विक्री झालीच नाही.,mr,unknown,female
006597.wav,या वेळी अपेडाचे चार तज्ज्ञ उपस्थित होते.,mr,unknown,male
006787.wav,"नूल, महागाव, कडगाव, नेसरी, दुंडगे परिसरातही जोरदार पाऊस झाला.",mr,unknown,male
005329.wav,एकदा बोधिसत्व नेहमीसारखा गाड्यांवर माल लादून व्यापारी दौर्‍यावर जायची तयारी करीत होता.,mr,unknown,male
000859.wav,"नवविवाहीत दांपत्याची पहिली दिवाळी पत्नीच्या माहेरी साजरी करतात, ह्यालाच दिवाळसण म्हणतात.",mr,unknown,female
004145.wav,लोहियांच्या बेदिंग गाऊनच्या शेजारी हायलॅन्ड पार्कचा ग्लास हातात घेत लोहिया म्हणाले.,mr,unknown,female
003778.wav,रोगप्रतिबंधक लस मुलांना टोचून घेण्याची खबरदारी घ्या.,mr,unknown,female
007686.wav,त्या योजनेप्रमाणे सर्व धर्मनिष्ठांना आचरण करण्याच्या आज्ञा सोडल्या.,mr,unknown,male
000842.wav,याची आठवण म्हणून यादिवशी लक्ष्मीपूजन करतात.,mr,unknown,female
002763.wav,लगेच त्याने आपला भाला उचलून सिंहावर फेंकला.,mr,unknown,female
003413.wav,खेडोपाडी वैद्यकसेवा मिळण्यासाठी साली लिहिलेल्या एका पुस्तकाच्या सिध्दौषधिप्रकाश लेखक कै साठे यांनी म्हटले आहे.,mr,unknown,female
010741.wav,वाढदिवसाला काय काय आणायचे ह्याची यादी ती तिच्या बाबांना समजावून सांगत होती.,mr,unknown,female
008469.wav,"खरेच लहानपणापासून ती सर्वांना आवडत असे, ती जगाची बयो होती, आई होती.",mr,unknown,male
000995.wav,"त्याची लहान बहीण होती, या बहिणीवर त्याचा फार लोभ.",mr,unknown,female
003647.wav,येथील मतिमंद मुलांना ‘क्लिनिकल सायकॉलॉजिस्ट नसल्यामुळे मतिमंदत्वाचे प्रमाणपत्र मिळत नाही.,mr,unknown,female
001555.wav,पण मेहनत आणि जिद्दीच्या जोरावर तिने ऑलिंपिक स्पर्धेत तीन सुवर्ण पदके मिळवून जागतिक विक्रम केला होता.,mr,unknown,female
007373.wav,परंतु त्याला नदीची खोली माहीत नसल्याने तो तिथेच काठावर विचार करत बसतो.,mr,unknown,male
003234.wav,प्रगतीचा एक अविभाज्य घटक असणारा बांधकामइमारत हा विभाग पर्यावरणास,mr,unknown,female
004650.wav,मनुष्याला ज्ञान नेहमीच उशिरा येत असते.,mr,unknown,male
010333.wav,मतंग ऋषींच्या आश्रमापासून काही कोसांच्या अंतरावर एका भिल्ल राजाचे राज्य होते.,mr,unknown,female
009221.wav,"तिकडे झरा, झाडे, पाने-फुले, पक्षी शांत झाले त्यांच्यातले सौंदर्यच जणू निघून गेले, झ-याचे पाणीच संपले, पाने-फुले वाळली, सर्वत्र उदास भकास वातावरण होते.",mr,unknown,male
005397.wav,बोधिसत्वाने असे सांगून श्रीवत्सचे सांत्वन केले.,mr,unknown,male
005170.wav,"त्याला दिसले की एक काळी, कभिन्न, हिडीस राक्षसी त्यांच्याकडे धावत येते आहे.",mr,unknown,male
007416.wav,रानातल्या वाघाने त्याला ओरडत फरफटत तलावापाशी नेले.,mr,unknown,male
002514.wav,तो येतो तेव्हां त्याच्या स्वागतार्थ दिवाळीचा सण भूलोकांत साजरा होतो.,mr,unknown,female
010399.wav,"एक दिवस मतंग ऋषी तिला म्हणाले, शबरी, परमेश्वरास वाहण्यासाठी दोनचार फुले फार तर आणावीत.",mr,unknown,female
008143.wav,"आपण आपल्या कुटुंबासह जेवलात, तर कौटुंबिक संबंधात सुधारणा होते.",mr,unknown,male
005481.wav,गिल्ली क्रिकेटमधल्या बेल क्रिकेट बेल्स सारखी व दाण्डु क्रिकेट बॅट सारखा असतो.,mr,unknown,male
003711.wav,सर्वसामान्य दुःखाची कल्पना येथे फोल ठरून सर्वमान्य दुःखोत्सव संपलेला असतो.,mr,unknown,female
010292.wav,"बहुळेच्या काठी एका खडकावर तो बसला, वरती तारे चमचम करीत होते.",mr,unknown,female
005681.wav,या दरम्यान येईल खूप काळोखाचा बोगदा,mr,unknown,male
002234.wav,तेव्हां नारदांनी वाल्मिकींना श्रीरामकथा सविस्तर सांगितली.,mr,unknown,female
009549.wav,मुलाने घोड्याकडे एकदा पाहीले आणि क्षणभर थांबुन तो विश्वासाने म्हणाला.,mr,unknown,male
000401.wav,आम्ही त्यांची क्षमा मागितली आणि त्यांना नमस्कार करू लागलो.,mr,unknown,female
007602.wav,"त्यागराजला आश्‍चर्य वाटले, त्याने विचारले, तुम्ही मला नमस्कार का करता ?",mr,unknown,male
004522.wav,"स्लमडॉग बद्दल तुझ्यासारखीच रिअ‍ॅक्शन ऐकायला मिळाली, बर्याच जणांची.",mr,unknown,female
010048.wav,विष्णूने सुदर्शन चक्र सोडून त्याचा शिरच्छेद केला.,mr,unknown,male
010227.wav,विनूला मनूशिवाय करमत नसे व मनूला विनूशिवाय.,mr,unknown,female
003946.wav,"उत्तरेकडील वास्तुशिल्पांत भुवनेश्वर, कोणार्क, खजुराहो वगैरे मंदिरसमुच्चय त्या मंदिरांचे आकार व वास्तुशिल्पकलेमुळे प्रसिद्ध आहेत.",mr,unknown,female
007682.wav,"'गीता' शब्द उच्चारताच ते वृध्द ताडकन उठले, त्यांनी नारदांचे पाय धरले.",mr,unknown,male
004059.wav,"माझे बाबा दरवर्षी दिवाळीला सगळ्या आप्तेष्टांना, मित्र-मंड़ळींना ग्रिटिंग्ज पाठवतात.",mr,unknown,female
000060.wav,मला हे राजवैभव मान्य आहे; पण माझ्या पाठीवर काहीतरी ओझे आहे.,mr,unknown,female
006718.wav,पावडर लावल्यास शरीराला थंडावा मिळून घामोळ्या नष्ट होतात.,mr,unknown,male
005322.wav,मला आश्र्चर्य वाटले की जर का मी बोललोच नसतो तर सर्व वस्तु विविधरूपाने बदलल्या असत्या.,mr,unknown,male
004150.wav,अडम फरशी चुरसच नाही रे बाबा.,mr,unknown,female
005480.wav,ज्याची अंटी खड्ड्याच्या अगदी जवळ असते तो पहिला खेळतो.,mr,unknown,male
001329.wav,संध्याकाळी बागेत खेळण्याऐवजी नीतू आपल्या कारजवळच विचार करत बसली.,mr,unknown,female
004163.wav,संध्याकाळ पर्यंत परत वामकुक्षी करायची सोडून कुठे दगडधोंड्यात-काटाकुटक्यांत फरफटत बसतात.,mr,unknown,female
006299.wav,"अतिशय उत्साहान गणून उत्तर दिल, एरंडेल.",mr,unknown,male
009339.wav,गौतमने ते चणे काढून पुन्हा शेतात टाकले.,mr,unknown,male
009660.wav,राज्यातील सर्वश्रेष्ठ अध्यात्मातील अधिकारी असलेल्या गुरूंचा मानसन्मान करण्यास सांगितले.,mr,unknown,male
001551.wav,आईने आश्चर्याने तिला त्याबद्दल विचारले.,mr,unknown,female
001010.wav,"सकाळ झाली, प्रवासी मरून पडलेला दिसला.",mr,unknown,female
002555.wav,देवांना स्वर्ग व इंद्राला स्वर्गाचे राज्य प्राप्त झाले.,mr,unknown,female
001613.wav,"तुला वाटते मला हे जमेल, भुवनने भीतभीत त्याला विचारले.",mr,unknown,female
004526.wav,जुन्या हितगूजवर 'मराठी लोकांचे हिंदी' असा एक धागा होता.,mr,unknown,female
003563.wav,"सुंठ मिरे, पिंपळी, मिरची, इत्यादींनी उकळून केलेले पाणी कफनाशक असते.",mr,unknown,female
007052.wav,त्यानंतर डॉक्टर रिझवी यांचे म्हणणे नोंदवून घेण्यात आले.,mr,unknown,male
000649.wav,इतर सर्व शिष्यांनी लाजेने माना खाली घातल्या.,mr,unknown,female
000880.wav,त्यामुळे आम्ही या हंगामात त्यांचा आभारी असणे आवश्यक आहे.,mr,unknown,female
009199.wav,"त्याने एकदम सर, दादा, आई, अशी हाक मारली.",mr,unknown,male
002304.wav,वडील वारल्यावर लहान भावंडांनी त्याच्या आज्ञेप्रमाणेच वागावयाचे असते.,mr,unknown,female
005219.wav,प्रथम तिथे काय घडले हे तू आम्हाला सांग.,mr,unknown,male
001625.wav,त्यांच्या तिसरीच्या वर्गाची ट्रीप डोंगरावर जाणार आहे असे प्राची टिचरनी सांगताच सर्व मुले आनंदाने 'हुर्रे' ओरडली.,mr,unknown,female
000551.wav,तुम्हांला या शापवाणीपासून अज्ञानात ठेवू नये म्हणून त्यांनी हा निरोप पाठविला आहे.,mr,unknown,female
009636.wav,"कंबन जाईल तेथे त्याचा आदर व्हायचा, सन्मान मिळायचा, सगळीकडे त्याचाच जयजयकार होता.",mr,unknown,male
003376.wav,एक शे अठरा थंड प्रदेशात सूचीपर्णी वृक्ष आढळतात.,mr,unknown,female
004615.wav,तेव्हां नारदांनी वाल्मिकींना श्रीरामकथा सविस्तर सांगितली.,mr,unknown,male
010256.wav,"शेवटी देवळात सारे लोक जमले, मनू तेथे दु:खाने हजर राहिला.",mr,unknown,female
000212.wav,रानातल्या वाघाने त्याला ओरडत फरफटत तलावापाशी नेले.,mr,unknown,female
003529.wav,"काही नसा केवळ मेंदूकडे संदेश, माहिती, संवेदना नेणा-या तंतूंच्या असतात.",mr,unknown,female
004735.wav,सर्व नगरावर जणुं कांही प्रेतकळा दिसू लागली.,mr,unknown,male
008798.wav,"भुवनला त्यांच्या सारखे झाडावर चढणे, मोठयांची सायकल चालवणे व गावाकडचे खेळ खेळणे अजिबात जमत नसे.",mr,unknown,male
004773.wav,सत्यव्रताने विष्णूला गुडघे टेकून नम्रपणे नमस्कार केला.,mr,unknown,male
006108.wav,"'तसचं आई, मघाशी मामाने बोलताना तुझ्याकडची डिबिकें कधी कामाला येईल असं का विचारल",mr,unknown,male
001439.wav,थोडया वेळाने मिठू खिडकीतून दूर उडून गेली.,mr,unknown,female
002516.wav,दक्षिणेकडील महासागरात बली येतो त्याचे द्वार म्हणून दक्षिण दिशेला एक दीप लावतात.,mr,unknown,female
006812.wav,या शॅक्‍सना परवाने देताना किनारपट्टी नियमन क्षेत्र अधिसूचनेनुसार दिले जावेत.,mr,unknown,male
007573.wav,"ती ऐकताच तो भीतीने गारठला, काय करावे, हेच त्याला सुचेना.",mr,unknown,male
009201.wav,आठवडाभरातच त्याला दवाखान्यातून सुटी मिळाली.,mr,unknown,male
000697.wav,स्वर्गास जाताना त्यांनी आपले सर्व धन तुला द्यावे अशी अट तू त्यांना घाल.,mr,unknown,female
007780.wav,तिच्या डोळ्यांसमोर अरण्य उभे राहिले.,mr,unknown,male
005578.wav,"पैसा, कपडा या स्वरूपात हा दुखवटा मृतकाच्या जवळच्या नातलगास दिला जातो.",mr,unknown,male
006701.wav,लष्कराचे जवान कच्छच्या रणात आणि उत्तर गुजरातमधीलल खाडीलगतच्या दलदलीच्या प्रदेशात वावरतात.,mr,unknown,male
010226.wav,सायगावात विनू व मनू दोघे मित्र होते.,mr,unknown,female
001315.wav,"सध्याच्या राजाची जुलमी राजवट जर अशीच आणखी एक वर्षभर चालू राहिली, तर वर्षभरात पाचशे गावातले लोक आपली घरदारं सोडून परराज्यात रहायला जातील.",mr,unknown,female
005654.wav,कवी लागतीलच कवितेच्या किनाऱ्यावर फुगून फुगून मेल्यानंतर.,mr,unknown,male
006758.wav,एएलकडून देशभरातील पुरवठ्यासाठी सुमारे पाच कोटी रुपयांच्या व्यवसायाची हमी मिळाल्याचे सकाळला सांगितले.,mr,unknown,male
010260.wav,"मनूने विनूकडे पाहिले, परंतु विनू त्याच्याकडे पाहीना.",mr,unknown,female
000013.wav,"राजाने त्याला म्हटले, मी तर तुझा कधीच त्याग केला नाही, तू मला सोडून का जात आहेस.",mr,unknown,female
010703.wav,"तिने एक दिवस तिच्या बाबांना विचारले, बाबा, आपल्या सारखेच सगळ्यांनी रोजच मासे पकडले तर समुद्रातले मासे एक दिवस संपून जातील.",mr,unknown,female
007730.wav,आपल्या पित्याची विटंबना त्या राजाने केलेली पाहून शृंगीला खूपच राग आला.,mr,unknown,male
001347.wav,आई गालात हसत तिला गॅलरीत घेऊन आली.,mr,unknown,female
009480.wav,"रंगाने गोरा, पर्सनैलिटी कि म्हणतात ती खूप छान होती.",mr,unknown,male
000454.wav,"ईश्वरकृपेनं मी सदा तरुण आहे, पण मला सर्वजण माता मानतात.",mr,unknown,female
005240.wav,त्यासाठी राजधानीमधे एक खास स्पर्धा ठरविण्यात आली.,mr,unknown,male
004075.wav,पातेल्यात हिंग मोहरीची तेलावर फोडणी करुन त्यावर वाफवलेले कैर्यांचे तुकडे घालावेत.,mr,unknown,female
004673.wav,तुला त्यांच्यासाठी तरी अयोध्येला रहावेच लागेल.,mr,unknown,male
009567.wav,आपल्या भारत देशाचे व भारत वासियांचे भवितव्य घडवण्यासाठी सुद्धा उच्चशिक्षित लोकांची गरज आहे.,mr,unknown,male
007794.wav,नुकतेच स्नान आटोपून भस्म लावलेले आणि लांबसडक केस पाठीवर मोकळे सोडलेले असे अनेक तेजस्वी कुमार वेदपठण करीत होते.,mr,unknown,male
000038.wav,पुन्हा त्या गृहस्थाने त्या मुलांना तशाच प्रकारची एकेक काठी घेऊन यायला सांगितले.,mr,unknown,female
001044.wav,"आपल्या मित्राच्या तोंडचे ते शब्द ऐकून मनूचे तोंड काळवंडले, जिथे त्याची सर्व आशा तिथेच निराशा पदरी आली.",mr,unknown,female
005425.wav,"काही कुत्री राजाच्या शिपायांच्या हातून निसटून स्मशानात बोधिसत्व रहात होते तिथे गेली व म्हणाली, .",mr,unknown,male
000941.wav,"अनेक पालक जेवणाच्या वेळी मुले असली की, अधिक मोकळेपणाने वागतात.",mr,unknown,female
007282.wav,"मुंबई कधीही न झोपणार शहर, पण इथे सुधा मनमोहक सकाळ रोज होते बर का!",mr,unknown,male
004672.wav,पण मला एकाच गोष्टीचे दुःख होत आहे.,mr,unknown,male
003146.wav,ग्रहाची गति दीर्घवर्तुळाकार तशी सूर्याची गतिहि दीर्घवर्तुळाकार आहे.,mr,unknown,female
008835.wav,सगळ्यांनी खाऊची अगदी जय्यत तयारी करुन आणली होती.,mr,unknown,male
000539.wav,म्हणूनच अविचाराने त्याने हे असे क्षुल्लक अपराधाचे कार्य केले असेल!,mr,unknown,female
010483.wav,"आश्रमातील प्रार्थना झाली, सारे सोबती सभोवती मंडलाकार बसले होते.",mr,unknown,female
002862.wav,सिद्धेंद्र नांवाच्या पंडिताने आपला शिष्य विजयसिंहला निक्षून सांगितले होते.,mr,unknown,female
001401.wav,"आई-बाबांना, मित्र-मैत्रिणींना सर्वांना ते कोंब दाखवून झाले.",mr,unknown,female
010304.wav,"लंकाधीश रावणासारखा महत्त्वाकांक्षी राजा उत्तरेकडे दिग्विजय करण्यास निघाला व नाशिकपर्यंत आला, तेथे त्याने आपले अधिकारी ठेवले.",mr,unknown,female
003034.wav,गुरुवर्यांचा निरोप घेऊन पंचायुध काशीला परत निघाला.,mr,unknown,female
002268.wav,मेनकेचे अपूर्व रूपलावण्य पाहून विश्वामित्राचे मन विचलित झाले.,mr,unknown,female
009492.wav,"माझ मन, त्या दोघांची तुलना करण्यात व्यस्त झाल.",mr,unknown,male
007334.wav,"स्वर्गात जाताच टिळक भेटले, नमस्कार म्हणताच प्रसन्न हसले.",mr,unknown,male
002471.wav,"दादा अयोग्य नाही म्हणतोस, तर सुयोग्य कसा ते सांग पाहूं.",mr,unknown,female
005146.wav,खोलीत पडलेली धान्याची पोती त्यांना दिसली.,mr,unknown,male
004723.wav,"तो तिला उलट उत्तर देऊन, तोंडावरच तिची निंदा करून तेथून निघून गेला असता.",mr,unknown,male
009287.wav,खांडेकरांना साहित्य ऍकेडमीचे पारितोषिक मिळाले तेव्हांचा प्रसंग.,mr,unknown,male
004138.wav,"स्लोव्हकिया सामन्याबद्दल कुणीच बोलत नाही, कारण त्यात बोलण्यासारखं काही नव्हतच.",mr,unknown,female
004872.wav,तुझी अगाध लीला कळण्याइतका मी मोठा आहे का रे,mr,unknown,male
004541.wav,फ्लॉप शो ही सगळ्यात हीट होती सिरिअल प्रचंड अनुमोदन बजे सरगम.,mr,unknown,female
003913.wav,कुत्रीला कांहीं उष्टंमाष्टं देखील घातलं नाहीं.,mr,unknown,female
008013.wav,पुष्कळ स्त्रियांचा या दिवशी उपवास असतो.,mr,unknown,male
001109.wav,"रानटी मनुष्यालाही प्रेम समजते, त्याला मुलेबाळे आवडतात.",mr,unknown,female
007519.wav,देवगिरीचा गड अभेद्य होता आणि त्यावरील सैन्य युद्ध पारंगत होते.,mr,unknown,male
009916.wav,पुन्हा गौतमांची नजर सगळीकडे फिरली.,mr,unknown,male
004030.wav,तयार पनीरमधे थोड्या प्रमाणात अरारुटची पावडर वैगरे मिसळलेली असते.,mr,unknown,female
005983.wav,म्हाताऱ्या बायला काय वाटलं कोण जाणे.,mr,unknown,male
010206.wav,ते पाणी रोग्याने एकाएकी न पिता दिवसभरातून थोडे थोडे प्यावे.,mr,unknown,female
005658.wav,पडण्यापूर्वी येऊ दे वारा तुमच्या पिचक्या स्ट्रॉ मधून भसाभसा,mr,unknown,male
001740.wav,"ज्या ज्या वेळी एखादा लांडगा कळपातले मेंढरू पळवून नेई, तेंव्हा त्याचा पाठलाग करणा-या त्या धनगराच्या कुत्र्यांमध्ये तो पाळलेला लांडगा नेहमी सामील होई.",mr,unknown,female
003937.wav,दुसरे नामवंत व्हिक्टोरियन स्थापत्यतज्ञ सर गिल्बर्ट स्कॉट यांनी कॅथीड्रलच्या प्रवेशद्वाराशी असलेल्या गॉथिक कारंज्याचे रेखाटन केले.,mr,unknown,female
010734.wav,"आईच्या डोळयात पाणी आले, तिने मंजूला कुशीत घेत म्हटले, मंजू आपल्या अपंगत्वावर आपणच मात करायला शिकले पाहिजे.",mr,unknown,female
000899.wav,"सनातन धर्माची प्रतिष्ठापना करा, धर्मजीवनाला अनुकूल असे वातावरण, कायदे आणि व्यवस्था करा.",mr,unknown,female
003144.wav,भास्कराचार्यांचे सगळें ज्योतिर्विज्ञान बीजगणितावर आधरलेले होतें.,mr,unknown,female
003718.wav,धूर दिसेपर्यंत तापले की परातीतल्या जिनसांवर ओतावे व झाऱ्याने ढवळावे.,mr,unknown,female
006780.wav,एक जूनपासून धूम्रपानविरोधी कायदा अधिक तीव्र होणार आहे.,mr,unknown,male
008102.wav,निसर्गाला जखमी करून मानवाला कसे काय जगता येईल ?,mr,unknown,male
005341.wav,त्या दिवशी त्याला माळ्यांनी फुलझाडेसुद्धा दिली.,mr,unknown,male
003820.wav,धर्मच्छल करणाऱ्या जंजिऱ्याच्या सिद्दीच्या मुलीने हा घुमट बांधला.,mr,unknown,female
001564.wav,नीनाला तो फ्रॉक खूपच आवडल्यामुळे वाढदिवसाच्या दिवशी तो घालायचा म्हणून हट्ट करत होती.,mr,unknown,female
004373.wav,जाऊद्या विचार खरे बाकी सब झूट.,mr,unknown,female
002992.wav,"बैलांना भरपूर वैरण मिळत राहील, सगळ्या माणसांना ताजी फळें, भोजन मिळेल.",mr,unknown,female
009367.wav,चुलीवर होती खीर ! कावळयाच्या तोंडाला पाणी सुटले.,mr,unknown,male
005153.wav,त्यांनी जंगलात आपले वेगळे गांव वसविले होते.,mr,unknown,male
003300.wav,शास्त्रज्ञ ब्रह्मगुप्त पाच शे अठयाण्णव-सहा शे साठ,mr,unknown,female
008693.wav,चिन्यमचे हे बोलणे ऐकून आईने त्याला जवळ घेतले.,mr,unknown,male
009803.wav,कौशिकी नदीच्या तीरावर अत्यंत रमणीय अशा निसर्गसुंदर ठिकाणी शमीक ऋषींचा आश्रम होता.,mr,unknown,male
010155.wav,याची आठवण म्हणून यादिवशी लक्ष्मीपूजन करतात.,mr,unknown,male
010036.wav,त्यांनी मंदराचल पर्वताची रवी व वासुकी सापाचा दोर केला व मंथन सुरू केले.,mr,unknown,male
008282.wav,"अगस्तीने फार प्रवास केलेला असावा, दंडकारण्यात प्रवेश करणारा पहिला ऋषी अगस्तीच होय.",mr,unknown,male
008359.wav,"शबरी म्हणाली, तात, मी आज त्या हरिणपाडसास बाणाने टोचले, ते त्यांना दिसले असेल का.",mr,unknown,male
007149.wav,ह्युंडाईतर्फे सॅंट्रोसाठी सुलभ हप्ता योजना,mr,unknown,male
005465.wav,ब्रह्मदत्त काशी येथे राज्य करीत असताना बोधिसत्वांनी एका जमिनदाराचा मुलगा म्हणून अवतार धारण केला.,mr,unknown,male
009512.wav,"ते म्हणाले, सध्या तरी सगळ निवांत आहे, स्वर्गात काँग्रेसवाला नाही तर सगळ शांत आहे.",mr,unknown,male
005959.wav,"आईवडिलांनी नोकरीचा एवढा धसका का घ्यावा, याचे आश्चर्य वाटते.",mr,unknown,male
010093.wav,आमच्या दारातला कडूनिंब खर तर मला अजिबात आवडत नाही.,mr,unknown,male
002214.wav,मोगऱ्यांची एकेक कळी दंवबिदूंनी फुलत जावी तशी एकामागून एक गाणी उलगडत गेली,mr,unknown,female
000834.wav,तेव्हाच आत्म्यावरील अहंचा पडदा दूर होऊन आत्मज्योत प्रकाशित होईल.,mr,unknown,female
007830.wav,वायू सर्व दिशांना हिंडतो म्हणून त्याला हे ज्ञान असते.,mr,unknown,male
008775.wav,उलट तिचा हट्ट दिवसेंदिवस वाढतच चालला होता.,mr,unknown,male
003132.wav,वृद्ध व्यक्तींना सुरक्षितपणे हिंडण्यासाठी रस्ते नाहीत.,mr,unknown,female
006501.wav,ब्रह्मोत्सवाच्या शास्त्रोक्त विधीस आज सकाळी श्री गणेश पूजनाने सुरवात झाली.,mr,unknown,male
006078.wav,"तुम्ही मराठीचे प्राध्यापकच येऊन तुणतुणे वाजविता, इतर कोणाचीच तक्रार नाही.",mr,unknown,male
007886.wav,असे म्हणून थेट प्रियमेधापर्यंत सर्व पूर्वजांची त्याने नावे घेतली.,mr,unknown,male
009932.wav,"बैल पुन्हा म्हणाला, `आमची संख्या आता हजारावर आली आहे.",mr,unknown,male
001744.wav,"इतकेच नाही, तर बाहेरचे कोणी कळपातून मेंढरू न्यायला आले नाही तर, तो कळपांत वाढलेला लांडगा, स्वत:च गुपचूप एखादे मेंढरू ठार करी, व मेजवानीचा आनंद लुटी.",mr,unknown,female
008630.wav,तिला चांगले वाटावे म्हणून बागेतून काडया-पाने गोळा करुन तिच्यासाठी छानसे घरटेही तयार केले.,mr,unknown,male
003586.wav,पुरुष जननसंस्था मुख्यतः शरीराच्या बाहेर तर स्त्रीमध्ये ती शरीराच्या आत असते.,mr,unknown,female
003296.wav,हें शून्यलेखन करणाऱ्या भारतीयाचें नांव कालाच्या उदरांत गडप झालें आहे.,mr,unknown,female
009774.wav,"त्यागराजला आश्चर्य वाटले, त्याने विचारले, तुम्ही मला नमस्कार का करता ?",mr,unknown,male
009905.wav,एक दरिद्री पोर आश्रमात घुसून थेट गुरुजींच्या जवळ जातो आहे हे पाहून शिष्यांत कुजबुज होऊ लागली.,mr,unknown,male
008237.wav,"मित्र मित्राला ओळखतो, माझा स्वभाव विनूला माहीत आहे, विनू, तुझं काय मत आहे ते सांग.",mr,unknown,male
005853.wav,"दळणवळण तर एवढे महाग झाले आहे की, गरीबांनी प्रवास करु नये.",mr,unknown,male
002544.wav,मिथिला नगरीचा राजा जनक हा फार मोठा ज्ञानीपुरुष व राजर्षी होता.,mr,unknown,female
000931.wav,अनेक घरांमध्ये पूर्वी एकत्र बसून रात्रीचे जेवण घेतले जायचे.,mr,unknown,female
004008.wav,"त्यामध्ये प्रामुख्याने साडी, शेला, धोतर, शाल, फेटा लुंगी पट्टी आदि वस्त्रे येतात.",mr,unknown,female
001198.wav,"समुद्राच्या पोटात अशी गोलबंद व पाणीदार मोत्ये असतील, की ज्याची जगास वार्ता नाही.",mr,unknown,female
006119.wav,"आपल्या सर्वांचे लाडके श्री मानकरकाका सुद्धा टॉनिक सारखे मराठी अंक काढतात, हा मराठी भाषेचा सन्मानच आहे.",mr,unknown,male
004193.wav,पण बाळाची स्कीन सुंदर वगैरे होते असं अजिबात नाही हा स्वानुभव.,mr,unknown,female
007632.wav,"पुढ़े पडलेले हे दोन पुरुष म्हणजे ज्ञान आणि वैराग्य, हे माझे सेवक आहेत.",mr,unknown,male
001430.wav,घरभर तिला शोधले पण सापडली नाही.,mr,unknown,female
010624.wav,"रोजच्या दोघांच्या चर्चा, कागदावर सारखे गुपचूप लिहीणे आजोबा दोनचार दिवसांपासून पाहात होते.",mr,unknown,female
007690.wav,त्या उत्सवाला अनेक ऋषिमुनी हजर होते.,mr,unknown,male
001154.wav,शबरीचे ते प्रेमळ व निष्कपट डोळे पाण्याने डबडबून आले.,mr,unknown,female
005653.wav,"नाहीतर समुद्र गोठून जायला हवा, तडकाफडाकी.",mr,unknown,male
005093.wav,"परंतु यात योग्यअयोग्य काय, त्याचा निर्णय करण्याची शक्ती तुझ्यामधे कितपत आहे, ते सांगता येणार नाही.",mr,unknown,male
002770.wav,कारण त्याला ठाऊक होतं की त्या सिंहाने त्याला कांहीच केलं नसतं.,mr,unknown,female
005266.wav,खूप पूर्वी विक्रमसिंह नावाचा एक राजा होता.,mr,unknown,male
003906.wav,नंतर त्यांचे पूजन करून अश्म्याचे विसर्जन करावे.,mr,unknown,female
004485.wav,"कथाशिल्प बळी, कॅटवॉक, अनिकेतअश्वत्थ, कृष्णविवर जाम आवडले.",mr,unknown,female
000965.wav,शरद आणि ग्रीष्म ऋतू वगळता निरोगी माणसाने दिवसभरात थोडेच पाणी प्यावे.,mr,unknown,female
005609.wav,तिनेच सगळ बालपण भळाभळा पुढ्यात ओतल त्यातला परबाळपोकळ भाताचा संदर्भ हृदय आतून हलवण्यासारखा जीवघेणा,mr,unknown,male
004958.wav,त्वष्ट्रू प्रजापती सर्व देवांमधे श्रेष्ठ होते.,mr,unknown,male
007732.wav,ऋषिमुनींची अशी अवहेलना करणार्‍या त्या नराधम परिक्षिती राजाला आजपासून सातव्या दिवशी सर्पदंशाने मृत्यू येईल.,mr,unknown,male
002699.wav,"राजा, तुझ्या धैर्याची खरंच कमाल आहे.",mr,unknown,female
003574.wav,यामुळे रुग्ण पोट दाबून हातपाय दुमडून कुशीवर पडून राहण्याचा प्रयत्न करतो.,mr,unknown,female
002949.wav,आमच्या गांवाला एका खट्याळ भुताने छळायला सुरवात केली आहे.,mr,unknown,female
001484.wav,मी मात्र तुला बर नसतांनाही खायला करायचा हटट केला.,mr,unknown,female
005615.wav,भेट तुझी स्मरताना तो क्षण हवासा वाटतो.,mr,unknown,male
010244.wav,"सकाळ झाली, प्रवासी मरून पडलेला दिसला.",mr,unknown,female
005771.wav,चैत्र शुद्ध प्रतिपदेस हे नाव आहे.,mr,unknown,male
006533.wav,"स्पेशियो गोल्ड प्लसच्या दोन श्रेण्या सादर करण्यात आल्या असून, यात पॉवर स्टिअरिंग बसविण्यात आले आहे.",mr,unknown,male
001427.wav,"आईने मिनूला समजावून सांगितले, मिनू राणी, मिठूला आता चांगले उडता येऊ लागले आहे.",mr,unknown,female
002545.wav,यज्ञ करण्यासाठी जमीन सपाट व सारखी करण्याकरिता नांगरीत होता.,mr,unknown,female
006846.wav,मुझफ्फर खान / सकाळ वृत्तसेवा,mr,unknown,male
005598.wav,"आक्रंदलो, संतापलो आणि संस्कृतीवर यथेच्छ थुंकलो",mr,unknown,male
003870.wav,"त्यात येतो एक मास्तर, मास्तर दिगंबर काळे फ्रॉम आंबेजोगाई.",mr,unknown,female
002179.wav,मात्र इथे आत व बाहेर पहारेकर्यांना झोपण्यासाठी बर्थ केलेले आहेत.,mr,unknown,female
008090.wav,याउलट मराठी आणि काही अन्य भारतीय भाषांच्यावर संस्कार होऊन संस्कृत भाषा बनली असेही काही विद्वान मानतात.,mr,unknown,male
006742.wav,"आमच्याकडे येशील का, बेसबॉलची रनिंग कॉमेंट्री करायला?",mr,unknown,male
001058.wav,"बहुळेच्या काठी एका खडकावर तो बसला, वरती तारे चमचम करीत होते.",mr,unknown,female
008811.wav,त्याने आपली नवीन रंगपेटीही वर्गातल्या मुलांना वापरायला दिली.,mr,unknown,male
008701.wav,ती कुठल्याही क्षणी आपल्या घरातून उडून जाऊ शकते.,mr,unknown,male
009035.wav,"कोळसेवाला पुढे म्हणाला, या महागाईच्या दिवसांत आपल्या खर्चात तेवढीच बचत होईल, शिवाय एकमेकांना सोबतही होईल.",mr,unknown,male
008754.wav,"रंगाचे पैसे खर्च करणे आपल्याला शक्य नाही, तसे ही हातामुळे मंजूला फार काळ चित्रकला करता येईल असे मला वाटत नाही.",mr,unknown,male
004029.wav,"बटर घालायचे इसेन्स घालायचा, आणि मोल्ड मधे घालुन थंड करायचे.",mr,unknown,female
009897.wav,"तू दासीपुत्र आहेस, तुझ्या पित्याचे नावही मला माहीत नाही.",mr,unknown,male
001545.wav,"आई म्हणत होती, अहो, आता शाळेत स्पर्धा आहेत, आपण मंजूला नवीन रंग आणि काही कागद घेऊन देऊ या का.",mr,unknown,female
004050.wav,तरी मी त्याला पैसे देऊन मग जोरात थॅंक्यू म्हणाले.,mr,unknown,female
007568.wav,"जटीलच्या पाठीवरून प्रेमाने हात फिरवत ती त्याला म्हणाली, या जगात ज्याला कोणी नाही, त्याला देवच सांभाळतो, त्याचे रक्षण करतो.",mr,unknown,male
003329.wav,लोकसहभागाने या समस्येवर तोडगा काढणे ही एक काळाची गरज आहे.,mr,unknown,female
007059.wav,अटक केलेल्या आरोपीत राजापूरचे सरपंच होते,mr,unknown,male
000725.wav,"मुखातून बाहेर पडलेल्या विषाच्या उष्णतेचा सर्वांना त्रास होऊ लागला, तेव्हा महादेवांनी ते विष प्राशन केले.",mr,unknown,female
007802.wav,"सत्यकाम खाली पाहात हळूच म्हणाला, `भगवन्, मला आपणांजवळ शिकायचे आहे.'",mr,unknown,male
005196.wav,असे म्हणत त्याने जीवदन्ताच्या गळयाचा वेध घेत तलवार फेकली.,mr,unknown,male
007636.wav,"आमची आबाळ सुरु झाली, लोक स्वार्थाच्या मागं लागले.",mr,unknown,male
001128.wav,"तिने गाईंना नदीवर न्यावे, त्यांस पाणी पाजावे, गाईचे धारोष्ण दूध शबरीला फार आवडे.",mr,unknown,female
007293.wav,"ती होती सतरा ते अठरा दरम्यान रेंगाळत असलेली एक तरुणी, जीला मी पहिल्यांदाच पाहत होतो.",mr,unknown,male
009100.wav,"तो दिवस माझ्या हृदयावर कोरून ठेवला गेला आहे, ज्या दिवशी मी माझ्या गुरूंना प्रथम पाहिले.",mr,unknown,male
005810.wav,जमा करून त्यामधून एकोणीसशे सत्त्याण्णव साली स्वतः सेंद्रिय खताचा वापर करून घरी रोप तयार केले.,mr,unknown,male
001587.wav,बंगलोरच्या शाळेचे मित्र अत्यंत स्मार्ट होते.,mr,unknown,female
005139.wav,बर्‍याचवेळा हे म्हणणे त्या तरुणांना अगदी पटायचे.,mr,unknown,male
005021.wav,म्हातारपणामुळे त्याची तार्किक दृष्टी व विवेकबुद्धि भ्रष्ट झाली होती.,mr,unknown,male
006376.wav,तसेच त्याने वापरलेली आठ ते दहा सिमकार्ड हस्तगत करायची आहेत.,mr,unknown,male
001562.wav,सीमा नीनाची मावस बहीण होती.,mr,unknown,female
007847.wav,गौतमांनी त्याला दुरून पाहिल्यावर त्यांना सर्व प्रकार कळून आला.,mr,unknown,male
010696.wav,"तिचे गाव शांत, सुंदर आणि समुद्राकाठी वसलेले होते.",mr,unknown,female
009263.wav,"दोघांनीही दोन वेगवेगळया ठिकाणी आपले आश्रम बांधले, तिथे त्यांचे अध्यापनाचे काम सुरू केले.",mr,unknown,male
005823.wav,मात्र स्वातंत्र्य लढ्याच्या पार्श्वभुमीवर तिचा दुर्गावतारच अधिक अधोरेखित झाला.,mr,unknown,male
007476.wav,"कंबनने ते स्वतःकडे घेतले, कंबन कूत्तनला म्हणाला, वेड्या, तू माझा मित्र ना!",mr,unknown,male
009585.wav,हळूहळू ते पिल्लू बरेच मोठे झाले.,mr,unknown,male
009446.wav,"दिवस गेले, महिने लोटले, वर्षे सरली, पण त्याच्या दिनक्रमात बदल झाला नाही.",mr,unknown,male
008464.wav,"वारा मात्र स्वस्थ नव्हता, तो त्रिभुवनमंदिराला सारखा प्रदक्षिणा घालीत होता, आपली अखंड प्रार्थना गुणगुणत होता.",mr,unknown,male
009327.wav,एकदा गुरुजी यात्रेसाठी जायला निघाले.,mr,unknown,male
003459.wav,"अत्यंत भावनाप्रधान, नाजूक, सुंदर स्त्रीची लक्षणे अनेकदा पल्सेटिलाशी जुळतात.",mr,unknown,female
002955.wav,"निमाला जरा धास्ती वाटत होती, पण ती रसरशीत केळीं पाहून त्याला मोह आवरेना.",mr,unknown,female
003320.wav,यासाठी खिडक्या खालच्या बाजूस ठेवून त्यावर पूर्ण सावली पडेल अशा रीतीने खिडक्या व दारांवरील कनातीची रूंदी ठरवावी लागते.,mr,unknown,female
008206.wav,पुढे-मागे बहिणीचे लग्न करावे त्यासाठी तो पैसे साठवी.,mr,unknown,male
004909.wav,तिथे कौशल्या व कैकयीस ते क्षीरपात्र दिले आणि खीर अर्धीअर्धी वाटून घ्यायला सांगितले.,mr,unknown,male
009072.wav,"उत्कंठतेने त्याने पाहिले तर, वळणारून अनेक घोडेस्वार येतांना दिसले.",mr,unknown,male
009174.wav,प्रशांत व त्याची आई यांच्या डोळयातून नकळत अश्रु आले.,mr,unknown,male
008618.wav,आंधळा मागतो एक डोळा आणि देव देतो दोन डोळे अशातली आमची अवस्था झाली.,mr,unknown,male
002606.wav,"आज पण, मलेरियाच्या विषाणुंची वृद्धि रोखून त्याचा इलाज करण्यासाठी क्विनाइनचा वापर होतो.",mr,unknown,female
004873.wav,अशाच तर्‍हेने अनेक प्रकारे नारायणाचा स्तुतिपाठ केला.,mr,unknown,male
001393.wav,"वसंत ऋतूत झाडांना छान मोहोर येईल, त्यावर कोकीळा, बुलबुल, मैना गाणी गातील.",mr,unknown,female
009293.wav,"मला पोहता येत नव्हतं, मी गटांगळया खाऊ लागलो.",mr,unknown,male
000753.wav,"त्यावर विष्णूंनी त्यांना समजावले, बलाढ्य राक्षस माझी भक्ती करून जास्त बलाढ्य होतात हे खरे.",mr,unknown,female
006022.wav,त्यात कमी गुण मिळाले तरी प्रगतिपुस्तकावर फार परिणाम होऊ देऊ नये.,mr,unknown,male
006508.wav,सर्व जखमींना येथील प्राथमिक आरोग्य केंद्रात उपचारार्थ दाखल करण्यात आले आहे.,mr,unknown,male
004780.wav,बरोबरची मुले नारदाला 'दासीपुत्र' म्हणून त्याच अपमान करीत.,mr,unknown,male
009356.wav,"कावळा काकडला, आता कुठे जाव बर?",mr,unknown,male
001778.wav,आणखी काही दिवसांनी तर त्याने आपल्या बैलांवरही हात टाकला व आपली भूक भागवली.,mr,unknown,female
000018.wav,"मुलांनो, सदाचाराने वागणे हेच आयुष्याचे सर्वस्व आहे.",mr,unknown,female
001771.wav,"मी वचन देतो की, तुम्ही मला सोडलात तर दुस-या कवडयांना जाळयात पकडून देईन मी.",mr,unknown,female
001889.wav,एकलव्य हा एक आदिवासी पुत्र.,mr,unknown,female
008979.wav,"मी वचन देतो की, तुम्ही मला सोडलात तर दुस-या कवडयांना जाळयात पकडून देईन मी.",mr,unknown,male
001643.wav,"प्राची टिचरनी सगळयांना जवळ बोलावले आणि त्या मुलांना समजावत म्हणाल्या, आज बहुतेक मुलांना डोंगर चढतांना दम लागला, अनिकेत तर सर्वात मागे राहिला होता.",mr,unknown,female
009333.wav,गौतम मात्र जेथे चणे टाकले होते नित्य नियमाने पाणी देत असे.,mr,unknown,male
002317.wav,रानांत येण्यापूर्वीं राज्याची सर्व नीट व्यवस्था करून आला आहेस ना?,mr,unknown,female
004565.wav,सेवाज्येष्ठतेमुळे तसाही तो आमचा वरिष्ठच होता.,mr,unknown,female
000133.wav,"आजही स्वातंत्र्यासाठी आम्ही रक्तच देतो, पण आझाद मात्र काश्मीर होतो.",mr,unknown,female
006326.wav,पण त्यामुळे त्या गॄहस्थाच्या घरातलं दारिद्रय जाऊन त्याची परिस्थिती भराभर सुधारु लागली.,mr,unknown,male
003287.wav,तरी देखील मनुष्याच्या ऊर्जेबाबत गरजा इतक्या वाढल्या आहेत की हे प्रकल्प देखील अपुरे पडले आहेत.,mr,unknown,female
004221.wav,घाशीरामच्या संगीताचा त्याच्या दिग्दर्शकाने लावलेला अर्थ मला स्तिमित करणारा होता.,mr,unknown,female
005738.wav,मजबूर माणसाची ही कुठली जात आहे.,mr,unknown,male
008782.wav,"अगं, पण नीना आज हे बूट सीमा घालणार आहे, तिने तसे आम्हाला अधीच सांगून ठेवले आहे, आईने शांतपणे नीनाला समजावले.",mr,unknown,male
001096.wav,"पावित्र्य हे न बोलता बोलते, व न शिकविता शिकविते.",mr,unknown,female
007164.wav,वडिलांचे पोट दुखू लागल्याने तेही दुपारीच अड्ड्यावर मुक्कामाच्या ठिकाणी आले.,mr,unknown,male
004771.wav,"तिथे सप्तर्षी असतील, ती ज्योती त्यांचीच समज",mr,unknown,male
000528.wav,नागराज तक्षक स्वत: येऊन परिक्षितीराजाला दंश करील!,mr,unknown,female
006614.wav,एक मेपासून सोलापुरात आर्ट ऑफ लिव्हिंग' कोर्स,mr,unknown,male
002003.wav,ते पाणी प्यायल्या नंतर स्वराचा आवाज पहिल्यापेक्षा मधूर झाला.,mr,unknown,female
007554.wav,त्या वेळी त्यांच्या गावात शाळा नव्हती.,mr,unknown,male
000169.wav,परंतु त्याला नदीची खोली माहीत नसल्याने तो तिथेच काठावर विचार करत बसतो.,mr,unknown,female
007114.wav,देशातील पाच राज्यात कोसा मोस्ट वॉन्टेड आहे.,mr,unknown,male
004462.wav,राक्षस हा शब्द रक्ष पासून तयार झाला असे काहींचे म्हणणे आहे.,mr,unknown,female
007137.wav,"ऑर्केस्ट्रा, नाटकांसाठी पैसे गोळा करणे बंद, प्रसन्ना",mr,unknown,male
001920.wav,"सारे विद्यार्थी, राजे रजवाडे, गुरूजन यांना थक्क करून टाकणारे धनुर्विद्येचं प्रदर्शन त्या दिवशी घडलं.",mr,unknown,female
000702.wav,इतक्यात तेथे काळी घोंगडी पांघरलेला एक आडदांड मनुष्य आला.,mr,unknown,female
005493.wav,गिल्लीदण्डा खेळात खेळाडुंची संख्या किंवा संघाच्या संख्येची काही अधिकृत सीमा निश्चित केलेली नाहीये.,mr,unknown,male
003014.wav,सारथी घोड्यांना तबेल्यांत घेऊन गेला आणि रथ राजवाड्याच्या आवारात उघड्यावर सोडून गेला.,mr,unknown,female
003854.wav,कान्हेरीतील मिथुनयुग्म शिल्पात कुशान प्रभाव दिसतो.,mr,unknown,female
003468.wav,पहिला प्रकार म्हणजे विशिष्ट श्रमाने निश्चितपणे जाणवणारी म्हणजे सश्रम हृदयवेदना.,mr,unknown,female
005943.wav,त्यांचे निरसन करणे मला कठिण जात होते.,mr,unknown,male
003140.wav,त्यांत त्यांनी लावलेले शोध व अवलंबिलेल्या पध्दति हें त्यांच्या कुशाग्र बुध्दीचें अक्षय्य स्मारक आहे.,mr,unknown,female
006019.wav,मौल्यवान मोत्यांचा कंठा त्याने बाळाला भेट दिला.,mr,unknown,male
002767.wav,"डाकूंचा सरदार नाराजीने स्वर्णाचारीकडे बघत म्हणाला, “ए वास्तुविशारदा!",mr,unknown,female
006521.wav,डॉक्टर भालचंद्र मुणगेकर,mr,unknown,male
000773.wav,"मग त्या जंगलात वाघ, सिंह, कोल्हे, हत्ती सगळे प्राणी सुखाने राहतात.",mr,unknown,female
001299.wav,"राजानं होकार देताच, आदल्या दिवशी प्रधानाला रानात भेटलेला तो गोसावी दरबारात आला.",mr,unknown,female
004891.wav,"शंकराचा कंठ विषाने तप्त झाला होता, तो त्याने चंद्राला आपल्या शिखेत ठेवून त्याच्या हिमकिरणांनी शांत केला.",mr,unknown,male
001353.wav,"फार फार वर्षांपूर्वी पृथ्वीची उत्पत्ती झाली तेंव्हा फक्त सूर्यच आकाशात होता, चंद्र अजिबातच नव्हता.",mr,unknown,female
002927.wav,एकदां दोघे मिळून तेलिवाहा नावाची नदी पार करून आंध्रपुर नांवाच्या गांवी पोचले.,mr,unknown,female
007213.wav,त्यानंतर चौथा पुरुष प्रकट झाला अन् बाहेर पडू लागला.,mr,unknown,male
008535.wav,घरी आल्यावरही तिच्या डोक्यात तोच विचार होता.,mr,unknown,male
001288.wav,"प्रधान म्हणाला, मी या राज्याचा मुख्य प्रधान आहे.",mr,unknown,female
003062.wav,"त्यांच्या वाटेंवर एक नदी लागली, ती पार करून जावयाची होती.",mr,unknown,female
007672.wav,"बदरीकाश्रमात सनक, सनातन, सनंदन आणि सनत्कुमार वगैरे भागवतधर्माचे पुरस्कर्ते जमले आहेत.",mr,unknown,male
008986.wav,आणखी काही दिवसांनी तर त्याने आपल्या बैलांवरही हात टाकला व आपली भूक भागवली.,mr,unknown,male
009173.wav,"विद्यार्थी आणि शिक्षक आश्चर्याने पाहू लागले, मनोजनं गायला सुरवात केली.",mr,unknown,male
005664.wav,धावण्याचा वेग किंचितही कमी होत नाही उल्टा वाढतोय दुप्पटीने,mr,unknown,male
002014.wav,इकडे दिवसेंदिवस स्वराचा आवाज खराब होऊ लागला.,mr,unknown,female
008044.wav,"त्यामुळे, शक्यतोवर हिंदू शास्त्राप्रमाणे लक्ष्मीपूजन हे स्थिर लग्नावर करतात, त्याने लक्ष्मी स्थिर राहते असा समज आहे.",mr,unknown,male
004336.wav,"मॅकेन, वॉर्नरसिनेट-डेमॉक्रॅट, वुल्फकॉन्ग्रेस-रिपब्लिकन असे मतदान केले.",mr,unknown,female
005276.wav,मी अस्लम खानला गेल्या वीस वर्षांपासून ओळखतो.,mr,unknown,male
008251.wav,"आपल्या मित्राच्या तोंडचे ते शब्द ऐकून मनूचे तोंड काळवंडले, जिथे त्याची सर्व आशा तिथेच निराशा पदरी आली.",mr,unknown,male
010535.wav,फक्त सूर्यच असल्यामुळे पृथ्वीवर कधी अंधारच होत नसे नेहमीच उजेड रहात असे.,mr,unknown,female
002148.wav,"कावळा काकडला, आता कुठे जाव बर?",mr,unknown,female
008828.wav,"भुवनला म्हणाली, भुवन आज तुला मी मुलांशी मैत्री करायला मदत केली, आता तू स्वतःहून मित्र जोडले पाहिजेस.",mr,unknown,male
007319.wav,"माझ मन, त्या दोघांची तुलना करण्यात व्यस्त झाल.",mr,unknown,male
008068.wav,"तेव्हा बिजेच्या कोरीप्रमाणे बंधूप्रेमाचे वर्धन होत राहो, ही त्यामागची भूमिका आहे.",mr,unknown,male
007961.wav,भगवान विष्णू प्रसन्न होऊन 'तू परमपदाला पोचशील' असा वर दिला.,mr,unknown,male
010044.wav,मग विष्णूंनी मोहिनीरूप घेऊन वाटप सुरू केले.,mr,unknown,male
000450.wav,आमचे प्रयत्न तिथे पूर्णपणे फसले.,mr,unknown,female
004419.wav,या कालावधीत मोनाच्या अकार्यक्षम नेतृत्वाला एक्स्पोज करण्याच्या हजारो संधी मिळणार होत्या.,mr,unknown,female
007581.wav,एकदा गुरुजींकडे काही धार्मिक कार्यक्रम होता.,mr,unknown,male
006554.wav,या वेळी वेब कॅमेऱ्याने संबंधिताचे छायाचित्र टिपण्यात येणार आहे.,mr,unknown,male
003679.wav,"महाराष्ट्रातील उच्चवर्णीयांमध्ये सगोत्र, सप्रवर आणि सपिंड विवाह निषिद्ध मानले जातात.",mr,unknown,female
004748.wav,मी आज सकाळी डेन्टिस्ट कडे गेलो होतो,mr,unknown,male
007885.wav,"साकमश्व पुढे म्हणाला, `हे तुला माझे उत्तर आहे, माझ्या बापाचेही हेच उत्तर आहे.'",mr,unknown,male
000811.wav,धनत्रयोदशी या सणामागे एक मनोवेधक कथा आहे.,mr,unknown,female
010939.wav,"या क्षणी प्रत्यक्ष माझ्या सावलीत बसलेला आहेस, तरीसुध्दा तू मला निरूपयोगी म्हणून हिणवत आहेस.",mr,unknown,female
007821.wav,त्याच्या अंगात वायुदेव शिरला होता व तो शेपूट उंचावून शिंगांनी जमीन उकरीत सैरावैरा धावत होता.,mr,unknown,male
004538.wav,हवालदिल बापाला बघून मी लग्नाची अंगठी मोडून तलाठ्याला जेवायला घातलं.,mr,unknown,female
005182.wav,तो आपल्या चारी बाजूस बघू लागला.,mr,unknown,male
002074.wav,राजाच्या समोरच लिखिताने राजा शासन करत नाहीं म्हणून आपणच आपला हात कापून टाकला'.,mr,unknown,female
008539.wav,"काय झाले नीतूली, तुझे जेवणात अजिबात लक्ष नाहीये, आईने प्रेमाने भरवत तिला विचारले.",mr,unknown,male
007666.wav,"नारदमुनी म्हणाले, भक्तीदेवी, कलियुगाच्या प्रभावानं तुम्हा तिघांची ही दुर्दशा झाली आहे, हे खरं आहे.",mr,unknown,male
010507.wav,"माझ्या वडिलांच्या अंगावर ते वयाने सतरा-अठरा वर्षांचे झाले नाहीत तोच सारी जबाबदारी पडली होती, कारण आजोबा थकले होते.",mr,unknown,female
001478.wav,"हो ना रे चिनू, आपण इतका वेळ स्वयंपाकघरात आहोत पण दोनच पदार्थ करु शकलो.",mr,unknown,female
001791.wav,"थाळी पिटून तो मोठमोठयाने म्हणत होता की, 'लोक हो, ऐका. आपल्या या जागृत देवस्थानातील देवांचे दागिने चोरीला गेले आहेत.",mr,unknown,female
002334.wav,आमच्या रक्षणाचा व लालन पालनाचा भार तुझ्यावर टाकून आम्ही आपली धर्मकार्ये निश्चिंत पणे करूं.,mr,unknown,female
002009.wav,एके दिवशी स्वराच्या माधुर्याची किर्ती एका राजाला कळली.,mr,unknown,female
000683.wav,"तेव्हापासून यज्ञात ऋग्वेदातील ऋचांबरोबर सामवेदांतील सामेही म्हटली जाऊ लागली, आणि काव्याला संगीताची जोड मिळाली.",mr,unknown,female
005267.wav,समरबाहू विचारात पडला की स्वतःचे रक्षण कसे करावे.,mr,unknown,male
010178.wav,समाजात भगिनींना समाजातील व राष्ट्रातील पुरुष वर्ग भगिनी समजून त्यांच्या संरक्षणाची जबाबदारी घेऊन त्यांना अभय देतील.,mr,unknown,male
002860.wav,कीं तू मंत्र-तंत्र शक्ती अवगत करून घेण्याच्या प्रयत्नांत आहेस?,mr,unknown,female
010198.wav,आयुर्वेदामध्ये पाणी कधी प्यावे याविषयी पुढील सूत्र दिलेले आहे.,mr,unknown,female
000058.wav,"देवाला ओवाळत असलेली आरती आपल्यासाठी आहे, असे गाढव मानू लागले आणि त्यामुळे ते अधिकच आनंदी झाले.",mr,unknown,female
003069.wav,"देशाच्या इतर भागात, ह्या खेळाला पिट्ठु हरियाणा/उत्तरी राजस्थान, किंवा सितोलिया राजस्थान/गुजरात म्हणतात.",mr,unknown,female
004994.wav,त्यांच्या मदतीने त्या नीच पुजारणीचे तुकडे तुकडे करुन गिधाडांना खायला घालीन तेव्हांच मी शांत होईन.,mr,unknown,male
008166.wav,स्थूलदेहाचा अशक्तपणा वाढून मनाचे कार्यही व्यवस्थित होत नाही.,mr,unknown,male
002400.wav,सत्यव्रताने विष्णूला गुडघे टेकून नम्रपणे नमस्कार केला.,mr,unknown,female
004429.wav,"उष्म उसासे टाकीत आली, झुळूक कशी ही ?",mr,unknown,female
000047.wav,"मध्येच रथाचे एक चाक तुटून जाते, त्यामुळे भाविक चिंतित होतात.",mr,unknown,female
000031.wav,एक गृहस्थ म्हातारपणामुळे बराच थकला होता.,mr,unknown,female
004206.wav,सुन्नी वक्फ बोर्ड सुप्रिम कोर्टात अपिल करणार आहे.,mr,unknown,female
008366.wav,"माझ्यासाठी तुम्ही वाईट वाटून घेऊ नका, मी आजपासून बाणाच्या टोकाने हरणांस टोचणार नाही, पक्ष्यांची पिसे उपटणार नाही.",mr,unknown,male
005607.wav,"मी पुरता निखळलो, तुटलो आणि सुन्न झालो",mr,unknown,male
001469.wav,"मी तुझ्यासाठी काही खायला करु शकले नाही, आजचा दिवस तू सकाळचीच पोळी-भाजी खा आणि दूध पी.",mr,unknown,female
001666.wav,तिने तर कार्टून बंद होईल हया भीतीने मदत केली होती.,mr,unknown,female
001417.wav,"मिनू, अग ही मैना अजून जिवंत आहे, तिला उचलून आत आण, आईने काळजीने मिनूला सुचवले.",mr,unknown,female
009129.wav,ते मी करत होतो आणि सारे तथाकथित निपुण लोक पाहात होते.,mr,unknown,male
002359.wav,सर्व नगरावर जणुं कांही प्रेतकळा दिसूं लागली.,mr,unknown,female
007348.wav,"खाली आता न्याय बरेचदा विकत मिळतो, कोणीही आपल्या गाडीखाली गरिबांना चिरडतो.",mr,unknown,male
003998.wav,माझे पती श्री रविंद्न यांच्यामुळे मला पूर्वी क्रिकेटच्या मॅच पाहायची आवड निर्माण झाली होती.,mr,unknown,female
010055.wav,ही प्रवरा गोदावरीला मिळून पुढे पूर्वेकडे सागराला मिळाली.,mr,unknown,male
010210.wav,"जेवणापूर्वी पाणी प्यायल्यास भूक मंदावते, जेवण न्यून जाते आणि व्यक्ती कृश होते.",mr,unknown,female
009285.wav,लोक हार घेऊन अभिनंदनासाठी तिष्ठत उभे होते.,mr,unknown,male
003947.wav,पुरोहित विनंती मान्य करून त्यास पवित्र यज्ञोपवीत आणि पलाश वृक्षाचा दंडा देऊन ज्ञानार्जनास्तव उपदेश करतो.,mr,unknown,female
000430.wav,"हे कलियुग सुरू झालं ना, तेव्हापासून लोक आम्हाला विचारीनासे झाले बघा.",mr,unknown,female
006340.wav,"मडक्यात भोपळा भर, आणि हुशारी सिध्द कर.",mr,unknown,male
005854.wav,या साऱ्या गोष्टींच्या किमती वाढलेल्या आहेत.,mr,unknown,male
000386.wav,"गुरुजींच्या घरातील सगळी भांडी दुधाने भरली, तरी वाटीतील दूध संपेना.",mr,unknown,female
001946.wav,"महाभारतातील पात्रांचे एक वैशिष्टय म्हणजे, प्रत्येकाला अन्याय झेलावा लागला आहे.",mr,unknown,female
010612.wav,मिनूला कळून चुकले की आता मिठू आपल्याला परत कधीच भेटणार नाही.,mr,unknown,female
005191.wav,समरबाहू की जय! असे ओरडत ते जोराने पुढे आले आणि राजसैनिकांवर तुटून पडले.,mr,unknown,male
006107.wav,चंदू त्यांच्यात राहिल्यामुळ तोही तसच म्हणतो बर का,mr,unknown,male
000474.wav,"कृपा करुन यांच्यात चैतन्य आणा, यांना संजीवन द्या.",mr,unknown,female
006261.wav,पाणी पिऊन किंवा स्नान करून रोगमुक्ती साधणाऱ्या उपचार पद्धतीला हायड्रोपथी असं म्हणतात.,mr,unknown,male
010684.wav,"मी कुठे काय केले, मोंटू ओशाळून म्हणाला.",mr,unknown,female
005791.wav,स्वतः पॅराप्लेजिक असलेले गृहस्थ हे वर्कशॉप सांभळतात.,mr,unknown,male
007305.wav,फोन सावरतच मी त्या दिशेला वळलो.,mr,unknown,male
007898.wav,इथून जवळच अंगिरस ऋषींनी यज्ञ चालविला आहे.,mr,unknown,male
000579.wav,त्या काळी उच्च कुळातील मुलेच गुरूपाशी शिकत.,mr,unknown,female
001056.wav,"तो रस्ता चालू लागला, बहुळा नदीच्या तीरावर तो आला.",mr,unknown,female
002282.wav,त्याचा राज्याभिषेक करून टाकला म्हणजे प्रजेच्या कल्याणाची मला फिकीर राहणार नाहीं.,mr,unknown,female
005980.wav,बायनं मनातल्या मनात ड्रॉयव्हरला मार्क देऊन टाकले.,mr,unknown,male
004393.wav,'- इति मावशी 'अगं तसं नाही काष्ट म्हंजी लाकूड लाकूड.,mr,unknown,female
008199.wav,विनूला मनूशिवाय करमत नसे व मनूला विनूशिवाय.,mr,unknown,male
010149.wav,या दिवशी प्रदोषकाळी लक्ष्मीचे पूजन केले जाते.,mr,unknown,male
007018.wav,पूर्ती साखर कारखाना व्यवस्थापनातर्फे राहुट्याची तात्पुती व्यवस्था करण्यात आली.,mr,unknown,male
003379.wav,भविष्यातले युग हे यंत्रमानवांचे युग आहे असे म्हणतात.,mr,unknown,female
000812.wav,कथित भविष्यवाणी प्रमाणे हेमा राजाचा पुत्र आपल्या सोळाव्या वर्षी मृत्युमुखी पडणार असतो.,mr,unknown,female
005516.wav,धग ओढुनी संधेवानी आभाळ पसरले होते,mr,unknown,male
003509.wav,गोखरू व अनेक वनस्पतींपासून तयार केलेल्या आयुर्वेदिक गोळयाही उपलब्ध आहेत.,mr,unknown,female
003929.wav,"यालाच सोवळे, मुकटा म्हटले जात असे.",mr,unknown,female
005426.wav,"प्रभो, महाराजांच्या रथाचे कातडी सामान काही कुत्र्यांनी कुरतडून खाऊन टाकले म्हणे.",mr,unknown,male
006593.wav,त्यांनी चक्कीच्या टॉवरला मुव्हेबल हॉल बेअरिंग्ज बसविल्या आहेत.,mr,unknown,male
007494.wav,"हे पहा, मला राजवाड्याची आवश्यकता नाही.",mr,unknown,male
003046.wav,पित्याने सुचविल्याप्रमाणे महाशासन व सोमदत्त राजधानी सोडून निघाले.,mr,unknown,female
003033.wav,गुरुकुलांतून समावर्तन संस्कार झाल्यावर घरी निघतेवेळी कुलगुरुने शिष्याला आशीर्वाद देऊन पांच आयुधे दिली.,mr,unknown,female
000112.wav,"पण व्यक्त करायला माझा त्याचाशी, किंवा तिच्याशी तरी, काय संबंध, म्हणून शांतच उभा होतो.",mr,unknown,female
006200.wav,प्रमोद नवलकरांना यात नवल ते का वाटावे,mr,unknown,male
009762.wav,"त्यामुळे गुरुजींनी ज्या वेळी त्याच्या वाटीतील दूध ओतले, तेव्हा वाटी पुन्हा भरलेली दिसली.",mr,unknown,male
003380.wav,"माणूस जन्मापासूनच्या असंख्य घटना, दृश्ये, त्यांचे परस्पर संबंध साठवून ठेवू शकतो आणि संदर्भानुसार कोणतीही घटना क्षणार्धात जागृत स्मृतीत आणू शकतो.",mr,unknown,female
004405.wav,मला कधीच न सुचलेलं स्वतःवरच हसणं एक नंबर झक्कास,mr,unknown,female
001746.wav,एके दिवशी लांडग्याची बदमाशी धनगराच्या ध्यानी आली.,mr,unknown,female
003091.wav,तर त्याच्या समोरच डोके फोडून प्राण द्यायचा.,mr,unknown,female
001453.wav,आम्हीही आईसाठी हा दिवस स्पेशल करणार आहोत.,mr,unknown,female
002150.wav,"मग कावळा आला चिमणीकडे, पण चिमणीच्या घराचे दार तर बंद होते.",mr,unknown,female
000320.wav,राजा रामदेवाच्या सैन्यातील एका पराक्रमी सरदारास पूर्वीच्या एका युद्धात वीरमरण आले होते.,mr,unknown,female
010760.wav,त्या क्षणी नीनाने कपाटातून फ्रॉक काढून सीमाला दिला आणि तिची माफी मागितली.,mr,unknown,female
003959.wav,"उत्तर कर्नाटकातील ऐहोळी, बदामी आणि पट्टदकल या ठिकाणी त्यांच्या आश्रयाने अनेक मंदिरे बांधाण्यत आली.",mr,unknown,female
002674.wav,म्हणून मी तुला स्पंदनदास नांवाच्या एका कवीची कहाणी सांगतो.,mr,unknown,female
001923.wav,"सातत्य, साधना आणि चिंतन यांची ती बीज होती.",mr,unknown,female
007071.wav,चाफले यांच्याकडे साडेतीन एकर कोरडवाहू शेत आहे.,mr,unknown,male
009735.wav,त्या वेळी तो बापडा जीव मुठीत घेऊन कसाबसा घर गाठायचा.,mr,unknown,male
005944.wav,पाश्चात्य संस्कृतीतले साठ सत्तर वर्षे आमच्यापुढे आहेत.,mr,unknown,male
005152.wav,जवळ जवळ शंभर वर्षांपूर्वी नर्मदा नदीच्या काठाजवळील जंगलात आदिवासी लोक राहात होते.,mr,unknown,male
009154.wav,"महाभारतातील पात्रांचे एक वैशिष्टय म्हणजे, प्रत्येकाला अन्याय झेलावा लागला आहे.",mr,unknown,male
002130.wav,आता ह्या वेळेला चणे बरेच निघाले.,mr,unknown,female
007781.wav,सत्यकामाशिवाय सुनेसुने दिसणारे तिचे घरही तिला दिसू लागले.,mr,unknown,male
006540.wav,"याच्या व्रात्यपणामुळे वसुंधरेवरच ओरखडे निघाले, तर याच्या बुद्धीने गगनालाच गवसणी घातली.",mr,unknown,male
007531.wav,हे वृत्त कानी पडताच राजा रामदेवाने त्वरेने हालचाल केली.,mr,unknown,male
008818.wav,"भुवनेही मान डोलावली पण त्याला माहीत होते की हे सारे छोटया परीने केले आहे, त्याने तिला मनोमन धन्यवाद दिले.",mr,unknown,male
008583.wav,त्यासाठी मग त्याने शांत आणि शितल असणार्‍या चन्द्रदेवाला पृथ्वीवर येण्याची विनंती केली.,mr,unknown,male
007747.wav,"दुस्र्याने दिलेले दु:ख फेडायचे नसते, ते सोसायचे असते, यातच आपला मोठेपणा आहे!",mr,unknown,male
004636.wav,मग त्याच्यावर दोरी चढवून बाण मारणे तर अगदी अशक्यच.,mr,unknown,male
006349.wav,मोकळ्या गप्पांमधून हा विषय समजवायला हवा.,mr,unknown,male
001053.wav,"परंतु तो उठला, ते पूर्वजांचे घर सोडून तो निघाला.",mr,unknown,female
010453.wav,"मुलांच्या समीप फार जपून वागावे, वातावरण स्वच्छ राखावे.",mr,unknown,female
005008.wav,गंगा ही एक तोंडाळ आणि भांडखोर स्वभावाची बाई होती.,mr,unknown,male
008830.wav,भुवन परीचे म्हणणे ऐकून स्वप्नातच मान डोलवत होता.,mr,unknown,male
000100.wav,त्याचाशी बोलत असतानाच अचानक खांद्यावर भक्कम अशी थाप पडली.,mr,unknown,female
007703.wav,"दुपारची वेळ होती, कडक उन्हामुळे अंगाची लाही लाही होत होती.",mr,unknown,male
001457.wav,आजोबांचे आश्वासन ऐकून मुलांनाही उत्साह आला.,mr,unknown,female
000362.wav,पण तिने धीर सोडला नाही.,mr,unknown,female
000813.wav,आपला पुत्राने जीवनाची सर्व सुखे उपभोगावीत म्हणुन राजा व राणी त्याचे लग्न करतात.,mr,unknown,female
001093.wav,"तदनंतर आश्रमाच्या भोवती जे कोणी रहिवाशी येतील, त्यांना खुणांनी मोडक्या तोडक्या भाषेत सुरेख गोष्टी सांगत.",mr,unknown,female
008654.wav,"अहो आजोबा, मदर्स डे आहे नां त्याची तयारी करतो आहोत, आखिलेष दबक्या आवाजात म्हणाला.",mr,unknown,male
006978.wav,"ते गुन्हेगारीकडे वळणार नाहीत, व्यसनाधीन होणार नाहीत.",mr,unknown,male
005399.wav,"त्याच्या जोडीला, आपल्या सेवकांपैकी अर्धे सेवकही त्याच्या ताब्यात दिले.",mr,unknown,male
008192.wav,"पाप करणाऱ्याचे मन त्याला खातच असते, आणखी त्याला शिक्षा कशाला, असेही कोणी म्हणत.",mr,unknown,male
009016.wav,"त्यातच एक माकडीण होती, तिच्या हातांच्या झुल्यात ती आपले चिमुकले पिलू झुलवत होती.",mr,unknown,male
007775.wav,मुलाच्या आठव्या वर्षापासून वीस वर्षांपर्यंत त्याला गुरुजवळ राहावे लागे.,mr,unknown,male
006085.wav,ज्ञानेश्वरांनी रेड्याकडून वेद वदविले म्हणून काय त्यावेळच्या सरकारी,mr,unknown,male
001415.wav,"अगं आई, लवकर बागेत ये, बघ काय आहे, मिनू जोरात हाका मारत आईला बोलवत म्हणाली.",mr,unknown,female
000541.wav,"शृंगीबाळा, तू अद्यापही अज्ञानीच राहिला आहेस!",mr,unknown,female
007767.wav,तिला सत्यकाम नावाचा एक लहान मुलगा होता.,mr,unknown,male
008697.wav,चॉकलेट खातांना त्याला मजा येत असे परंतु चूळ भरायला किंवा दात घासायला मोंटूला प्रचंड कंटाळा होता.,mr,unknown,male
001147.wav,"शबरी आकाशाकडे पाहून म्हणाली, तात, हे तारे कोठून येतात, काय करतात.",mr,unknown,female
008285.wav,ख्रिस्ती मिशनरी रानटी लोकांत जाऊन तेथे आपले बंगले बांधतात व त्यांना आपल्या धर्माची दीक्षा देतात.,mr,unknown,male
000755.wav,"प्रल्हादाच्या भक्तीमुळे त्याच्या मनात विवेक, वैराग्य, आनंद या गुणांचा विकास झाला, भोगांबद्दलची आसक्ती संपली.",mr,unknown,female
004340.wav,"खॉसाहेब, गाताना भान विसरून तिच्या सौंदर्याला दाद देत राहिले.",mr,unknown,female
003847.wav,तथापि मामेबहिणीबरोबर लग्न करण्यास मुभा आहे.,mr,unknown,female
006238.wav,महाराष्ट्रात शैक्षणिक दर्जाचा बाऊ फार होतो.,mr,unknown,male
009271.wav,"अरे, तुझ्याच झाडाचा छान पिवळा धम्मक दिसला, तोडला.",mr,unknown,male
006163.wav,शिवसेनाप्रमुख श्री बाळासाहेब ठाकरे यांनी मराठी माणसाच्या कल्याणासाठीच शिवसेनेची स्थापना केली.,mr,unknown,male
006441.wav,"कुंकळ्ळीज्योकिम आलेमाव, आल्तिन गोम्स, जॉर्सन फर्नांडिस",mr,unknown,male
010422.wav,"शबरीला पित्याच्या स्वाधीन करताना त्याने तिला शेवटचा उपदेश केला, देव तुझे मंगल करो व तुला सत्पथावर ठेवो.",mr,unknown,female
003131.wav,पूर्वीचे शहर म्हणजे खेडेगावातल्या लोकांना आकर्षण असायचे.,mr,unknown,female
002958.wav,आता मात्र त्या भुताने एक अतिशय वाईट व अक्षम्य असे काम केले आहे.,mr,unknown,female
004314.wav,"प्रत्येकवेळी कॉलेजमध्ये तयारी करण्यात, मार्चिंगची प्राक्टिस करण्यात एक उत्साह असायचा अंगात.",mr,unknown,female
009224.wav,तो चटकन उठला आपल्या राजमहालाला सोडून तो आपल्या झ-याजवळ आला.,mr,unknown,male
004809.wav,मी रामावतार घेईन ते लोककल्याणार्थच होणार,mr,unknown,male
003705.wav,सुप्रसिद्ध वनस्पतीशास्त्रज्ञ व भिषग्वर गार्सिया द ओर्टा हा त्याचा वारस होता.,mr,unknown,female
004085.wav,मनाच्या कोपर्यात आपलं अस्तित्व जे अविरत टिकवून धरतं ते प्रेमअभिश्रुती,mr,unknown,female
002609.wav,आणिक म्हणजे हा प्राणी आजिबात आवाज करत नाही आणि खूप लांब-लांबचे अंतर कापतात.,mr,unknown,female
004092.wav,ड्यूटीवर नसणारे अनेक कर्मचारी गोळीबाराच्या बातम्या टीव्हीवर पाहून ताजला आले.,mr,unknown,female
009302.wav,दिल्लीचा प्रमुख मार्ग गाडया भरधाव धावत होत्या.,mr,unknown,male
008725.wav,तिला सकाळच्या उन्हात चमकणारी समुद्राची वाळू खूप आवडत असे.,mr,unknown,male
009284.wav,प्रसिध्द लेखक कैलासवासी वि. स. खांडेकरांकडे अलोट गर्दी जमली होती.,mr,unknown,male
008772.wav,नीनाच्या आई-बाबांना तिला कसे समजवावे हेच समजेना.,mr,unknown,male
003401.wav,अपस्मार-फेफरे-फिट असणा-या रुग्णाचे तज्ज्ञाकडून निश्चित रोगनिदान ठरल्यावरच आयुर्वेदाचा विचार करावा.,mr,unknown,female
005303.wav,ती पूर्ण करणे हा त्याचा धर्म आहे.,mr,unknown,male
005776.wav,जालन्याला एक कुटुंब आमच्या डब्यात चढलं.,mr,unknown,male
000602.wav,शिष्यसमुदायात गुपचुप एक हेटाळणीची लाट उसळून गेली.,mr,unknown,female
003980.wav,काही वेळा तर आध्यात्मिक कारणासाठी मृत्यूला समोऱ्या जाणाऱ्यांच्या स्मरणार्थही शिला उभारलेल्या दिसतात.,mr,unknown,female
009772.wav,त्यागराज स्वत:च्याच नादात भजने गुणगुणत चालला होता.,mr,unknown,male
009752.wav,"जटील न घाबरता प्रतिदिन शाळेत जातोय, याचेच तिला समाधान वाटायचे.",mr,unknown,male
003465.wav,"चिकनगुण्यात डेंगूप्रमाणे रक्तस्राव, मेंदूज्वर, किंवा मृत्यू होत नाहीत हे विशेष.",mr,unknown,female
008987.wav,"हे सारे पाहून त्याचे कुत्रे एकमेकांत कुजबुजू लागले की, पाहिलंत ना सारं, काय केलंय आपल्या धन्यानं आतापर्यंत?",mr,unknown,male
005984.wav,"तशी बाय खणखणीत आवाजात म्हणाली तीन आणे मोजून दिलंय त्येका, त्यांनी ते घेतलं",mr,unknown,male
005696.wav,"बायकोला वाटतं, नवऱ्याचं लफडं अडलंय त्यात",mr,unknown,male
001045.wav,"ज्याच्यावर आपण प्रेम करतो त्यानेही आपल्याविषयी गैरसमज करून घ्यावा ह्यासारखे दुनियेत दुसरे दु:ख नाही, तो सर्वांत प्रखर असा प्रहार असतो.",mr,unknown,female
008508.wav,"मजकडून काही सेवा करुन घ्यायची असल्यास आपण ती घ्यावी, मला त्याबद्दल पैसे वगैरे काहीच नकोत.",mr,unknown,male
001558.wav,"आईला घटट मिठी मारत मंजू म्हणाली, हो आई, जर विल्मा करु शकते तर मी का नाही.",mr,unknown,female
007535.wav,ते ऐकून सर्वांनी आपापल्या तलवारी बाहेर काढल्या.,mr,unknown,male
001488.wav,मोंटूचे बाबा त्यांच्या ऑफिसच्या कामानिमित्त देशात परदेशात जात असत.,mr,unknown,female
009745.wav,"ती ऐकताच तो भीतीने गारठला, काय करावे, हेच त्याला सुचेना.",mr,unknown,male
000181.wav,भारतातील सर्वात मोठ्या महाविद्यालयातील मुख्याध्यापकाकडे नोकरी मागण्यासाठी गेला.,mr,unknown,female
010066.wav,"त्यावर विष्णूंनी त्यांना समजावले, बलाढ्य राक्षस माझी भक्ती करून जास्त बलाढ्य होतात हे खरे.",mr,unknown,male
005129.wav,हे औषध जर बैलाच्या दुधातून घेतले तरच परिणामकारक ठरेल.,mr,unknown,male
002116.wav,"शर्माजी आश्चर्यचकीत होऊन म्हणाले, काय, ललिता देवी, तुम्ही माझ्यासाठी एवढं केलंत.",mr,unknown,female
001700.wav,डोंगर आपल्याच विचारात गढून गेला.,mr,unknown,female
001380.wav,शाळा संपतांना दीपाताईंनी मुलांना सुट्टीसाठी एक काम सोपवले होते.,mr,unknown,female
006272.wav,त्यापुढे जाऊन या भाषेचा वृक्ष अधिकच डवरत गेला.,mr,unknown,male
002405.wav,नारद त्या आनंदाने ध्यानपूर्वक ऐकत असे.,mr,unknown,female
001396.wav,तिने तिच्या सोसायटीतल्या मैत्रिणींनाही आपल्या मनातले गुपीत सांगितले होते.,mr,unknown,female
007273.wav,शेवटी तो माणूस म्हातारा झाला.,mr,unknown,male
000619.wav,"बैल पुन्हा म्हणाला, `आमची संख्या आता हजारावर आली आहे.",mr,unknown,female
005323.wav,पाणी आजोबांच्या कम्पाउण्ड मधे शीरत होत.,mr,unknown,male
010778.wav,"परी म्हणाली, भुवनबाळा तुझे दुःख मी जाणते, सगळी मुले तुझ्याशी खेळायला लागतील, मैत्री करतील, मात्र त्यासाठी तुला बरेच बदलावे लागेल, आहेस तयार ह्या सार्यांसाठी.",mr,unknown,female
001601.wav,"दुसर्या दिवशी शाळेत चित्रकलेची स्पर्धा होती, भुवनची चित्रकला उत्तमच होती.",mr,unknown,female
006913.wav,ग्रामीण भागातील पशूंवर इलाज करण्यासाठी दवाखान्यांतून आरोग्याधिकारी जातात.,mr,unknown,male
007705.wav,"तो अगदी थकून गेला होता, तहानेने तो व्याकुळ झाला होता, त्याला विश्रांतीची आवश्यकता होती.",mr,unknown,male
001616.wav,"थोडयाच वेळात भुवन सार्या मुलांबरोबर खेळत होता, मस्ती करत होता, हसत खिदळत होता.",mr,unknown,female
008743.wav,आईचे बोलणे ऐकून मिताने तिला अत्यानंदाने मिठी मारली.,mr,unknown,male
000439.wav,"खरं ज्ञान हे जराजर्जर झालं, माझ्या पाठीमागं वासरासारखं आलं आणि वैराग्यानेही आमची संगत सोडली नाही.",mr,unknown,female
009427.wav,मार्गात मध्येच भाविकांना कचरा खाणारे एक गाढव दिसते.,mr,unknown,male
002084.wav,फार फार वार्षापुर्वी मी एका तळयाच्या शेजारून फिरत असता अचानक तोल जाऊन मी पाण्यात पडलो.,mr,unknown,female
004246.wav,एक जुलैला बरोबर दहा दिवसांनी नॉयडाला जॉईन व्हायचं होतं.,mr,unknown,female
008595.wav,नंतर सगळ्या पिशव्यांना पाणी घालायचे हे नम्रताचे रोजचे काम होते.,mr,unknown,male
009489.wav,"पण व्यक्त करायला माझा त्याचाशी, किंवा तिच्याशी तरी, काय संबंध, म्हणून शांतच उभा होतो.",mr,unknown,male
008551.wav,पार्टीत खूप मजा आली.,mr,unknown,male
010693.wav,"अरे म्हणजे हे फक्त स्वप्न होते तर, मोंटूला अगदी हुश्श झाले.",mr,unknown,female
010408.wav,"ऋषी म्हणाले, शबरी, ते तू आता विसरुन जा, आता निराळे आचरण ठेवावयास तू शिक.",mr,unknown,female
008197.wav,"त्याच्याकडे सारे लोक 'हा तो अपराधी' अशा दृष्टीने बघत, हीच शिक्षा.",mr,unknown,male
008883.wav,एका गावाच्या बाजूला एक मोठा डोंगर होता.,mr,unknown,male
002546.wav,पेटी उघडून पाहिली तर आंत एक सुंदर मुलगी.,mr,unknown,female
006385.wav,"फोन खणाणला, की माझ्या अंगावर शहारा यायचा.",mr,unknown,male
009616.wav,हे ऐकून वडिलांनी मुलाला घोड्यावर बसवले आणि आपण पायी चालू लागले.,mr,unknown,male
010396.wav,शबरीच्या गंगायमुना थांबल्या व ऋषिपत्नीच्या मांडीवर डोके ठेवून ती झोपी गेली.,mr,unknown,female
001919.wav,मग मात्र एक दिवस 'माझा' आला.,mr,unknown,female
009123.wav,"ते पैलू मातीच्या मूर्तीमध्ये सामावून जावेत म्हणून घडत राहीलो, घडवत राहीलो.",mr,unknown,male
007170.wav,"वरुण तनेजा साठपंधरा, एक्केचाळीसअडुसष्ठ, पंचावन्नछप्पन्न, शहात्तरपस्तीस, त्र्यैंशी , रफत हबीब",mr,unknown,male
010094.wav,सारखा कचरा होतो आणि झाडावा लागतो.,mr,unknown,male
006502.wav,जळगाव मर्चंट बॅंकेची निवडणूक बिनविरोध,mr,unknown,male
004594.wav,"स्वल्पविराम देवुन टाकता येतात की, मधे तीच सुवीधा आहे.",mr,unknown,female
007625.wav,तिला आता मोठा आनंद वाटत होता.,mr,unknown,male
002055.wav,"दोघांनीही दोन वेगवेगळया ठिकाणी आपले आश्रम बांधले, तिथे त्यांचे अध्यापनाचे काम सुरू झाले.",mr,unknown,female
009892.wav,त्या काळी उच्च कुळातील मुलेच गुरूपाशी शिकत.,mr,unknown,male
010088.wav,जंगल नसले तर हि सगळेजण कुठे जातील?,mr,unknown,male
002363.wav,"राम व लक्ष्मण रानांत, व मी गादीवर बसून राज्य करूं?",mr,unknown,female
003015.wav,दुसर्या दिवशी उजाडल्यावर राजाच्या नोकरांनी घडलेले वृत्त राजाला जाऊन कळविले.,mr,unknown,female
002226.wav,निळेशार पाणी आणि क्षितिजापर्यंत पसरलेला किनारा रोजच्या ताण तणावापासून दूर ठेवतो.,mr,unknown,female
005873.wav,मी आपला हातावर घडी घालून एका कोपऱ्यात शांतपणे मागील अतीत आठवत होतो,mr,unknown,male
006984.wav,खुद्द निघोजला नाही तरी आळेफाटा किंवा शिरूरला जेवणाखाणाची सोय होते.,mr,unknown,male
001127.wav,"आश्रमात गाई होत्या, गाईंच्या वासरांबरोबर शबरी खेळे, उड्या मारी.",mr,unknown,female
004520.wav,चलता है सोलापूर सेक्स स्कॅंडल क्रमशः भाग एक ›,mr,unknown,female
005552.wav,अवचीत भिजऱ्या लाटांच्या स्पर्शाने मन ओथंबुन,mr,unknown,male
009226.wav,"त्या अश्रूंचे थेंब त्या झ-यात पडले, आणि झरा थोडा सावरला.",mr,unknown,male
010459.wav,"कनिष्ठाच्या जवळ ज्येष्ठ असतो, या ज्येष्ठाने आपली जोखीम ओळखून वागले पाहिजे.",mr,unknown,female
002445.wav,"त्या दोघींनी त्याला एकदम कडेवर घेवून एकेका गालाचा मुका घेतला, व म्हणाल्या.",mr,unknown,female
008115.wav,"निसर्गातील पंचमहाभूतांमध्ये ढवळाढवळ करून संतुलन बिघडले की, शारीरिक प्रदूषण होते.",mr,unknown,male
001323.wav,गाडीत बसण्यासाठी अनेकदा भांडणेही व्हायची.,mr,unknown,female
001604.wav,त्याने आपली नवीन रंगपेटीही वर्गातल्या मुलांना वापरायला दिली.,mr,unknown,female
008024.wav,सर्व महालात मोठमोठ्या दिव्यांनी लखलखीत प्रकाश केला जातो.,mr,unknown,male
008705.wav,त्याने इकडे तिकडे पाहिले परंतु कोणी दिसेना.,mr,unknown,male
010327.wav,"तदनंतर आश्रमाच्या भोवती जे कोणी रहिवाशी येतील, त्यांना खुणांनी मोडक्या तोडक्या भाषेत सुरेख गोष्टी सांगत.",mr,unknown,female
005229.wav,थोड्याच वेळात तो शिपाई त्या वृद्धास व एका तरुणास घेऊन दरबारात आला.,mr,unknown,male
007970.wav,त्यासाठी प्रल्हादाला सावध केले पाहिजे.,mr,unknown,male
006121.wav,मातृभाषा ही ज्ञानभाषा झाली तर शिक्षण सुलभ होईल.,mr,unknown,male
009642.wav,"ही वाईट बातमी कंबनच्या कानी गेली, तो धावतपळत मित्राकडे पोहोचला.",mr,unknown,male
006030.wav,त्या विकसित देशात आपल्या लोकांना द्रव्यप्राप्ती भारतातील लोकांपेक्षा जास्त प्रमाणात होते.,mr,unknown,male
002291.wav,कारण रामाची शपथ घेतल्यावर ती मोडणे शक्य नाही.,mr,unknown,female
010232.wav,"धाकटी बहीण होती, तेव्हा तिच्यासाठी तो विणी, पैसे मिळवून बहिणीला नटवी.",mr,unknown,female
003488.wav,ठरावीक हप्त्याला मेडिक्लेम मार्फत जास्तीत जास्त लाख खर्च-संरक्षण मिळू शकेल.,mr,unknown,female
001508.wav,"दात पुढे म्हणाले, आता तू कुठलाही गरम किंवा गार पदार्थ खाल्ला की आम्हाला किती त्रास होतो माहिती आहे, जोरदार ठणका बसतो.",mr,unknown,female
010034.wav,जनमेजय राजाने वैशंपायन ऋषींना समुद्रमंथनाची कथा सांगण्याची विनंती केली.,mr,unknown,male
001560.wav,वाढदिवसाला काय काय आणायचे ह्याची यादी ती तिच्या बाबांना समजावून सांगत होती.,mr,unknown,female
005647.wav,साऱ्या कर्तृत्वाचे केस पांढरे झाले ऐन वयात,mr,unknown,male
003308.wav,"वराहमिहिराचें लक्ष नाना प्रकारचे सृष्टिचमत्कार, पदार्थाचे गुणधर्म व त्यांचा व्यवहारांत उपयोग याकडे लागलें असावें.",mr,unknown,female
003618.wav,मात्र असे बांधकाम करताना पाण्याचा निचरा होण्यासाठी विटांमध्ये गॅप पोकळी सोडावी लागते.,mr,unknown,female
008944.wav,"बळजबरीपेक्षा कुशलपणे दुस-याचे मन वळविणे, हेच जगात अधिक यशकारक असते, हेच खरे.",mr,unknown,male
009085.wav,या ह्रदयस्पर्शी बोलण्याने घोडेस्वाराला भरून आले.,mr,unknown,male
001837.wav,सापाने आपल्या शत्रूला ठार करण्यासाठी तत्काळ त्या बैलगाडीच्या चाकाखाली आपले डोके ठेवले.,mr,unknown,female
006665.wav,मायको बॉश'चे पाच वर्षांत पाचपट वृद्धीचे उद्दिष्ट,mr,unknown,male
003707.wav,"मोरगाव, तालुका दौंड, जिल्हा पुणे, हे गाणप्य सांप्रदायाचे आद्यपीठ मानले जाते.",mr,unknown,female
000982.wav,"शेतकरी, विणकरी, रंगारी, पिंजारी, सोनार, सुतार, लोहार, कुंभार सर्व प्रकारचे लोक होते.",mr,unknown,female
009177.wav,"चंद्र कसा आणि कुठे आहे हे ज्याला ठावं नाही तो चंद्रावर जाण्याची ईच्छा बाळगतो, क्षणभर सगळयांना वाईट वाटले.",mr,unknown,male
001355.wav,त्यामुळे पृथ्वीवर राहणारी माणसे सतत कामात असत.,mr,unknown,female
002871.wav,पैशांच्या व्यवहारांत लिखित स्वरूपांतील पुरावा असणे अत्यावश्यक असते.,mr,unknown,female
000046.wav,भाविक तो रथ एका गावातून दुसऱ्या गावात वाजत-गाजत नेत असतात.,mr,unknown,female
002543.wav,"त्यांनी पंचधातूची केलेली एक पेटी घेऊन त्यांत त्या अर्भकाला ठेवले, आणि ती पेटी समुद्रांत टाकून दिली.",mr,unknown,female
007670.wav,"आता ह्याला एक उपाय आहे, तो असा की, भागवत धर्माचं आचरण पुन: या जगानं केलं पाहिजे.",mr,unknown,male
000749.wav,"नंतर त्याने विचार केला, देव अतुल पराक्रमी आहेत, त्यांनी माझा पिता व बलाढ्य असुर यांना धुळीस मिळवले.",mr,unknown,female
005839.wav,"पुढे या आणि तुमची सकारत्मकता, मौलिकता जगाला दाखवा.",mr,unknown,male
003544.wav,यापैकी तिसरा हिस्सा फाल्सिपेरम प्रकारचा म्हणजे घातक जंतूंचा होता.,mr,unknown,female
006628.wav,अनुसूचित जाती व जमातीसाठींच्या आरक्षणाचे समर्थन केले आहे.,mr,unknown,male
009692.wav,देवगिरीचा गड अभेद्य होता आणि त्यावरील सैन्य युद्ध पारंगत होते.,mr,unknown,male
010536.wav,त्यामुळे पृथ्वीवर राहणारी माणसे सतत कामात असत.,mr,unknown,female
005621.wav,काही क्षणांतच दोघांचेही हृदय एकमेकांना बिलगले,mr,unknown,male
004794.wav,जमदग्नी पडला होता. तो मरूनपडल्या सारखाच राहून गेला.,mr,unknown,male
000536.wav,"अरे, राजा हा प्रत्यक्ष विष्णूचा अवतार असतो, तो पृथ्वीचे-प्रजेचे पालन करतो.",mr,unknown,female
004448.wav,दर्गा चौरस खोलीत असून सभोवती स्टेनलेस स्टीलचे कठडे बांधलेले आहेत.,mr,unknown,female
007360.wav,त्याला मूतोड जवाब देवून तसाच पुढे निघालो.,mr,unknown,male
006254.wav,आपण विनंती केलेले वेब पेज येथे उपलब्ध नाही.,mr,unknown,male
010339.wav,अशी ही राजकन्या गुणवंत होती.,mr,unknown,female
002252.wav,त्याच्या दर्शनास जावे असा आमचा विचार आहे.,mr,unknown,female
001026.wav,"मनूने विनूकडे पाहिले, परंतु विनू त्याच्याकडे पाहीना.",mr,unknown,female
004140.wav,थोडक्यात या कामासाठी ठराविकच विषयातल्या डीग्रीची आवश्यकता नाही.,mr,unknown,female
009165.wav,या कार्यात वर्गाचा वर्गनायक प्रशांत याचा सिंहाचा वाटा असे; त्याला नेहमी प्रोत्साहन आणि सहकार्य मिळायचं ते शाळेच्या मुख्याध्यापकांचं.,mr,unknown,male
007245.wav,"आपल्या पाच मुलांपैकी कुणालाच मोडता येत नसल्याचे पाहून तो गृहस्थ त्यांना म्हणाला, बघितलंत ना, एकीचे बळ किती असते ते ?",mr,unknown,male
004725.wav,या लहानशा गोष्टीसाठी बाबांना इतके दुःख का वाटावे,mr,unknown,male
003464.wav,दारूच्या व्यसनाचे शरीरावर प्रकारचे दुष्परिणाम वैद्यकीय शास्त्राने सिध्द केलेले आहेत.,mr,unknown,female
003652.wav,धाटणीवरूनच या मंदिराचा काळ इसवीचे पाचवे शतक इतका सामान्यतः समजला जातो.,mr,unknown,female
003448.wav,"लहान मुलांना अंगाला व टाळूला तेल चोळणे, डाळतांदूळ एकत्र शिजवणे इत्यादी गोष्टी कराव्या.",mr,unknown,female
005630.wav,द्याल ती शिक्षा मला मान्य आहे.,mr,unknown,male
009708.wav,या युद्धात आम्ही प्राणपणाने लढू आणि देवगिरीचे रक्षण करू.,mr,unknown,male
010554.wav,काहीच काम होईना म्हणून नाईलाजाने झोपू लागले.,mr,unknown,female
008757.wav,दुसर्‍या दिवशी उठल्यावर मंजू आईला स्वयंपाकात मदत करायला आली.,mr,unknown,male
000665.wav,तोही पुढे म्हातारा होऊन मरण पावला.,mr,unknown,female
009654.wav,लोक तुला आणि मला रामायणकर्ते म्हणून ओळखतील !,mr,unknown,male
002890.wav,अंतरिक्ष यानाने खाली उतरण्यास सुरूवात केली आणि आम्ही सर्वजण स्तब्धपणे उभे राहुन त्याला बघत होतो.,mr,unknown,female
010321.wav,आजूबाजूला रमणीय व विशाल वनराजी होती.,mr,unknown,female
002971.wav,फिरल्यावर तेथील अरण्य प्रांतात येऊन पोचले.,mr,unknown,female
009997.wav,"मनूला पुष्कळ मुलगे होते, त्यांत नाभानेदिष्ठ हा सर्वात धाकटा होता.",mr,unknown,male
008964.wav,प्रवाश्यांचा कासाविस जीव झाडाच्या सावलीमध्ये सुखावला.,mr,unknown,male
009021.wav,"ती म्हणाली, सुंदरपणाचे बक्षिस देवांनी हवे त्याला द्यावे, पण मला मात्र माझेच मूल सर्वात सुंदर दिसते आणि तेच माझे सर्वात मोठे बक्षिस आहे.",mr,unknown,male
004848.wav,"त्याच वेळी, समोरून गणेश व कुमारस्वामी दोघे 'चितकापट' घालीत येत होते.",mr,unknown,male
010513.wav,"खोत गावातील पिकांची आभावणी करतो, पिकांचा अंदाज करतो, याला पीक धरणे असे म्हणतात.",mr,unknown,female
010158.wav,"पाटावर रांगोळी काढून तांदूळ ठेवतात, त्यावर वाटी किंवा तबक ठेवतात.",mr,unknown,male
005715.wav,तरीही मी पोहचू शकत नाही तुझ्यापर्यंत.,mr,unknown,male
000676.wav,"साकमश्व कक्षीवानाजवळ आला व म्हणाला, जो मनुष्य नुसती `ऋचा’ म्हणतो आणि `साम’ म्हणत नाही तो कवी अग्नीसारखा चेततो पण त्याचा प्रकाश पडत नाही.",mr,unknown,female
004112.wav,ज्यांना इश्यूज येत होते त्यांच्या तक्रारींवरुन लगेचच मायक्रोसॉफ्ट्ला लॉन्च करावा लागला.,mr,unknown,female
006774.wav,बीजिंगहून हॉंगकॉंगला जाताना रेल्वे स्टेशनवर पासपोर्ट व सामानाची कसून तपासणी होते.,mr,unknown,male
005900.wav,"मैत्री म्हणजे असते एक जागा, गुंतला जाते मित्राचा त्यामध्ये धागा",mr,unknown,male
008252.wav,"ज्याच्यावर आपण प्रेम करतो त्यानेही आपल्याविषयी गैरसमज करून घ्यावा ह्यासारखे दुनियेत दुसरे दु:ख नाही, तो सर्वांत प्रखर असा प्रहार असतो.",mr,unknown,male
005392.wav,लोक हत्तीची स्तुती करीत असलेले पाहून राजाच्या मनात आले .,mr,unknown,male
008585.wav,माणसांचा वेळ रात्र आणि दिवस ह्यात वाटला गेला.,mr,unknown,male
003036.wav,या रानांत रोमांच नावाचा एक भयंकर राक्षस राहतो आहे.,mr,unknown,female
001963.wav,गाण्यात मात्र पहिला नंबर ठेवलेला हे कळताच सा-या विद्यार्थ्यांनी त्याला गाणं म्हणण्याचा आग्रह केला.,mr,unknown,female
001841.wav,सूडबुध्दीने जगाचे एकूण अकल्याणच जास्त होते.,mr,unknown,female
010442.wav,"या आजूबाजूच्या सृष्टीतून काय शिकावे, हे आईबापच शिकवतात.",mr,unknown,female
004731.wav,अयोध्येहून रामलक्ष्मण सीतेसह निघाले ते करुण दृश्य हृदयाला विदीर्ण करणारे होते.,mr,unknown,male
004601.wav,"झुंडशाही, मनगटशाहीचे नवे स्वरुप लोकांना दिसत आहे.",mr,unknown,female
010415.wav,"एक दिवस मतंग ऋषी तिला म्हणाले, शबरी, तू शिकली सावरलीस, सद्गुणी झालीस, आता तू मोठी झाली आहेस.",mr,unknown,female
005614.wav,चित्रकार श्री सुदाम वाघमारे यांचे आभार मानले तर त्याला खचितच रुचणार नाही म्हणून थांबतो,mr,unknown,male
005872.wav,उधूनमधून ती त्या व्यक्तीबरोबर रागाने बघून काहीतरी पुटपुटत होती.,mr,unknown,male
007977.wav,खूप खूप झाडांचे मिळून जंगल होते.,mr,unknown,male
003838.wav,"ती दक्षिणेस पाय, उत्तरेस डोकं करून निजलेली होती.",mr,unknown,female
004635.wav,जनकाने श्रद्धा व भक्तिपूर्वक त्या धनुष्याची आजवर पूजा केली.,mr,unknown,male
007477.wav,हा स्वाहाकार करायच्या आधी मला बोलायचेस तरी !,mr,unknown,male
005749.wav,लागली चटक जिभेला त्या बिचाऱ्या जिवाची,mr,unknown,male
009705.wav,काहीतरी विशेष सूचना मिळाल्याविना पराजित होऊन गेलेला शत्रू पुन्हा आक्रमण करत नाही.,mr,unknown,male
000412.wav,तुम्ही चोर असून आणि रामाचे भक्त नसूनही तुम्हाला रामाचे दर्शन झाले.,mr,unknown,female
000614.wav,"सत्यकाम अरण्यामध्ये पुष्कळ वर्षे राहिला, तो गायीची मनोभावाने सेवा करी.",mr,unknown,female
004093.wav,जमशेदजींनी भारतीय उद्योगाची मुहूर्तमेढ रोवली असली तरी टाटांचं घराणं हे पुजार्यांचं.,mr,unknown,female
003636.wav,बेनेडिक्ट हे निळे औषध घेऊन उकळा व त्यात लघवीचे चारपाच थेंब टाका.,mr,unknown,female
006290.wav,"हे ऐकून एकदम खुषीत आलेल्या न्हाव्याने विचारले, असं",mr,unknown,male
001431.wav,मिनूला कळून चुकले की आता मिठू आपल्याला परत कधीच भेटणार नाही.,mr,unknown,female
008729.wav,"तिने एक दिवस तिच्या बाबांना विचारले, बाबा, आपल्या सारखेच सगळ्यांनी रोजच मासे पकडले तर समुद्रातले मासे एक दिवस संपून जातील.",mr,unknown,male
010349.wav,"मग बोल, तुझे म्हणणे काय आहे ते, मुलीस तिथे पाठविण्यास तुझी संमती आहे ना, ती तुझ्यासारखीच अडाणी राहावी, असे तुला वाटते का.",mr,unknown,female
010135.wav,अशा प्रकारे तिने राजकुमाराचे प्राण वाचवले.,mr,unknown,male
004871.wav,मी रक्षण कर म्हणताच आलास आणि माझ्या रक्षणार्थ मत्स्यावतार धारण केलास.,mr,unknown,male
007255.wav,रेशमी वस्त्र घालून सजवतात आणि त्यावर देवाला बसवतात.,mr,unknown,male
003394.wav,माणूस शास्त्रात पारंगत झाला म्हणजे आपण त्यास बुध्दीमान म्हणतो.,mr,unknown,female
006387.wav,न्यूयॉर्कच्या युनियन स्क्‍वेअर भागात एका काळोख्या लाऊंजमध्ये त्या ऑडिशन्स चालल्या होत्या.,mr,unknown,male
001418.wav,"मैनेला घरात आणल्यावर मिनूने कापसाच्या बोळ्याने पाणी पाजले, तिला थोडी तरतरी आली.",mr,unknown,female
007045.wav,याचा पुराव्यानिशी प्रतिवादही काही ज्येष्ठ विधिज्ञांकडून केला गेला आहे.,mr,unknown,male
000605.wav,दासीपुत्र असलास तरी तू ब्राह्मणच असला पाहिजेस.,mr,unknown,female
001273.wav,"माझ्या वडिलांच्या अंगावर ते वयाने सतरा-अठरा वर्षांचे झाले नाहीत तोच सारी जबाबदारी पडली होती, कारण आजोबा थकले होते.",mr,unknown,female
006949.wav,सौभाग्यवती मंजुश्री अहिरराव यांच्याकडे त्या रस्त्याच्या वास्तुशास्त्राचे काम देण्यात आले आहे.,mr,unknown,male
007664.wav,कलियुगाच्या फेर्‍यात राहूनही लोकांच कल्याण कसं होईल याचा मार्ग सांगून सर्वांना सुखी करा.,mr,unknown,male
003915.wav,वांटलेले बीं लावून ऊन पाण्याने आंघोळ घातली.,mr,unknown,female
008676.wav,"मी तुझ्यासाठी काही खायला करु शकले नाही, आजचा दिवस तू सकाळचीच पोळी-भाजी खा आणि दूध पी.",mr,unknown,male
010634.wav,आम्हीही आईसाठी हा दिवस स्पेशल करणार आहोत.,mr,unknown,female
000248.wav,काही केले तरी लोक टीका करतात.,mr,unknown,female
007704.wav,परिक्षिती राजा शिकारीसाठी अरण्यात फिरत होता.,mr,unknown,male
002901.wav,पण त्या ओल्या अंधारवाटांवरती माझ्यासाठी काय वाढून ठेवलेले असेल?,mr,unknown,female
001983.wav,आठवडयानंतर आज डॉक्टर मनोजच्या डोळयावरील पट्टी काढणार होते.,mr,unknown,female
004097.wav,पुढे कधीतरी एक अडमढेंगळं टेबल तिथे ठेवायची कुणालातरी हौस आली.,mr,unknown,female
006444.wav,"दरम्यान, दोघांमधील भांडणे काही थांबली नाहीत.",mr,unknown,male
000200.wav,शिष्य चिंतेत होता; म्हणून त्याला रात्रभर झोप लागली नाही.,mr,unknown,female
004868.wav,हत्ती; मगरीला आपल्या सुळ्यांनी टोचीत होता.,mr,unknown,male
000486.wav,पूर्वी वैकुठांत गेलेली मुक्तिसुध्दा नारदमुनींनी त्या थोर कार्यक्रमाला तेथे आणली.,mr,unknown,female
002880.wav,पण त्याने हे निदान स्वतःजवळच ठेवले व तो बादशहाला गंभीरपणे म्हणाला.,mr,unknown,female
007503.wav,खोलीचे दार केवळ ४ फूट उंचीचे होते.,mr,unknown,male
007345.wav,"मी म्हणालो, कबुल आहे महाराज तुमची स्वप्न आम्हाला कळलीच नाही.",mr,unknown,male
005813.wav,काही वर्षांनी त्याला जोडून आवळा कॅण्डीचा उद्योग सुरु केला.,mr,unknown,male
002824.wav,तेव्हां ते तुमच्याकडे माझ्याविषयी चौकशी करतील.,mr,unknown,female
000456.wav,हे सावध व्हावेत आणि जगाला पुन: यांचा लाभ व्हावा अशी माझी इच्छा आहे.,mr,unknown,female
010721.wav,"मंजूला चित्रकलेची खूपच आवड होती, चित्र काढतांना तिला वेळेचे भान राहत नसे.",mr,unknown,female
009675.wav,"आत्मानंद महाराजांनी प्रधानाला सांगितले, राजांना घेऊन आपण माझ्या खोलीत या.",mr,unknown,male
003246.wav,जगभरातून पुढे आलेली कार्बन क्रेडिटची संकल्पना ही तर यातील अतिमहत्वाकांक्षी योजनाच म्हणावी लागेल.,mr,unknown,female
007853.wav,सत्यकामाला सर्व चराचर सृष्टीत भरलेल्या ईश्वराचे ज्ञान गौतमांनी आपल्या रसाळ वाणीने पुन्हा समजावून दिले.,mr,unknown,male
001722.wav,हे पाहायला सारा गाव जमा झाला.,mr,unknown,female
004949.wav,"शेवटी, या स्वामीच्या असाधारण जीवनपद्धतीबद्दल कुणीही हस्तक्षेप करु नये, असा न्यायाधीशांनी फतवा काढला.",mr,unknown,male
006228.wav,तेथे किंग जॉर्जच वास्तव्य करून आहे.,mr,unknown,male
004484.wav,मात्र त्यात होल व्हीट प्रकार मिळतो का ते बघायला हवे.,mr,unknown,female
010729.wav,वडीलांचे हे शब्द ऐकून मंजूला रडूच कोसळले.,mr,unknown,female
002795.wav,असे म्हणत त्याने जीवदन्ताच्या गळयाचा वेध घेत तलवार फेकली.,mr,unknown,female
006951.wav,कचऱ्यातील कागदावर प्रक्रिया करून प्रचंड पैसा कमवलेल्या झॅंग यीन या युवतीला ह्युयानने मागे टाकले आहे.,mr,unknown,male
007083.wav,हॅनमोटारसायकलच्या अपघाताने सडावणमधील दोन संसार उध्वस्त,mr,unknown,male
000525.wav,आपल्या पित्याची विटंबना त्या राजाने केलेली पाहून शृंगीला खूपच राग आला.,mr,unknown,female
000863.wav,आपल्या मनातील द्वेष व असूया निघाल्यामुळे सर्वत्र बंधुभावनेची कल्पना जागृत होते.,mr,unknown,female
002095.wav,त्याच गर्दीत मीटिंगला जाण्याची घाई असलेल्या रमेश शर्मांनी आपल्या गाडीचा वेग वाढवला.,mr,unknown,female
000948.wav,यासाठी शक्यतो दुपारी १२ वाजेपर्यंत सकाळचे आणि रात्री ९ च्या आत रात्रीचे जेवण घ्यावे.,mr,unknown,female
009665.wav,प्रधान आत्मानंद महाराजांकडे गेला.,mr,unknown,male
001445.wav,"काय गं आदिती, काय गडबड चालली आहे, दोन चार दिवसांपासून तुम्ही दोघेही काहीतरी कामात आहात.",mr,unknown,female
001281.wav,"आपल्या अंगचा सज्जनपणा न सोड्ता, जर या परिस्थितीवर मात करुन तुम्हाला आपली ध्येय साध्य करायची असतील तर, अंगी चातुर्य बाणवण्याची आत्यंतीक गरज आहे.",mr,unknown,female
010291.wav,"त्या नदीत तो कितीदा तरी डुंबला असेल, मित्राबरोबर पोहला असेल.",mr,unknown,female
000123.wav,"ते दोघेही त्यांचं स्वतंत्र जीवन आपापल्या पद्धतीने जगायला काहीच दिवसांत सज्ज असतील, असे मी घडवून दाखवेल.",mr,unknown,female
008874.wav,तिने तर कार्टून बंद होईल या भीतीने मदत केली होती.,mr,unknown,male
009059.wav,शेवटी संध्याकाळी त्याच्या जाळयात लहानसा मासा सापडला.,mr,unknown,male
004798.wav,"'ज्यांचा विवाह होतो, त्यांचा जन्म धन्य झाला, सार्थ झाला असे मानले जाईल",mr,unknown,male
006430.wav,गोटूलमधून आजही झळकतेय आदिवासी संस्कृती,mr,unknown,male
009048.wav,सूडाने आंधळी झालेली माणसे आत्मघात व समाजघातच करतात.,mr,unknown,male
010698.wav,रोज सकाळी पहाटे उठून मिताही त्यांच्या बरोबर समुद्र किनारी जात असे.,mr,unknown,female
002303.wav,कैकेयीच्या मुलाविषयी तुझ्या मनांत असा विचार यावा यांत तुझा कांहीच दोष नाही.,mr,unknown,female
010297.wav,तो काळ आर्यांच्या विजयाचा व विस्ताराचा होता.,mr,unknown,female
008254.wav,"मनू घरातून बाहेर पडेना, तो भयंकर मन:स्थितीत होता.",mr,unknown,male
002005.wav,त्याच्या आवाजाने त्या सृष्टीत जणू एक एक व्याक्तीत्व उतरले असावेत.,mr,unknown,female
008289.wav,भिल्ल वगैरे जातींची लहान लहान राज्ये होती.,mr,unknown,male
009538.wav,शिवरायांनी निर्माण केलेल्या स्वराज्यातच भ्रष्टाचार कसा काय आला.,mr,unknown,male
001006.wav,शेवटी त्याने संधी साधून त्या श्रीमंताचा खून केला.,mr,unknown,female
003405.wav,"दातदुखीपासून तात्पुरता आराम मिळण्यासाठी अॉस्पिरिन, आयबूफेन किंवा पॅमालच्या गोळया घ्याव्यात.",mr,unknown,female
007606.wav,आम्ही त्यांची क्षमा मागितली आणि त्यांना नमस्कार करू लागलो.,mr,unknown,male
004013.wav,पुर्वार्ध पान दोन शे एकोणचाळीस व तीन शे शहात्तर पाण्याने गुळणा करून स्नान करावे.,mr,unknown,female
003056.wav,काशीराज्यांत त्याच सुमारास श्रीवत्स नांवाचा एक धनिक रहात असे.,mr,unknown,female
002886.wav,"समरबाहूचे चारच अनुयायी शिल्लक होते, परंतु तरीही त्यांनी राजसैनिकांबरोबर लढायचा निश्चय केला होता.",mr,unknown,female
003510.wav,खेडोपाडीच्या दवाखान्यांमध्ये आता बेअरफूटग्रामीण डॉक्टर फी आकारतात.,mr,unknown,female
002133.wav,"एक दोन वर्षाने गुरुजी परत आले, दिलेल्या चण्यांबद्दल विचारले.",mr,unknown,female
005138.wav,आपल्यापैकी अनेकांना तुरुंगात डांबले जाईल व काहीजणांना फाशी देण्यात येईल.,mr,unknown,male
009347.wav,एक होती चिमणी आणि एक होता कावळा.,mr,unknown,male
010499.wav,"माझ्या आईची आई अत्यंत नियमित व दक्ष होती, तिच्या घरातील भांडी आरशाप्रमाणे स्वच्छ असत.",mr,unknown,female
004519.wav,"तिथे ट्युलिप्स, डॅफोडिल्स आणि असंख्य फुललेली फुलझाड पाहुन मन तृप्त झाल.",mr,unknown,female
002058.wav,निराश झालेला लिखित परत निघाला.,mr,unknown,female
000189.wav,"माननीय मुख्याध्यापक व मंत्री साहेब, जर विद्यार्थांचे भवितव्य घडविण्यासाठी उच्चशिक्षित शिक्षकाची जरुरी आहे.",mr,unknown,female
000230.wav,"जेव्हा ते भेटले, तेव्हा त्यांनी एकमेकांना आपापल्या मनातील विचार सांगितले.",mr,unknown,female
005144.wav,आपल्यावर कोणी हल्ला तर करत नाही ना,mr,unknown,male
006916.wav,दुसऱ्या तिमाहीत ते पन्नास कोटी डॉलरवर पोचण्याचे उद्दिष्ट ठेवले आहे.,mr,unknown,male
010004.wav,"नाभा चिडला व मनूला म्हणाला, `बाबा, माझा वाटा कुठे आहे?’",mr,unknown,male
007218.wav,"तू मला सोडून गेलास, तर माझे सर्वस्व जाईल .",mr,unknown,male
003617.wav,"दुकानाचा परवाना रद्द होणे, सहा महिने सक्तमजुरी, दंड अशा प्रकारची शिक्षा असू शकते.",mr,unknown,female
003008.wav,प्रत्येकाकडून त्याबद्दल ओंजळ भरून फुले मागून घेतली.,mr,unknown,female
009879.wav,"त्याचे नावही तिने सत्यकाम, सत्याची आवड असणारा, असे ठेवले होते.",mr,unknown,male
009175.wav,सरांनाही वाईट वाटलं एवढा मधूर गाणारा मुलगा जो चंद्रावर जावू ईच्छितो तो साधं आपल्या सभोवतीचं जग बघु शकत नाही.,mr,unknown,male
000210.wav,कळपातील गवत खाणाऱ्या वाघाला पाहून तो रानातील वाघ आश्चर्यचकित झाला.,mr,unknown,female
010274.wav,खुनी माणसाचा मित्र असं आता लोक मला म्हणतील व हिणवतील.,mr,unknown,female
002751.wav,थोड्याच वेळांत खोलीचे छत खाली कोसळणार आहे असं म्हणत जीवदन्त म्हातार्याजवळ आला.,mr,unknown,female
003644.wav,"गानतपस्विनी मोगुबाई कुर्डीकरांपेक्षा गानसरस्वती किशोरी आमोणकर जास्त जास्त आहेत, हे सर्वसामान्यांचं मत आहे",mr,unknown,female
004203.wav,अजून तर व्हॅट एकोणसत्तर आणि अ‍ॅन्टिक्विटीही चाखलेल्या नव्हत्या.,mr,unknown,female
004455.wav,कोणत्याही प्लॉट किंवा भवनाला बत्तीस प्रकारे दरवाजा काढता येतो.,mr,unknown,female
000281.wav,"राजाला आपले शौर्य, राज्य, ऐश्वर्य आणि कर्तृत्व इत्यादी गोष्टींचा अभिमान होता.",mr,unknown,female
002945.wav,कांचन कांही कारणाने चिडली कीं ती सारा राग तेजीमालावर काढत असे व तिला मार मिळे.,mr,unknown,female
009802.wav,भक्तीची कथा पावन झाली आणि पृथ्वीवर सर्वत्र भागवतसप्ताह होऊ लागले.,mr,unknown,male
002719.wav,"आपल्या राज्यांत न्यायव्यवस्था समाधानकारक नाही, असे तुला वाटते कां?",mr,unknown,female
005602.wav,म्हणुनच महाराच बिरुद मी मानान वागवल,mr,unknown,male
005748.wav,एका खड्यात गुल्लेराच्या मग विझतात पक्षी,mr,unknown,male
008524.wav,मात्र तुमच्या मुलाचं व माझ्या मुलीचं लग्न सध्या जमवून ठेवायचं आणि वर्षभरानं लावायचं.,mr,unknown,male
001729.wav,"सोसाटयाचा वारा सुटला, वा-याच्या त्या प्रचंड सोसाटयात सापडताच प्रवाशाने आपल्या अंगावरील कपडे आपल्या शरीराभोवती अधिक लपेटून घेतले.",mr,unknown,female
006124.wav,आपले मन त्या झऱ्यात केव्हा भिजून रमून जाईल ते कळत नसे.,mr,unknown,male
000338.wav,तिला त्याच्या पापाचे शासन त्याला करायचे होते.,mr,unknown,female
006015.wav,अतिभंयंकर जो असेल चार दिवसांच्या उपाशी आणि टोचून झालेला बेजार.,mr,unknown,male
004190.wav,पुरोगामी राज्य टॅंकरमुक्त कधी होईल ?,mr,unknown,female
002651.wav,गुहेंतुन आलेल्या त्या राक्षसीच्या किंकाळ्या ऐकून तो तिकडे वळला.,mr,unknown,female
003583.wav,जंतुदोषामुळे अवधाण आलेले असेल तर कांचनार गुग्गुळाच्या मिलीग्रॅम प्रमाणात घ्यावे.,mr,unknown,female
009336.wav,गौतमने ते चणे काढले व दुसर्‍या मोठया कुंडीत टाकले.,mr,unknown,male
008452.wav,"शक्यतोवर जपावे, यत्न करावे, प्रामाणिकपणे झटावे, आत्मवंचना करू नये.",mr,unknown,male
008652.wav,"काय गं आदिती, काय गडबड चालली आहे, दोन चार दिवसांपासून तुम्ही दोघेही काहीतरी कामात आहात.",mr,unknown,male
004817.wav,उत्तर दिशेला डोके करून झोपेत असलेल्याचे डोके कापून माझ्या धडाला चिकटवा.,mr,unknown,male
009030.wav,एका गावाच्या एका पेठेत एक कोळसेवाला राहात होता.,mr,unknown,male
001227.wav,श्यामला त्याच्या भाग्याने थोर माता मिळाली होती.,mr,unknown,female
004430.wav,तीन वेगवेगळ्या इनिंग्ज मध्ये बळी घेऊन सुद्धा गोलंदाजाची हॅट्-ट्रीक झाली.,mr,unknown,female
005205.wav,तिकडे जीवदन्त आपल्या मंत्रदंडाने लांडग्यांना घाबरवत होता.,mr,unknown,male
002145.wav,"एक दिवस आकाशात मोठे मोठे काळे ढग आले, सोसाटयाचा वारा सुटला.",mr,unknown,female
009617.wav,"पुढे भेटलेल्या लोकांनी म्हटले, मुलगा किती निर्लज्ज आहे पहा!",mr,unknown,male
005028.wav,क्षत्रिय तरुणांनी एक सिंह पाळलेला होता त्या सिंहाला विघ्नेश्वराने डाकूंवरती आक्रमण करण्यासाठी पुकारले.,mr,unknown,male
002112.wav,त्यात काय माणसाने माणसाला मदत करायलाच हवी.,mr,unknown,female
003899.wav,एका खड्यात गुल्लेराच्या मग विझतात पक्षी,mr,unknown,female
006760.wav,अखेर आमदार रशीद शेख यांचे पुत्र आसीफ शेख यांच्या रू,mr,unknown,male
004333.wav,यावर अधिकारवाणीने कुणी सायकोलॉजिस्ट सायकायट्रिस्ट यांच्यासारखे तज्ञ अधिक प्रकाश टाकू शकतील.,mr,unknown,female
010505.wav,"कशाला तोटा नव्हता, चांगले ल्यायला, चांगले खायला होते.",mr,unknown,female
003111.wav,भुतेंप्रेते आहेत आणि ती केव्हांही तुला त्रास देऊं शकतील.,mr,unknown,female
005821.wav,त्याचप्रमाणे समाजाचं प्रतिबिंब चित्रपटात पडते अस म्हणतात.,mr,unknown,male
001018.wav,"मनूला काही समजेना, तो वेड्याप्रमाणे बघू लागला.",mr,unknown,female
006378.wav,भारताचे अमेरिकेतील राजदूत रोनेन सेन या वेळी उपस्थित होते.,mr,unknown,male
000182.wav,"नमस्कार, मी विद्यार्थाना अतिशय चांगल शिक्षण देईन, चांगले संस्कार लावेन असे मी आश्वासन देतो, मला नोकरी द्या.",mr,unknown,female
006051.wav,मग हीच मंडळी मुंबई केंद्रशासित करावी अशी मागणीही करतील.,mr,unknown,male
001929.wav,स्वत:च्याच पुतळयाकडे पाहून तुमच्या नयनांतून घळघळ अश्रू ओघळले.,mr,unknown,female
006953.wav,लवकरच मुंबई येथे हजर होऊन क्राईम ब्रॅंचला काम करण्याची इच्छा आहे.,mr,unknown,male
000351.wav,ते गाव त्यांच्या वस्तीपासून बरेच दूर होते.,mr,unknown,female
006857.wav,एअरलाइन्स आणि ट्रॅव्हल एजन्सीतील डेस्क स्टाफसाठी मूलभूत स्वरूपाच्या अल्प मुदतीच्या अभ्यासक्रमांचाही यात समावेश आहे.,mr,unknown,male
002202.wav,तुच्छतेनं थुंकायचे आणि गाडा जवळ आला,mr,unknown,female
005051.wav,माझी एकमात्र इच्छा आहे की आता तरी तू विचार बदलावास.,mr,unknown,male
001935.wav,"अर्जुनाला कुणीही स्पर्धक राहू नये, तो सर्वश्रेष्ठ धनुर्धारी असावा, यासाठी तुम्ही असं केलंत.",mr,unknown,female
003530.wav,गर्भनिरोधन गर्भप्रतिबंध इतिहास आरोग्यविद्या भारतवैद्यक संस्था डॉक्टरांचे योगदान असते.,mr,unknown,female
008258.wav,जग म्हणजे एक भयाण वस्तू आहे असे त्याला वाटले.,mr,unknown,male
006391.wav,"डोळ्यांच्या विविध तक्रारीवर युफ्रेसिया, आर्जेंटम नायट्रीकम, नॅट्रम आर्सेनिकम, स्टॅफिसॅग्रिया अशी विविध औषधे वापरता येतात.",mr,unknown,male
009472.wav,ती काय बोलत होती ह्याकडे माझ पूर्ण लक्ष होत.,mr,unknown,male
004852.wav,आपल्या विवाहात अडथळा घालणार्‍या गणेशावर कुमारस्वामींच्या मनात रोष होता.,mr,unknown,male
006077.wav,"त्यांनी फक्त मार्क्स, शीलर, दुर्‍खाइम, फ्रॉईड, युंग, सॉस्सूर या जागतिक मानवशास्त्रज्ञांचा हवाला द्यावा.",mr,unknown,male
000565.wav,आपल्या मुलालाही नेहमी खरे बोलण्यास तिने शिकविले होते.,mr,unknown,female
001583.wav,भुवनचे आईबाबा बंगलोर सारखे मोठे शहर सोडून चिकमंगळूर सारख्या छोट्या गावी राहायला आले.,mr,unknown,female
009555.wav,"पण माझी बदके तर खुप लहान आहेत आणि ते दररोज नदी पार करतात, त्यांचे पाय तर तुमच्या घोड्यापेक्षा खुप लहान आहेत.",mr,unknown,male
002176.wav,त्रिंगलवाडी गावापर्यंत इगतपुरी घोटीत्रिंगलवाडी अशी जीप सेवा देखील उपलब्ध आहे.,mr,unknown,female
005885.wav,अगं काल खूपच अर्धे डोके दुखायला लागले त्यामुळे मी जाम वैतागले होते.,mr,unknown,male
002541.wav,रावण नित्य संवयीप्रमाणे प्रातःकालीच त्या सरोवरांत स्नानसंध्या आटोपून शंकराच्या पूजेसाठी कमळें आणायला गेला.,mr,unknown,female
006497.wav,"मात्र, या मार्गांकडे त्यांचेही दुर्लक्ष झाले आहे.",mr,unknown,male
004882.wav,मी असं काय पाप केलं की मला इतक्या अन्यायाने हे लोक मारहाण करतात,mr,unknown,male
007982.wav,आजी आजोबांचे औषध पण झाडांपासून बनते.,mr,unknown,male
002708.wav,म्हणजे तुझी चूक सुधारण्याचा प्रयत्न तू करशील.,mr,unknown,female
003373.wav,एक शे डनॅईंग पिनचे डोके पसरट ठेवलेले असते.,mr,unknown,female
010801.wav,"तू गुणी मुलगा आहेसच परंतु सर्व मित्रांना मदत करायला आणि त्यांच्या बरोबर जुळवून घ्यायला तुला शिकलेच पाहीजे, त्यामुळे तू सर्वात 'बेस्ट' होशील.",mr,unknown,female
002229.wav,जवळ च असलेला रंधा फॉल तब्बल पंचेचाळीस मीटर उंचीवरून खाली कोसळतो.,mr,unknown,female
001116.wav,"राणी म्हणाली, मी आपल्या इच्छेविरुद्ध नाही, मनाला कसेसेच वाटते हे खरे, तरी पण मुलीचे कल्याण होईल, तेच केले पाहिजे.",mr,unknown,female
005730.wav,"गंध फुलातील तुझा, ओजवू कसा मी",mr,unknown,male
004939.wav,त्याने विष्णूवर विजय मिळविण्याची प्रतिज्ञा केली.,mr,unknown,male
005460.wav,ते दोघे कोट्याधीश जीवश्‍च मित्र होते.,mr,unknown,male
004460.wav,इस्लामाबादमधील क्षोभाचा अण्वस्त्रप्रकल्पावर कांहींच परिणाम झाला नाहीं.,mr,unknown,female
006120.wav,कारण लहानपणापासून शिकल्यामुळे आपले विचार व्यक्त करणे सोपे जाते.,mr,unknown,male
005637.wav,आपण दोघं त्या कागदी नावेवर बसलो होतो,mr,unknown,male
008691.wav,मी मात्र तुला बर नसतांनाही खायला करायचा हटट केला.,mr,unknown,male
009352.wav,हा खोडकर कावळा कोणालाच आवडायचा नाही.,mr,unknown,male
003430.wav,म्हणून भाजण्याच्या जखमांवर सगळयात महत्त्वाचा प्रथमोपचार म्हणजे साधे पाणी ओतणे.,mr,unknown,female
000822.wav,अशा प्रकारे तिने राजकुमाराचे प्राण वाचवले.,mr,unknown,female
002064.wav,"शंख शांतपणे म्हणाला, म्हणजे लिखिता तू चोरी केलीस झाडाच्या मालकाला न विचारता आंबा तोडलास.",mr,unknown,female
002273.wav,त्यांच्या तपश्चर्येच्या तापाने त्रिभुवन तप्त झाले.,mr,unknown,female
006700.wav,पोलिसांनी चौघांनाही उपचारासाठी बांबोळी येथे गोमेकॉत दाखल केले आहे.,mr,unknown,male
000082.wav,ठरल्या ठिकाणी अगदी वेळेच्या आधीच पोचायची माझी सवयच होती.,mr,unknown,female
001324.wav,काही दिवसांनी नीतूची मैत्रिण शामलीने लाल रंगाची नवीन स्कूटर आणली.,mr,unknown,female
009662.wav,आपल्या राजधानीच्या जवळच रानामध्ये एका झोपडीत आत्मानंद महाराज राहतात.,mr,unknown,male
009316.wav,"मी कुठे आहे, मला काय झालंय, आपण कोण आहात शर्माजी अडखळत कष्टाने बोलत होते.",mr,unknown,male
001615.wav,भुवनने चक्क मोठी सायकल चालवून बघितली.,mr,unknown,female
002698.wav,झाडावरून शव खाली ओढून त्याने ते खांद्यावर घातले व नेहमीप्रमाणे तो स्मशानाकडे झपाझप चालू लागला.,mr,unknown,female
000832.wav,"नरकचतुर्दशी व लक्ष्मीपूजन, नरकचतुर्दशी हा दिपावलीतील एक दिवस आहे.",mr,unknown,female
010911.wav,"सूर्य प्रथम उबदारपणे प्रकाशू लागला, तसा प्रवासी शांत झाला, त्याने बाहेरचे लपेटलेले वस्त्र बाजूस सारले.",mr,unknown,female
006221.wav,मंत्रालयातील उच्चपदस्थ मराठी अधिकरी हिन्दीइंग्रजी भाषेलाच अनुकूल आहेत.,mr,unknown,male
002421.wav,त्याच वेळी परशुराम प्रलयकाक्ष रुद्राचा अवतार धारण केल्यासारखा संतापून आला.,mr,unknown,female
005961.wav,याला विनाशकाले विपरीत बुद्धि म्हणता येईल.,mr,unknown,male
010054.wav,"तेच अमृत वाहत जाऊन समुद्राला मिळाले, त्या ओघाला प्रवरा नदी असे म्हणतात.",mr,unknown,male
002834.wav,कोणत्याही विषयाचा अगदी सखोल विचार करणें अतिशय जरूरीचे असते.,mr,unknown,female
010592.wav,आंधळा मागतो एक डोळा आणि देव देतो दोन डोळे अशातली आमची अवस्था झाली.,mr,unknown,female
010591.wav,"तो फोन होता संजीव पिल्लेचा, जो टेलिफोन ऑपरेटर म्हणून काम करतो.",mr,unknown,female
010416.wav,ब्रह्मचर्याश्रम सोडून गृहस्थाश्रमात तू आता प्रवेश कर; विवाह करुन सुखाने नांद.,mr,unknown,female
001650.wav,मुलांनी मोठयाने हो म्हटले आणि उडया मारत डोंगर उतरायला सुरूवात केली.,mr,unknown,female
004922.wav,या शब्दात नारदाने विष्णूला शाप दिला.,mr,unknown,male
004680.wav,पण त्याने गुहराजाला दोष दिला नाही.,mr,unknown,male
004478.wav,आणि अश्या स्फुर्तिदायी मुलीचे नाव होते विल्मा रुडॉल्फ,mr,unknown,female
005690.wav,बायको लग्नापासून नुसतीच धमकी देतेय आत्महत्येची,mr,unknown,male
008095.wav,त्यासाठीच विधीनिषेध आहेत.,mr,unknown,male
008395.wav,"शबरीला पित्याच्या स्वाधीन करताना त्याने तिला शेवटचा उपदेश केला, देव तुझे मंगल करो व तुला सत्पथावर ठेवो.",mr,unknown,male
003773.wav,अशा एका भूखंडाचा पहिला भाडेकरी मेस्त्री दिओगो हा होता.,mr,unknown,female
008249.wav,"हातून पाप झालं तर कदाचित दु:खाच्या लहरीत, उदासीनतेच्या लहरीत, वेडाच्या लहरीत केलं असशील हे पाप.",mr,unknown,male
006786.wav,चुटकीवजा इशारे व इतर खाणाखुणाच त्याला पुरेशा आहेत.,mr,unknown,male
002690.wav,ते दोष जर तू सुधारले नाहीस तर त्यांत तुझेच नुकसान आहे.,mr,unknown,female
005283.wav,पण त्याने हे निदान स्वतःजवळच ठेवले व तो बादशहाला गंभीरपणे म्हणाला.,mr,unknown,male
008467.wav,"माझी आई सर्व भावंडात मोठी होती, तिच्या आईबापांचे तिच्यावर फार प्रेम होते.",mr,unknown,male
000750.wav,"त्यांच्यावर आक्रमण करून गेलेले वैभव मिळवणे अशक्य आहे, मग आता भक्तीने त्यांना वश केले पाहिजे.",mr,unknown,female
006373.wav,यापूर्वी माझे तीन महिन्यांचे ऍबॉर्शन करावे लागले होते.,mr,unknown,male
002374.wav,देवादानवांनी मिळून क्षीरसागराचे मंथन केले आणि समुद्रांतून अमृत निघाले.,mr,unknown,female
002443.wav,असे म्हणत जवळ घेतले व ‘कल्याणमस्तु!,mr,unknown,female
009405.wav,देवळाच्या भिंती आणि छप्पर हलू लागले.,mr,unknown,male
004925.wav,ती पेटी तरंगत जाऊन जमिनीला लागली व भूगर्भात शिरून कोठे तरी अदृश्य झाली.,mr,unknown,male
002759.wav,वाघांवरुन उतरुन ते सरळ अरण्यमलाकडे येउं लागले.,mr,unknown,female
006956.wav,"सैन्य माघारी घेतलेच पाहिजे, असा डेमोक्रॅट्‌सचा हट्टाग्रह आहे.",mr,unknown,male
010397.wav,"शबरी हळूहळू वयाने वाढत होती, मनाने वाढत होती, सत्य, दया, परोपकार यांचे ती धडे घेत होती.",mr,unknown,female
009163.wav,त्यासाठी ते निरनिराळया युक्त्या प्रयुक्त्या लढवित.,mr,unknown,male
006068.wav,"प्रथम स्थान इंग्रजीला द्यायला आपण काय इंग्लंड, अमेरिकेत राहत नाही.",mr,unknown,male
006968.wav,विशेषतः स्थानिक पातळीवर लोकप्रतिनिधींची लुडबूड वाढण्याची शक्‍यता आहे.,mr,unknown,male
006389.wav,धर्मेंद्र अन्य चित्रपटांत फारसा बिझी झाला नसता तर?,mr,unknown,male
009646.wav,"त्यावर कूत्तन म्हणाला, तुझ्यापुढे मी काजवा आहे.",mr,unknown,male
005154.wav,अरण्यमल गादीवर बसून एक वर्ष झाले.,mr,unknown,male
008604.wav,त्यामुळे त्याही कोयींना कोंब फुटण्याची वाट पहात होत्या.,mr,unknown,male
004950.wav,"छान, पण आता शंभरीच्या वयाला तू नवीन रोपे का लावतो आहेस",mr,unknown,male
005004.wav,तेंव्हा प्रेतांत लपलेला वेताळ राजाला म्हणाला.,mr,unknown,male
009361.wav,चिमणी आतून म्हणाली 'थांब माझ्या बाळाला झोपवते'.,mr,unknown,male
010050.wav,ते पाहून देव व दैत्य त्याचा नाश करण्याचा प्रयत्न करू लागले.,mr,unknown,male
005378.wav,त्यावेळी त्यांच्या भावाच्या डोक्यात एक दृष्ट विचार आला.,mr,unknown,male
001140.wav,"ती आपल्या भक्तांना काही उणे पडू देत नाही, ही उषादेवी किती सुंदर, पवित्र व धन्यतम अशी आहे.",mr,unknown,female
008668.wav,साठवलेल्या पैश्यातून तिच्यासाठी छोटेसे गिफ्ट आणि आवडीचे मोगर्‍याचे गजरेही आणणार आहोत.,mr,unknown,male
002232.wav,वाल्मिकींनी शास्त्रोक्त विधीने त्यांची पूजा केली आणि विचारले.,mr,unknown,female
002165.wav,बिचारा रड रड रडला अन् घरी येऊन झोपी गेला.,mr,unknown,female
002887.wav,"आपल्या मिशांवर हात फिरवीत, शड्डू ठोकत ते ओरडले.",mr,unknown,female
007251.wav,"त्यांना प्रश्‍न पडतो, रथातील देवाला दुसर्‍या गावाला कसे पोहोचवायचे ?",mr,unknown,male
007701.wav,"डोळे मिटून ब्रह्मसुखाचा अनुभव घेत शमीक ऋषी समाधी लावून बसलेले, त्यांना बाह्य जगाचा अगदी विसर पडलेला!",mr,unknown,male
002778.wav,त्या चोराचे बोलणे ऐकून खड्ग व जीवदन्त बुचकळयांत पडले.,mr,unknown,female
007013.wav,असाच परिणाम घरात जेव्हा आपण पेस्ट कंट्रोलसाठी कीटकनाशक फवारतो तेव्हा होतो.,mr,unknown,male
008540.wav,"आई, आज शामलीच्या बाबांनी तिच्यासाठी मोठी लाल स्कूटर आणली.",mr,unknown,male
001571.wav,"गिफ्ट देण्यासाठी दोघांनीही तिला डोळे बंद करायला सांगितले, नीना खूपच उत्सुक होती.",mr,unknown,female
000173.wav,"निश्चींतपणे जा, तुमचा घोडा नदी सहज पार करु शकेल.",mr,unknown,female
000640.wav,प्रत्येक प्राण्यात ईश्वराचा हा अंश असतो.,mr,unknown,female
006998.wav,प्रत्येक गोष्ट प्लान आउट होत होती.,mr,unknown,male
002088.wav,आपण जोरात हिसका देऊन मिठी सोडवलीत व ओढतच मला पाण्याबाहेर काढलंत.,mr,unknown,female
003129.wav,रस्ता अधिक रुंद व जास्त टिकाऊ करावा लागतो.,mr,unknown,female
002401.wav,मत्स्यावतार आपल्या चारही कल्ल्यांनी पोहत आणि शेपटी पाण्यावर आपटीत वेगाने लाटांना कापीत खोल निघून गेला.,mr,unknown,female
005506.wav,सुटला कधी ना ताल ठेका धरीत गेले,mr,unknown,male
001144.wav,"गाईगुरे बांधली होती, हरिणपाडसे शिंग अंगात खुपसून निजली होती.",mr,unknown,female
007627.wav,"मुनीवर्य, आपणासारख्या भगवत भक्ताचं दर्शन झालं, मी धन्य झाले.",mr,unknown,male
007925.wav,आपल्या हक्कासाठी न भांडणार्‍या व तरीही दुसर्‍याचे हक्क मानणार्‍या नाभाने आपले नाव वेदांत अमर करून ठेवले आहे.,mr,unknown,male
005941.wav,गृहदशा आणि ग्रहदशा यातील फरक कळला नाही तर पंचाईतच.,mr,unknown,male
009179.wav,"घरी करती सवरती ती आईच, त्यामुळे डोळयाच्या शस्त्रक्रियेसाठी लागणारा पैसा जमत नव्हता.",mr,unknown,male
003888.wav,सुस्तावणारी एक सुन्न दुपार आत्मा अनात्म्यात दंगल माजल,mr,unknown,female
001833.wav,साप त्यामुळे अगदी वेडापिसा झाला.,mr,unknown,female
006170.wav,उद्धव ठाकरे यांच्या नेतृत्त्वाचा व कार्यपद्धतीचा विषय उकरून काढला व बाहेर पडण्याचे कारण शोधले.,mr,unknown,male
004304.wav,डोक्यात येणारी कामांची यादी ही आपण कुठे रहातोय यावर अवलम्बुन नसावि.,mr,unknown,female
010910.wav,"अखेर कंटाळून जाऊन वा-याने आपण हरल्याचे कबूल केले, व त्या प्रवाशाला सूर्य नारायण कसे काय वागवतील, ह्या उत्सुकतेने वायुराज गंमत पाहू लागले.",mr,unknown,female
008329.wav,"ऋषिपत्नी म्हणाली, राजा, निश्चिंत रहा, ही माझीच मुलगी मी समजेन, मी तिला मजजवळ घेऊन निजेन, तिची वेणीफणी करीन.",mr,unknown,male
005988.wav,विद्यालयीन शिक्षणाचे माध्यमिक व महाविद्यालयीन असे दोन स्तर आहेत.,mr,unknown,male
004827.wav,कार्तिकेयाने हाताची मूठ वळवून गणपती वर ठोसा उगारला तेव्हा गणेशाने आपल्या सोंडेने त्याचे मनगट धरले.,mr,unknown,male
004973.wav,त्यांनी हिंदी व पंजाबी भाषेत पण काही कविता लिहिल्या.,mr,unknown,male
009982.wav,"साकमश्वाला ह्या कोड्याचे वेडच लागले, त्याने निश्चय केला, की मी हे कोडे जिंकीनच.",mr,unknown,male
000835.wav,"हिरण्यमयी, तेजस्वी, जीवनपोषक व चैतन्यमयी अशा लक्ष्मीला आणून तिचे गृहात वास्तव्य करणे व पूजन करणे म्हणजे लक्ष्मीपूजन.",mr,unknown,female
002487.wav,मी रक्षण कर म्हणताच आलास आणि माझ्या रक्षणार्थ मत्स्यावतार धारण केलास.,mr,unknown,female
008204.wav,"मनू विणकर होता, विणण्याची कला त्याच्या बोटांत होती.",mr,unknown,male
004739.wav,वसिष्ठ ऋषी तुझा राज्याभिषेक करणार आहेत.,mr,unknown,male
005475.wav,"देशाच्या इतर भागात, ह्या खेळाला पिट्ठु हरियाणा उत्तरी राजस्थान, किंवा सितोलिया राजस्थान किंवा गुजरात म्हणतात.",mr,unknown,male
004011.wav,महाराष्ट्रात कोठेही स्टॉल लागला की आमच्या स्टॉलचा पहिला किंवा दुसरा नंबर येतो.,mr,unknown,female
005546.wav,मनाला मेंदुच्या चाकोरीतून बाहेर काढण्याचे श्रेय पण त्यांनाच,mr,unknown,male
010884.wav,"तुझ्या पोटातलं थोडस पाणी पितो आम्ही, पण तशीच सावली ही देतो तुला.",mr,unknown,female
000820.wav,जेव्हा यम राजकुमाराच्या खोलीत सर्परुपात प्रवेश करण्याचा प्रयत्न करतो तेंव्हा त्याचे डोळे सोन्या चांदीने दिपतात.,mr,unknown,female
000066.wav,एक माणूस परीस शोधायला निघाला.,mr,unknown,female
004210.wav,औषधात त्वकदुष्टीवर आणि रक्तदुष्टीवर काम करणारी औषधे घ्यावीत.,mr,unknown,female
009070.wav,एका संध्याकाळी एक वृध्द मनुष्य नदीच्या काठी थंडीत कुडकुडत बसला होता.,mr,unknown,male
002025.wav,धन्नाशेटचा मुलगा राम अगदीच आळशी.,mr,unknown,female
005157.wav,वाघावरुन उतरुन ते सरळ अरण्यमलाकडे येउ लागले.,mr,unknown,male
000355.wav,त्याला दिवसा जाण्यात काहीच वाटत नसे.,mr,unknown,female
004843.wav,"हे बघ, कुमारस्वामीला शरवणसरोवराने जन्म दिला आहे.",mr,unknown,male
006837.wav,"होस्टेलजवळ घुटमळून मैत्रिणी गटवायच्या, त्याही तोंडाला स्कार्फ गुंडाळून मजा करायला तयार.",mr,unknown,male
009994.wav,असे म्हणून थेट प्रियमेधापर्यंत सर्व पूर्वजांची त्याने नावे घेतली.,mr,unknown,male
001809.wav,"नकटया, चपटया नाकाचे, अंगावर केस असलेले ते पिलू मजेशीर दिसत होते.",mr,unknown,female
008116.wav,"स्वभावदोष अन् अहं यामुळे मानसिक प्रदूषण होते, तर दुर्जन शक्तीमुळे आध्यात्मिक प्रदूषण होते.",mr,unknown,male
006335.wav,"अ चा आ, उडवी शत्रुचा धुव्वा",mr,unknown,male
007304.wav,त्याचाशी बोलत असतानाच अचानक खांद्यावर भक्कम अशी थाप पडली.,mr,unknown,male
008893.wav,गावात आलेले पाहुणे मुद्दामहून हा डोंगर पाहायला जायचे.,mr,unknown,male
007177.wav,या पावसात आणि वाऱ्यात परिसरातील पोल्ट्री फॉर्मचेही मोठे नुकसान झाले.,mr,unknown,male
005207.wav,"लवकरच, आम्ही एक प्रचंड भूभागाला लागलो.",mr,unknown,male
008807.wav,"भुवनने आनंदाने आपली मान हलवली, तिने तथास्तु म्हटले.",mr,unknown,male
007559.wav,त्यामुळे तो आनंदाने शाळेत जाई.,mr,unknown,male
000473.wav,"पण भक्ती म्हणाली, मी शांत राहते, पण हे ज्ञान आणि वैराग्य मृत्युपंथाला लागले आहेत.",mr,unknown,female
010533.wav,आज नीतू खूपच आनंदात होती कारण तिच्या शहाण्यासारख्या वागण्यामुळे तिला तिच्या आवडीचे गिफ्ट मिळाले होते.,mr,unknown,female
003128.wav,नव्या इमारतींच्या किंमती अधिक असल्याने त्यात राहणाया लोकांचे जीवनमानही उच्च असते.,mr,unknown,female
008525.wav,वास्तविक त्या दोन पक्ष्यांच्या चिवचिवण्याचा हा सोयीचा व केवळ काल्पनिक अर्थ त्या गोसाव्याने प्रधानाने आदल्या दिवशी त्याला केलेल्या मार्गदर्शनानूसार राजाला सांगितला.,mr,unknown,male
006352.wav,रुग्णसेवेचा वसा घेतलेल्या नर्सचे केवढे हे क्रौर्य.,mr,unknown,male
007163.wav,मोर्चातर्फे निवासी उपजिल्हाधिकारी डॉक्टर भाऊसाहेब दांगडे यांना निवेदन देण्यात आले.,mr,unknown,male
009346.wav,बुध्दिचा वापर केला तर जीवनात यशस्वी होता येते.,mr,unknown,male
009955.wav,गौतमांनी त्याला दुरून पाहिल्यावर त्यांना सर्व प्रकार कळून आला.,mr,unknown,male
000869.wav,भाउ मग ओवाळणीचे ताटात ‘ओवाळणी‘ टाकुन बहिणीचा सत्कार करतो.,mr,unknown,female
003992.wav,या धुळवडीत लोकशाहीचा सूर्य या गरिब मंडळींनी दिसला नाही तर त्यात नवल वाटण्यासारखे काय आहे?,mr,unknown,female
009249.wav,स्वकष्टाची कमाई तीच खरी कमाई.,mr,unknown,male
009428.wav,सर्व जण त्याला चंदनतैलादी लावून आंघोळ घालतात.,mr,unknown,male
001507.wav,मोंटू दातांचे बोलणे ऐकून अधिकच ओशाळला.,mr,unknown,female
006232.wav,वसाहतीत चांगल्या शाळा व क्रिडांगणे यांची तरतूद कशी होईल याचा नव्याने विचार व्हायला हवा.,mr,unknown,male
010798.wav,रात्री घरी जाऊन त्याने परीला बोलावले पण ती काही आली नाही.,mr,unknown,female
008962.wav,विसाव्यासाठी त्यांनी तिथेच बसकण मारली.,mr,unknown,male
004588.wav,त्याच्या वाक्यावाक्यातून मराठीचा जाज्वल्य अभिमान मायक्रोवेव्हमधल्या पॉपकॉर्न सारखा उसळत होता.,mr,unknown,female
007229.wav,"पुजारी तर देवाला काहीच देत नाही, तरी त्याला देव कसा दर्शन देतो.",mr,unknown,male
006848.wav,"दरम्यान, मिळालेल्या माहितीनुसार ड्राय डेचाही फटका या वसुलीला बसला आहे.",mr,unknown,male
002771.wav,"स्वर्णाचारीने घाबरण्याचं नाटक करत म्हणलं, “नायकजी, मला सिंहाचा आहार बनवण्यासाठी त्याच्यापुढें फेकून द्या!",mr,unknown,female
010218.wav,"सायगावची एक विशिष्ट परंपरा होती, त्या गावचे लोक कधी राजाकडे न्याय मागायला जात नसत.",mr,unknown,female
006811.wav,पर्यटन मोसमात किनारपट्टीवर शॅक्‍स उभारण्यास परवानगी देण्यात आल्याने तेथील वाळूची धूप होते.,mr,unknown,male
008096.wav,सनातन हिंदु धर्मियांचा आचार निसर्गाला समृद्ध करणारा असतो.,mr,unknown,male
004743.wav,जलाशय दोन्ही बाजुंनी गाढ जंगलाने आच्छादित असतात.,mr,unknown,male
001076.wav,"त्याच्या पाठोपाठ भारद्वाज, मतंग, अत्रि प्रभृत्री ऋषी येऊ लागले व आपापले आश्रम रमणीय अशा ठिकाणी स्थापू लागले.",mr,unknown,female
007169.wav,होटगी रस्ता येथील कंबर तलावाजवळील विजेचे खांब वाऱ्यामुळे खाली पडले.,mr,unknown,male
010230.wav,"जीवनात त्याला अर्थ वाटेना, कोणासाठी जगावे, का जगावे ते त्याला कळेना, परंतु विनूमुळे तो वेडा झाला नाही.",mr,unknown,female
008859.wav,तिला कुठल्याही गोष्टीला नाही ऐकाण्याची सवय नव्हती.,mr,unknown,male
003210.wav,विद्युत शक्तिने तर जगाचे स्वरूपच पालटून टाकले.,mr,unknown,female
005633.wav,ही व्याकुळता धरून ठेवणार आहेस तू,mr,unknown,male
008132.wav,"हे क्रौर्य, हे कत्तलखाने बंद करा, म्हणजे भूकंप व्हायचे नाहीत.",mr,unknown,male
005197.wav,नरभक्षक तुझ्या सरदाराला कच्चा खातील की भाजून खातील हे आपण नंतर बघू.,mr,unknown,male
010361.wav,"आश्रमात गाई होत्या, गाईंच्या वासरांबरोबर शबरी खेळे, उड्या मारी.",mr,unknown,female
005741.wav,बोलतो कोण ऐकतो कोण ईशाऱ्यातील भाषा सारी,mr,unknown,male
004703.wav,मी त्यांची अनुज्ञा घेऊन तुझ्या राज्याचे रक्षण करीन.,mr,unknown,male
009465.wav,"अनेकांची नावं घेतली, पण नकारार्थी हुंकार कानावर पडले.",mr,unknown,male
002380.wav,शंकराला मुलगा झाला पाहिजे व त्याच्या हातीच तारकासुराचा वध होईल!,mr,unknown,female
010528.wav,"सुचतो आहे का तुम्हाला एखादा उपाय, तो गोसावी याप्रमाणे म्हणताच त्या चतुर प्रधानाच्या मनात काहीतरी कल्पना आली.",mr,unknown,female
001603.wav,शाळेत गेल्याबरोबर त्याने चित्रकलेच्या वृंदा मॅडमला सांगितले की बर वाटत नसल्यामुळे त्याला स्पर्धेत भाग घ्यायचा नाहीये.,mr,unknown,female
006993.wav,"त्यात ऑर्गन, ऍसिटिलीन आणि नायट्रस ऑक्‍साइड या वायूंचा उपयोग केला जातो.",mr,unknown,male
000074.wav,प्रत्येकाच्या जीवनात एकदा तरी परीस येत असतो.,mr,unknown,female
004901.wav,दक्षिणेकडील महासागरात बली येतो त्याचे द्वार म्हणून दक्षिण दिशेला एक दीप लावतात.,mr,unknown,male
004458.wav,"त्याचा अगदी तिशीतला मालक दुकानाच्या नावाप्रमाणेच अजस्त्र, अगडबंब आकाराचा ढेरपोट्या होता.",mr,unknown,female
005275.wav,पैशांच्या व्यवहारांत लिखित स्वरूपातील पुरावा असणे अत्यावश्यक असते.,mr,unknown,male
008067.wav,द्वितीयेचा चंद्र आकर्षक व वर्धमानता दाखवणारा आहे.,mr,unknown,male
003429.wav,तसेच अंतर्गत तपासणीत लिंगसांसर्गिक आजारांच्या काही खाणाखुणा आढळल्यास तज्ज्ञांकडे पाठवावे.,mr,unknown,female
005293.wav,अंतरिक्ष यानाने खाली उतरण्यास सुरवात केली आणि आम्ही सर्वजण स्तब्धबणे उभे राहुन त्याला बघत होतो.,mr,unknown,male
001102.wav,मुलगी काळीसावळीच होती; पण तिचा चेहरा तरतरीत होता.,mr,unknown,female
005665.wav,कोणाचीच कशी दमछाक होत नाहीये,mr,unknown,male
010441.wav,"जगात फक्त आईबापच शिकवतात, असे नाही, आजूबाजूचे सारे जग, सारी सजीव-निर्जीव सृष्टी शिकवीत असते.",mr,unknown,female
007026.wav,महिला मतदार तीन पूर्णांक चार लाख असून पुरूष मतदार तीन पूर्णांक चार लाख आहेत.,mr,unknown,male
000314.wav,त्यामुळे अल्लाउद्दीन संतापला आणि प्रचंड सैन्यानिशी देवगिरीवर चालून गेला.,mr,unknown,female
005774.wav,गुढीपाडवा हा साडेतीन शुभमुहूर्तांपैकी एक मानला जातो.,mr,unknown,male
003558.wav,"त्यांतही पचनसंस्था, श्वसनसंस्था, त्त्वचा यांचे आजार मोठया प्रमाणावर असतात.",mr,unknown,female
005616.wav,नकळत येणाऱ्या आठवणींना हे हसू आवरेनासं होतं.,mr,unknown,male
010261.wav,"आपला मित्र तरी आपणांस सहानुभूती दाखवील असे मनूस वाटत होते, परंतु तीही आशा का विफळ होणार.",mr,unknown,female
000119.wav,"कदाचित त्या मुलीच्या पदरात पुण्ण्याचा साठा जास्त असावा, म्हणून नियतीने हि भेट घडवून आणली असावी.",mr,unknown,female
002023.wav,"निरंतर सर्वांना सुख देतात, कारण स्वराचे अस्तित्व झ-यात आहे आणि झ-याचे अस्तित्व स्वरात आहे.",mr,unknown,female
010814.wav,"सर्वांनी आपल्या बॅगपॅक पाठीवर टाकल्या, टोप्या घातल्या आणि चढायला सुरूवात केली.",mr,unknown,female
007297.wav,अगदी योगायोगाने मी त्या दिवशी त्याच पोशाखात तिथे पोहोचलो होतो.,mr,unknown,male
008926.wav,हे ऐकून डोंगराला थोडासाच आनंद झाला.,mr,unknown,male
002035.wav,साहेबांनी आठ आणे हातावर ठेवले.,mr,unknown,female
008019.wav,आपला पुत्राने जीवनाची सर्व सुखे उपभोगावीत म्हणुन राजा व राणी त्याचे लग्न करतात.,mr,unknown,male
002857.wav,ह्या कर्तव्याने प्रेरित झाल्यामुळे शशांक नावाच्या एका तपस्वीची कथा मी तुला सांगणार आहे.,mr,unknown,female
009494.wav,"कधी नाही, ती त्या अनोळखी मुलीबद्ल, चिंता वाटू लागली, डोळेही किंचितसे पाणावले.",mr,unknown,male
004603.wav,साहूला काहीही क्लृप्ती न करताच एक विजय मिळाला होता.,mr,unknown,female
001220.wav,"सूर्यचंद्रांना माहीत असो वा नसो, त्यांच्या किरणांनी कमळे फुलतात, ही गोष्ट खरी.",mr,unknown,female
007603.wav,"ते म्हणाले, आम्ही चोर आहोत, तुमच्याजवळ जे काही असेल, ते आम्ही घेऊन जाणार होतो.",mr,unknown,male
008608.wav,"आई-बाबांना, मित्र-मैत्रिणींना सर्वांना ते कोंब दाखवून झाले.",mr,unknown,male
006740.wav,पण त्याने आपल्या स्विंग गोलंदाजीचा हिसका दाखवला व इंग्लंडला बाहेरचा दरवाजा दाखवला.,mr,unknown,male
004133.wav,एखाद्या पदाभिषिक्त सम्राज्ञीसारख्या आशाताई त्यावर स्वामित्व गाजवतात.,mr,unknown,female
002511.wav,तेव्हां जयविजय दोघे शहाणे असल्याचे ओळखून सनकसनंदादी मुनी विष्णूला म्हणाले.,mr,unknown,female
004399.wav,"ते सिडनहॅम कॉलेजात शिकत असताना पिस्तुलांचे देवाण घेवाण, पोहोचवणे वगैरे करत.",mr,unknown,female
009599.wav,चार पाच वर्षे त्याच्या लाकडाची विक्री झालीच नाही.,mr,unknown,male
010662.wav,ताप आलेला असतांनाही आपण आईशी किती वाईट बोललो हे आठवून त्याला खूप वाईट वाटले.,mr,unknown,female
005420.wav,सारथी घोड्यांना तबेल्यात घेऊन गेला आणि रथ राजवाड्याच्या आवारात उघड्यावर सोडून गेला.,mr,unknown,male
010676.wav,अशा वेळी त्याला अत्यंत रडू येत असे.,mr,unknown,female
006052.wav,"खेड्यापाड्यातील इंग्रजी विषयांचे अध्यापन म्हणजे भीक नको पण कुत्रे आवर, असे म्हणण्यासारखी स्थिती आहे.",mr,unknown,male
004376.wav,त्यांपैकी एक होता सिरियातून आलेला अर्नेस्ट हाम्वी.,mr,unknown,female
000178.wav,"पण माझी बदके तर खुप लहान आहेत आणि ते दररोज नदी पार करतात, त्यांचे पाय तर तुमच्या घोड्यापेक्षा खुप लहान आहेत.",mr,unknown,female
001644.wav,"तुमच्यात न दमता जर कोणी डोंगर चढला असेल तर तो आहे विनित, असं का माहिती आहे का, मुलांनी नाहीच्या माना डोलावल्या.",mr,unknown,female
010173.wav,"त्यानिमित्त यादिवशी जावयांस आहेर करतात, हा दिवस म्हणजे शरद ऋतुतील कार्तिक मासातील द्वितीया.",mr,unknown,male
009401.wav,"राजा रोज देवळात जायचा, देवासाठी सोन्याच्या ताटातून जेवण पाठवायचा, देवासाठी दानधर्म करायचा.",mr,unknown,male
004897.wav,हिरण्याक्षने विष्णूला चीड यावी यासाठी घोर कृत्ये करुन भूमीला घरंगळत नेऊन रसातल समुद्रात ढकलले.,mr,unknown,male
001375.wav,गैरसोय होत असल्यामुळे त्यांना थोडातरी प्रकाश पाहीजे.,mr,unknown,female
001721.wav,मग फुलबागेतली फुलं घेऊन मुलांनी तो अख्खा डोंगर फुलांनी सजवला!,mr,unknown,female
005906.wav,झुरताना मी तुझ्याचसाठी तु कुणावर भाळशील का,mr,unknown,male
004839.wav,अशी नवी म्हण आता रूढ होईल.,mr,unknown,male
002265.wav,पुष्कर क्षेत्रांत विश्वामित्रांनी घोर तपश्चर्या केली.,mr,unknown,female
000088.wav,"अनेकांची नावं घेतली, पण नकारार्थी हुंकार कानावर पडले.",mr,unknown,female
004886.wav,कित्येक राक्षस तो ताप सहन न झाल्याने तडफडून भस्म झाले.,mr,unknown,male
004344.wav,दुधिवरे खिंडीच्या आधीचा रस्ता हा लोहगडला जातो आणि पुढचा रस्ता पवनानगर.,mr,unknown,female
003383.wav,म्हणजे काही घटना घडली की त्या संदर्भातील स्मृती जागृत होतात.,mr,unknown,female
006995.wav,या शिक्षेवर अपील करण्यासाठी त्यांना एका महिन्याची मुदत देण्यात आली आहे.,mr,unknown,male
009520.wav,ब्र म्हणायचा अवकाश लगेच गाढवाचे नांगर फिरवतात.,mr,unknown,male
000404.wav,"त्यागराजने विचारले, कोणते दोन रक्षक, मी तर कोणालाही सांगितले नव्हते.",mr,unknown,female
004303.wav,इथल्या गोमूच्यासुद्धा नाखवा निघाला की डोळ्यात पाणी येत असेल.,mr,unknown,female
003351.wav,महाराष्ट्रातील कोयना धरण हे याचे उत्तम उदाहरण आहे.,mr,unknown,female
009553.wav,कसाबसा तो त्यातून सावरला आणि बाहेर येउन त्या मुलावर जोरात खेकसला.,mr,unknown,male
009497.wav,जर असेच काही असेल तर तिला ह्या सर्व प्रकारातून बाहेर काढण्याची जबाबदारी मी नक्की पार पाडेल.,mr,unknown,male
007317.wav,काही वेळ असेच अजागळ उद्गार काढून तो निघून गेला.,mr,unknown,male
008217.wav,"सकाळ झाली, प्रवासी मरून पडलेला दिसला.",mr,unknown,male
007878.wav,कक्षीवानाने त्याला दुरून धावत येताना पाहिले तेव्हा त्याच्या येण्याचे कारण त्याने ताडले.,mr,unknown,male
006957.wav,"सोवनींनी लिहिले नाही, असे नियतकालिक किंवा वृत्तपत्र शोधावे लागेल.",mr,unknown,male
009550.wav,"निश्चींतपणे जा, तुमचा घोडा नदी सहज पार करु शकेल.",mr,unknown,male
002457.wav,त्यांनी त्या माळा गणपतीला वाहिल्या व अष्ट सिद्धींनी गणपतीला वरले.,mr,unknown,female
004002.wav,"लंवगेचे चाटण, ज्येष्ठमधाचे चाटण जिरे व साखर तोंडात धरणे, पिंपळी अधिक काकडशिंगी घेणे",mr,unknown,female
008549.wav,"वाढदिवसाला तिचे सगळे मित्र मंडळी, आत्या आणि काकाही आला होता.",mr,unknown,male
002215.wav,गुंडयाचे काम अधिक कठीण आहे.,mr,unknown,female
001028.wav,"मनू उभा राहिला आणि म्हणाला, सर्व गावानं मला अपराधी ठरवलं आहे, परंतु मी निष्पाप आहे.",mr,unknown,female
010622.wav,"मला खात्री आहे आता मिठू आपल्याकडे नेहमीच येत जाईल, मिनूने आईला घट्ट मिठी मारली.",mr,unknown,female
001422.wav,"मैनेची हालचाल बघून मिनूला खूपच आनंद झाला, तिने मैनेचे नाव प्रेमाने मिठू ठेवले.",mr,unknown,female
002437.wav,पुत्रगणपतीची किंकाळी ऐकून पार्वती घाबरून पळत आली.,mr,unknown,female
008243.wav,"विनू उभा राहिला, तो म्हणाला, मनू माझा मित्र आहे, परंतु सत्याशी माझी अधिक मैत्री आहे, सत्याला मी कधी सोडणार नाही.",mr,unknown,male
008996.wav,"तेंव्हा त्या शेतक-याने सा-या मजुरांना घेऊन जवळच्या गावातील मोठया देवळात जाऊन शपथ घ्यायला लावायचे, असे ठरविले.",mr,unknown,male
009951.wav,प्राणदेवतेनेच ह्या पक्ष्याचे रूप घेतले होते.,mr,unknown,male
001279.wav,"खोत गावातील पिकांची आभावणी करतो, पिकांचा अंदाज करतो, याला पीक धरणे असे म्हणतात.",mr,unknown,female
007854.wav,इतर सर्व शिष्यांनी लाजेने माना खाली घातल्या.,mr,unknown,male
005787.wav,"एकोणीसशे चौऱ्याऐंशी साली दीदींनी लावलेले हे छोटेसे रोपटे अपगांना ट्राय सिकल, व्हीलचेअर पुरवणे.",mr,unknown,male
002761.wav,डाकूंच्या सरदाराने स्वर्णाचारी नांवाच्या एका वास्तुविशारदाला पकडले होते.,mr,unknown,female
006952.wav,हॅंग ह्युयान आता जगातील दुसऱ्या क्रमांकाची श्रीमंत युवा व्यक्ती ठरली आहे.,mr,unknown,male
006115.wav,हजारो वर्षांपूर्वी लिहिला गेलेला श्रवणबेळ्गोळ येथे गोमटेश्वराच्या पुतळ्याखाली मराठी भाषेतील पहिला शिलालेख आढळतो.,mr,unknown,male
008420.wav,"आई देह देते व मनही देते, जन्मास घालणारी तीच व ज्ञान देणारीही तीच.",mr,unknown,male
001979.wav,"एक हस्तलिखित निवेदन त्यांनी काढलं, इतर वर्गातूनही निधी जमला.",mr,unknown,female
001062.wav,"लांब लांब जाण्यासाठी मनू निघाला, जेथे त्याला कोणी खुनी असे म्हणणार नाही, मातृभूमीला रामराम करून, तेथे जावयास तो निघाला.",mr,unknown,female
010165.wav,"तो दिवस म्हणजे कार्तिक शुद्ध प्रतिपदा होय, या दिवशी विक्रम संवत सुरू होते.",mr,unknown,male
001426.wav,आता मिठूला चांगले उडता येऊ लागले होते.,mr,unknown,female
005472.wav,सर्वांची दृष्टी या हत्तीवरच खिळली आहे.,mr,unknown,male
010526.wav,"प्रधानाच्या या प्रतिप्रश्नान काहीसा ओशाळून तो गोसावी म्हणाला, 'प्रधानजी ! मला झेपेल अशी कोणतीही कामगीरी तुम्ही मजवर सोपवा.",mr,unknown,female
005525.wav,"सकाळी करकरीत इस्त्री करून घातलेला नेहरू शर्ट आणि पायजमा धावपळीत पार चुरगळला होता, मळला होता.",mr,unknown,male
001503.wav,"मी कुठे काय केले, मोंटू ओशाळून म्हणाला.",mr,unknown,female
010660.wav,"आई रोज सकाळ, दुपार, संध्याकाळ इतके पदार्थ कसे करत असेल, ते सुध्दा आपली अजिबातच मदत नसतांना.",mr,unknown,female
009385.wav,राजाने सांगितले आपणसुद्धा राजवाडा सोडून जाऊ शकता.,mr,unknown,male
003949.wav,पारंपारिक औषधांवर इतरत्र चाललेल्या विदर्भ येथील आदर्श गोसेवा व अनुसंघान केंद्राचे सहकार्य मिळत आहे.,mr,unknown,female
004642.wav,या महापुरुषाचा जीवन वृत्तांत खरोखरच ऐकण्याजोगा आहे.,mr,unknown,male
009402.wav,"राजाला वाटायचे, मी देवासाठी इतके करतो, तरी मला देवदर्शन का होत नाही.",mr,unknown,male
008510.wav,त्याने एका सेवकाला त्या गोसाव्याची राहण्या-जेवणाची चांगली व्यवस्था ठेवण्यास सांगितले.,mr,unknown,male
000679.wav,संगीताची जोड दिल्याखेरीज नुसते मंत्र पाठ करण्यात अर्थ नाही हे त्याने शोधून काढले.,mr,unknown,female
002578.wav,इथे त्याचा लोकांनी बघितलेला आणि नोंदलेला असा फक्त एकच चमत्कार सांगता येईल.,mr,unknown,female
004129.wav,देना बॅन्क चौकातील बर्फाचा गोळा फक्त उन्हाळ्यात असतो एक दोनदा मिळतो,mr,unknown,female
003099.wav,व आपल्या डोळ्यांना स्पर्श करुन नमस्कार केला.,mr,unknown,female
007094.wav,त्याचबरोबर या स्पर्धेसाठी खास नवे टर्फ बसविण्यात आले आहे.,mr,unknown,male
008636.wav,दुसर्‍या दिवशी सकाळी घरटयात जाऊन पाहिले तर मिठू तेथे नव्हती.,mr,unknown,male
004342.wav,बोरवेलचे काम म्हणजे शेताखेतातून हातात भली मोठी टूल बॅग घेऊन फिरायचं.,mr,unknown,female
005712.wav,मी तुझ्या चिमुकल्या विश्वातून हरवलोय केव्हाचा.,mr,unknown,male
000103.wav,"रंगाने गोरा, पर्सनैलिटी कि म्हणतात ती खूप छान होती.",mr,unknown,female
000958.wav,"अन्नाचे सेवन योग्य वेळेत केले नाही, तर देहाला अन्नशक्तीचा पुरेसा पुरवठा होत नाही.",mr,unknown,female
006394.wav,"दुःस्वप्न, वाईट व भीतिदायक स्वप्नांचा परिहार करते.",mr,unknown,male
008392.wav,"तुझी मुलगी आता उपवर झाली आहे, तरी तिला घेऊन घरी जा व तिचा विवाह कर.",mr,unknown,male
006867.wav,"त्यास ते कसे सामोरे जातात, हे या लघुपटात दाखविले आहे.",mr,unknown,male
001071.wav,"रावणासारखे राजे दक्षिणेकडून उत्तरेकडे येत होते, तर दुसरे संस्कृतिप्रसार करणारे धाडसी ऋषी विंध्यपर्वत ओलांडून दक्षिणेकडे येत होते.",mr,unknown,female
003934.wav,ब्रिटिशांच्या सार्वजनिक बांधकामाच्या धोरणाची परिसीमा ब्रिटिश राजवटीत व्हिक्टोरिअन पुनरुज्जीवित गॉथिकच्या भव्य युगांत दिसून येते.,mr,unknown,female
002689.wav,लोकांना प्रथम तो वेडा आहे असं वाटत असे.,mr,unknown,female
010872.wav,"डोंगराला वाटे, छोटी छोटी झाडं मोठी झाली की त्याचं जंगल होतं, त्यांच्या फळबागा होतात.",mr,unknown,female
007224.wav,"गावात एक शंकराची पिंडी होती, त्याचा एक पुजारी होता.",mr,unknown,male
009114.wav,"मला रडता आलं असतं, राग धरता आला असता, चिडचिड करता आली असती.",mr,unknown,male
003393.wav,संगणकात ही क्षमता आणण्यासाठी अशा आकृतीबंधाची कल्पना उपयोगी पडते.,mr,unknown,female
004787.wav,विष्णूला भूदेवीची कीव आली व त्याने दशावतारापैकी तिसरा अवतार वराहावतार धारण केला.,mr,unknown,male
007712.wav,"तोच समोर स्वत: शमीक ऋषी बसलेले त्याला दिसले, त्याला आनंद झाला.",mr,unknown,male
004116.wav,ती मला वॅन गॉच्या चित्रांसारखी पाहताक्षणीचं काळजाचा ठाव घेणारी वाटली नाही.,mr,unknown,female
003283.wav,यावर प्रमुख उपाय म्हणजे काटकसरीने ऊर्जेचा वापर व अशी साधने वापरणे जी कमीत कमी ऊर्जा वापरून जास्तीत जास्त कार्य करतात.,mr,unknown,female
010065.wav,"यात दैत्यांचे काहीतरी गुप्त कारस्थान आहे, असा संशय त्यांनी विष्णूकडे व्यक्त केला.",mr,unknown,male
006278.wav,तसेच बौद्धिक दृष्ट्या कमकुवत असलेल्या विद्यार्थ्याच्या बाबतीतही हाच प्रश्न उपस्थित राहतो.,mr,unknown,male
000419.wav,त्यांना पाहताच त्या तरुण स्त्रीला अतिशय आनंद झाला.,mr,unknown,female
007766.wav,फार प्राचीन काळी उत्तर हिंदुस्थानात जबाला नावाची एक गरीब मोलकरीण राहत असे.,mr,unknown,male
005528.wav,"या तांड्यात अनेक घडामोडी होत असतात, घडामोडी घडविल्या जात असतात.",mr,unknown,male
004227.wav,ट्रंक उघडून केनवुडचे मोठे चार स्पिकर्स न एक मोठ्ठा सब अनुमोदन.,mr,unknown,female
001948.wav,मनोमन अर्जुनाला वरूनही द्रौपदीला पाच पतींशी संसार करावा लागला आहे.,mr,unknown,female
002319.wav,कारण शेवटपर्यंत ते सतत तुझीच आठवण काढीत होते!,mr,unknown,female
007874.wav,"साकमश्वाला ह्या कोड्याचे वेडच लागले, त्याने निश्चय केला, की मी हे कोडे जिंकीनच.",mr,unknown,male
002300.wav,पण घोडे पुढे पाऊल टाकीत नव्हते.,mr,unknown,female
005467.wav,आपली सेवा करावी फक्त एवढीच इच्छा आहे!,mr,unknown,male
008638.wav,मिनूला कळून चुकले की आता मिठू आपल्याला परत कधीच भेटणार नाही.,mr,unknown,male
008355.wav,रोज रोज आकाशात येण्याचा व थंडीत कुडकुडण्याचा त्यांना त्रास नसेल का होत.,mr,unknown,male
000209.wav,एक दिवस त्या बकऱ्यांच्या कळपावर एका वाघाने आक्रमण केले.,mr,unknown,female
008720.wav,मात्र त्याने निश्चय केला दातांची काळजी घेण्याचा आणि दात घासायला बाथरुम मध्ये पळाला.,mr,unknown,male
009969.wav,"कोणतीही वस्तू पेटली, की तिचा थोडा तरी प्रकाश पडणारच.",mr,unknown,male
005366.wav,आता मात्र त्या भुताने एक अतिशय वाईट व अक्षम्य असे काम केले आहे.,mr,unknown,male
005175.wav,व वाघाच्या छातीत त्याने भोसकलेला सुरा रुतून बसला आहे.,mr,unknown,male
000529.wav,"शृंगीने होमशाळेतील कमंडलूमधून पाणी घेतले, ते भूमीवर टाकून ही शापवाणी उच्चारली, तेव्हा सर्व ऋषिकुमार भयभीत झाले.",mr,unknown,female
001234.wav,एके दिवशी असाच आग्रह चालला होता.,mr,unknown,female
000780.wav,आमच्या दारातला कडूनिंब खर तर मला अजिबात आवडत नाही.,mr,unknown,female
000723.wav,त्यांनी मंदराचल पर्वताची रवी व वासुकी सापाचा दोर केला व मंथन सुरू केले.,mr,unknown,female
010668.wav,बाबाही समाधानाने स्वयंपाकघरात जेवणाची पान घ्यायला वळला.,mr,unknown,female
005894.wav,प्रत्येक नात्याला एक संकल्पना एक विशिष्ट साचा असतो.,mr,unknown,male
005628.wav,आणि मी नकाराची भांग पचवून विश्वाला पाठमोरा,mr,unknown,male
001861.wav,खुप वर्षापूर्वीची गोष्ट आहे.,mr,unknown,female
009233.wav,धन्नाशेटचा मुलगा राम अगदीच आळशी.,mr,unknown,male
010465.wav,आपल्या सोबत्यांच्या जीवनकथा ऐकताना कधी कधी एकाएकी श्यामचे डोळे भरून येत असत.,mr,unknown,female
009276.wav,"लिखित राजाकडे गेला, घडलेली सर्व हकीगत सांगितली.",mr,unknown,male
003795.wav,काही वर्षांनी त्याला जोडून आवळा कॅण्डीचा उद्योग सुरु केला.,mr,unknown,female
001993.wav,आठवडाभरातच त्याला दवाखान्यातून सुटी मिळाली.,mr,unknown,female
002333.wav,"प्रजेला स्वतःच्या अपत्याप्रमाणे मानून तिचे पालन करतो, म्हणून तो प्रजेला पित्यासारखा असतो.",mr,unknown,female
006195.wav,महाराष्ट्राला उद्ध्वस्त करण्याचे दिल्लीचे प्रयत्न हाणून पाडले पाहिजेत.,mr,unknown,male
009935.wav,बैलाच्या रूपाने तो प्रत्यक्ष वायुदेवच बोलत होता.,mr,unknown,male
006464.wav,ही व्हॅन आपल्या स्टाफसह रात्री उशिरापर्यंत रात्री दाखल होणार आहे.,mr,unknown,male
008255.wav,"एके दिवशी रात्री सायगाव सोडून जाण्याचे त्याने ठरविले, तीव्र निराशेने तो घेरला गेला होता.",mr,unknown,male
003781.wav,पिण्यासाठी किंवा खाण्यासाठी बाळावर बळजबरी करणं धोक्याचंच असतं.,mr,unknown,female
002022.wav,"आणि तो झरा, तो स्वर, ती सृष्टी आजही तिकडे अशीच आहेत.",mr,unknown,female
003460.wav,पोलिओच्या थेंबामुळे-लसीकरणामुळे या विषाणूंना पुष्कळ प्रतिबंध झाला आहे.,mr,unknown,female
005649.wav,तू ही रे तू ही रे गाण्यावर,mr,unknown,male
002472.wav,"आई, छोटा अज्ञानी असू शकेल, पण तात अज्ञानी कसे असतील?",mr,unknown,female
007363.wav,"हे सर्वजण रात्री मला एकत्र भेटले, आजच्या माणसाची व्यथा ऐकुन रागाने पेटले.",mr,unknown,male
006081.wav,मग मराठी भाषेला व्यवहार जसा वाढेल तसतशी ती सामर्थ्यवान होईल.,mr,unknown,male
010810.wav,अनिकेत मात्र कोल्डड्रिंक्स आणि भलमोठं वेफर्सच पाकीट खात होता.,mr,unknown,female
005595.wav,अनन्यसाधारण अडचणींवर मात केल्यामुळे आपला आत्मविश्वास,mr,unknown,male
005666.wav,या प्रश्नाची अधांतरी उत्तरे मेंदूत धक्काबुक्की,mr,unknown,male
001397.wav,त्यामुळे त्याही कोयींना कोंब फुटण्याची वाट पहात होत्या.,mr,unknown,female
001490.wav,चॉकलेट खातांना त्याला मजा येत असे परंतु चूळ भरायला किंवा दात घासायला मोंटूला प्रचंड कंटाळा होता.,mr,unknown,female
005642.wav,इतिहासाच्या पानांना माझ्या संदर्भाचा उपयोग नाही,mr,unknown,male
002885.wav,त्यांपैकीं एक जखमी झाला आणि लंगडत लंगडत इतर सैनिकांच्या पाठोपाठ येऊं लागला.,mr,unknown,female
005667.wav,करताना हॉलमध्ये झुंबर पेटते आणि इंटरवल होतो.,mr,unknown,male
001043.wav,"परंतु ते कबूल करून गावाची क्षमा मागण्याऐवजी तू दंभ दाखवीत आहेस, काय याला म्हणावं.",mr,unknown,female
004611.wav,नाही तर बघा आमच्या शष्ठी च्या कार्यक्रमात प्रकाशित कराल.,mr,unknown,female
000574.wav,"जबाला विचारात पडली, छोट्या सत्यकामाला इतक्या लांब ठेवायचे?",mr,unknown,female
009137.wav,स्वत:च्या पुतळयाकडे पाहून तुमच्या नयनांतून घळघळ अश्रू ओघळले.,mr,unknown,male
000258.wav,"कंबन आपले रामायण गायला लागला की, श्रोते तल्लीन व्हायचे आणि वाहवा करायचे.",mr,unknown,female
008363.wav,"ऋषी म्हणाले, होय, परंतु हे काय, वत्से शबरी, अशी रडू नकोस, पूस, डोळे पूस आधी.",mr,unknown,male
008476.wav,"भरल्या घरात, भरल्या गोकुळात ती पडली होती.",mr,unknown,male
009451.wav,प्रत्येकाच्या जीवनात एकदा तरी परीस येत असतो.,mr,unknown,male
009868.wav,नंतर तो परिक्षिती राजा गंगातिरी जाऊन राहिला.,mr,unknown,male
002836.wav,केयूर राज्याच्या सेनापतीचा अकाली मृत्यू झाला.,mr,unknown,female
007239.wav,त्या गृहस्थाने त्यांच्यापैकी प्रत्येकाला आपापली काठी मोडण्यास सांगितले.,mr,unknown,male
002090.wav,मागून मला कळले मला वाचवणारे सुप्रसिध्द लेखक खांडेकर होते.,mr,unknown,female
003626.wav,खुद्द पांडवांचा जन्म कुंती आणि इतर दैवत पुरुषांचा संबंध येऊन झाल्याची कथा आहे.,mr,unknown,female
000703.wav,"`काय रे पोरा, कोणाच्या गायी पळवतो आहेस, हे सर्व धन माझे आहे, यज्ञात शेवटी जे जे उरेल त्यावर माझा हक्क असतो.’",mr,unknown,female
003190.wav,"त्याचप्रमाणे अंटार्क्टिका मोहिमेसाठी उपग्रहाच्या रिमोट कंट्रोलसाठी, रडार यंत्रणा इत्यादी ठिकाणी सूर्य विजेचा मोठ्या प्रमाणावर वापर केला जातो.",mr,unknown,female
000504.wav,"पण तेथे सर्वत्र सामसूम होती, राजाचे स्वागत करण्यास कोणीच आले नाही.",mr,unknown,female
005246.wav,पहिल्या माणसाने लागलीच गुहेच्या वरची लोखंडी साखळी आपली पुरी ताकद पणाला लावून ओढली.,mr,unknown,male
009661.wav,अध्यात्म शिकवण्यासाठी त्यांना प्रतिदिन राजवाड्यात घेऊन येण्यास सांगितले.,mr,unknown,male
001346.wav,तिने हळूच जाऊन आईला विचारले.,mr,unknown,female
006801.wav,पक्षाच्या पीपल्स डेमॉक्रसी या मुखपत्रात बीजेपी फ्रॉम कम्युनॅलिझम टू क्रूकरी असा अग्रलेख प्रसिद्ध झाला आहे.,mr,unknown,male
006093.wav,अठ्ठावीस जानेवारी एकोणीसशे एकोणऐंशी साली कुलगुरू सर जेम्स गिब्ज यांनीही मातृभाषेचा पुरस्कार केला होता.,mr,unknown,male
002249.wav,सेवायोग्य कांही कार्य असेल तर आपली आज्ञा व्हावी.,mr,unknown,female
006689.wav,नॉर्वेच्या राफ्टो फौंडेशननेही यात लक्ष घातले आणि रेबियांच्या सुटकेसाठी प्रयत्न केले.,mr,unknown,male
006012.wav,क्रोधात कैद करण्याचा त्याने हुकूम दिला.,mr,unknown,male
004581.wav,श्रेणुज अ‍ॅण्ड कंपनी ह्या वर्षी मस्त परतावा.,mr,unknown,female
000373.wav,"त्यानंतर ‘रान आले की, जटीलने हाक मारावी आणि गोपाळने तेथे येऊन त्याला सोबत करावी’, हा प्रतिदिन उपक्रम झाला.",mr,unknown,female
009250.wav,एक भिकारी भीक मागता मागता एका श्रीमंत व्यापार्‍याच्या वाडयासमोर उभा राहून भीक मागू लागला.,mr,unknown,male
004481.wav,माझी नेमणूक त्यावेळी आसाममध्ये जोहराटला झालेली होती.,mr,unknown,female
002007.wav,"मग झ-याने त्या स्वराला सांगितले, 'हे स्वरा, तू जेव्हा जेव्हा माझ्याजवळ येशील तेव्हा तेव्हा तुला एक उत्स्फूर्तता येईल गाणे गायला.",mr,unknown,female
004666.wav,तू कुबडी असलीस तरी तुझे डोके मात्र खूप चालते बाई!,mr,unknown,male
004701.wav,त्याऐवजी ही वनवासाची चौदा वर्षे संपल्यावर भरत व मी दोघे मिळून राज्य करू,mr,unknown,male
004869.wav,"तू म्हणालास ते अमोघ ठरले, पाहातो आहेस ना!",mr,unknown,male
010822.wav,"प्राची टिचरनी सगळयांना जवळ बोलावले आणि त्या मुलांना समजावत म्हणाल्या, आज बहुतेक मुलांना डोंगर चढतांना दम लागला, अनिकेत तर सर्वात मागे राहिला होता.",mr,unknown,female
001460.wav,"आखिलेष पुढे म्हणाला, आईसाठी आम्ही खास शुभेच्छापत्रही तयार केले आहे.",mr,unknown,female
007511.wav,असे असतांना आपण मला येथे का बोलावलेत ?,mr,unknown,male
002103.wav,"ताबडतोब उपचार सुरू झाले, शर्मांजींचे प्राण वाचले.",mr,unknown,female
000998.wav,"धाकटी बहीण होती, तेव्हा तिच्यासाठी तो विणी, पैसे मिळवून बहिणीला नटवी.",mr,unknown,female
009778.wav,आम्ही त्यांची क्षमा मागितली आणि त्यांना नमस्कार करू लागलो.,mr,unknown,male
010114.wav,घरांत लक्ष्मीचे आगमन व्हावे या हेतूनेही या दिवशी सवत्स धेनूची पूजा करण्याची पद्धत आहे.,mr,unknown,male
001177.wav,"इतक्यात ऋषिपत्नी बाहेर आली व म्हणाली, मी तुम्हाला सांगू का कालची गंमत.",mr,unknown,female
010603.wav,"मैनेची हालचाल बघून मिनूला खूपच आनंद झाला, तिने मैनेचे नाव प्रेमाने मिठू ठेवले.",mr,unknown,female
000552.wav,"राजा, सावध राहून मोक्षसाधना कर!",mr,unknown,female
000745.wav,उपासनेच्या योगाने देवाची कृपा होऊन ज्ञानसंपन्नता कशी येते.,mr,unknown,female
003299.wav,"काढावयाचा, तो येतो अठ्ठेचाळीस, यांत पाच मिळविले म्हणजे त्रेपन्न फळें हें उत्तर येतें.",mr,unknown,female
006730.wav,कत्ती बंधूंनी विरोधकांना चारी मुंड्या चीत केले आहे.,mr,unknown,male
003498.wav,शाकाहारी पदार्थांमध्ये शेंगदाण्यापेक्षा डाळींची प्रथिने सरस ठरतात.,mr,unknown,female
005501.wav,"मानवी जीवन जगण्यासाठी अन्न, वस्त्र, निवारा या गरजेंबरोबरच संस्कार",mr,unknown,male
006380.wav,जादा पाणी वाहून जायला मोऱ्यांचीही सोय आहे.,mr,unknown,male
009452.wav,"कधी आई- वडिलांच्या रूपाने, तर कधी भाऊ-बहिणींच्या नात्याने, कधी मित्राच्या मैत्रिणीच्या नात्याने, तर कधी प्रेयसीच्या नात्याने.",mr,unknown,male
005013.wav,"विलासी आहे, लंपट आहे, त्यावेळेस तू निराश होणं साहजिकच आहे.",mr,unknown,male
007792.wav,त्या वेळी गौतमांपाशी अनेक राजपुत्र आणि ब्राह्मणकुमार शिकण्यास होते.,mr,unknown,male
008224.wav,"लोभ का कुठं सुटतो, असे लोक म्हणू लागले.",mr,unknown,male
008658.wav,निसर्गमातेचा उत्सव म्हणून सुरु केला गेलेला हा दिवस आपआपल्या मातांना प्रेम आणि आदर व्यक्त करण्याचा दिवस म्हणून साजरा केला जाऊ लागला.,mr,unknown,male
008625.wav,"मैनेला घरात आणल्यावर मिनूने कापसाच्या बोळ्याने पाणी पाजले, तिला थोडी तरतरी आली.",mr,unknown,male
005212.wav,डायनॉसॉरने त्याला हळूच गुहेच्या तोंडाशी ठेवले आणि माझ्याकडे बघून रॉबिनने मिशा हालवल्या.,mr,unknown,male
008158.wav,शरीर आणि मन यांचा एकमेकांशी संबंध आहे.,mr,unknown,male
006476.wav,इचलकरंजी क्‍लस्टर योजनेसाठी आयडीबीआयचे आठ पूर्णांक आठ पाच कोटींचे कर्ज.,mr,unknown,male
006588.wav,"ओशनसॅट दोन, जीसॅट चार व इन्सॅट चार डी यांची उड्डाणे.",mr,unknown,male
008852.wav,"टिचरांनी कारण समजावत सांगितले, विनित अजिबात जंकफुड खात नाही.",mr,unknown,male
006011.wav,"गाण होत साध सोप, आपल्या बाळांच्या कौतुकाच.",mr,unknown,male
009080.wav,"घोडयावरून खाली उतरताना घोडेस्वार वृध्दाला म्हणाला, बाबा एवढया कडाक्याच्या थंडीत नदी कडेला तुम्ही किती वेळ बसला होतात.",mr,unknown,male
000694.wav,"त्यांना स्वर्गास जायचे आहे, पण त्यांच्या यज्ञात एक चूक होत आहे.",mr,unknown,female
002534.wav,तेव्हां विष्णूचे सुदर्शन चक्र त्याच्या पाठीस लागले.,mr,unknown,female
005462.wav,श्रीवत्स आपल्या पत्नीसमवेत पायी मगधदेशी पोहचला व त्याने बोधिसत्वाची भेट घेतली.,mr,unknown,male
003444.wav,' रक्तवाहिनीतील गुठळी विरघळण्यासाठी औषध लागत असल्यास तासांत ते द्यावे लागते.,mr,unknown,female
000983.wav,"गावातबहुधा भांडण होत नसे, मारामारी होत नसे कोणी कोणाचा हेवादावा करीत नसे, सारे गुण्यागोविंदाने नांदत.",mr,unknown,female
004278.wav,चार ते सहा महिन्यांत बाळाला सहा-सात औंस दूध दिवसातून पाचवेळा द्यावे.,mr,unknown,female
008678.wav,शेवटी काही न खाताच तो चिडून खेळायला गेला.,mr,unknown,male
000080.wav,"अशीच सकाळची वेळ होती, सुर्यदेवांची कोवळी किरणे अलगद शरीरास स्पर्श करून जात होती.",mr,unknown,female
005147.wav,तेवढ्य़ात त्यांना शेजारच्या खोलीतून कोणाचेतरी ओरडणे ऐकू आले.,mr,unknown,male
000092.wav,पण तिच्या चाललेल्या बऱ्याच वेळेच्या बडबडीत एक गोष्ट उमजली.,mr,unknown,female
007813.wav,त्याला शिकविण्याच्या अगोदर परीक्षा पाहण्यासाठी गौतमांनी चारशे गायी त्याच्या स्वाधीन केल्या.,mr,unknown,male
002267.wav,त्यांचा तपोभंग करण्यासाठीं इंद्राने मेनका नांवाच्या अप्सरेला पाठविले.,mr,unknown,female
005505.wav,"तू दिलेली धीर गंभीरता, विचारांची खोली",mr,unknown,male
005982.wav,आता निवांत झाल्यावर तिला छान डुलकी आली.,mr,unknown,male
005981.wav,"दिवसभराच्या उन्हान, धुळीनं ती थकली होती.",mr,unknown,male
000262.wav,"आपण उपेक्षित अवस्थेत जगणार अन् शेवटी मरणार, असा विचार करता करता त्याचे डोके सैरभैर झाले.",mr,unknown,female
002143.wav,"कावळा दिवसभर इकडे तिकडे टिवल्याबावल्या करायचा, बडबड करायचा.",mr,unknown,female
003338.wav,"जन्म चोवीस-बारा-अठरा शे अठरा, मृत्यू अकरा-दहा-अठरा शे एकोणनव्वद",mr,unknown,female
003692.wav,तीन दशकांपासून आदिवासींच्या सेवेत समर्पित असलेले सामाजिक कार्यकर्ते डॉक्टर अभय बंग यांना पुरस्कार मिळाला.,mr,unknown,female
007595.wav,"अनुमाने चारशे वर्षांपूर्वी तामिळनाडूमध्ये त्यागराज नावाचा रामभक्त होऊन गेला, तो उत्तम कवीही होता.",mr,unknown,male
006250.wav,"असा कोणता गामापहेलवान आहे, ज्याने आयुष्यात कधी कुस्ती खेळली नाही",mr,unknown,male
007300.wav,"शेवटी मला कॉलेज ला उशीर होतोय, आपण उद्या पुन्हा इथेच भेटू अस बोलून ती निघून गेली.",mr,unknown,male
002269.wav,तिच्या सहवासांत त्यांनी दहा वर्षें घालविलीं.,mr,unknown,female
000446.wav,ढोंगी वैराग्याचं स्तोम त्यांनी माजविलं आणि दांभिक भक्तीच्या अवडंबराचं प्रदर्शन सुरू झालं.,mr,unknown,female
005891.wav,"यामध्ये वय, वेळ, समाज कशाचच बंधन रहात नाही.",mr,unknown,male
005390.wav,हे ऐकताच निमाला एक युक्ती सुचली.,mr,unknown,male
005497.wav,सूर्याच्या मांसल त्वचेवर दिवसांच्या सुया टोच,mr,unknown,male
003725.wav,माझा मऱ्हाटीचि बोलु कवतुके परी अमृतातेही पैजेसी जिंके ॥',mr,unknown,female
005263.wav,की तू मंत्रतंत्र शक्ती अवगत करून घेण्याच्या प्रयत्नांत आहेस,mr,unknown,male
006244.wav,एकशे पाच हुतात्म्यांचे रक्त सांडले.,mr,unknown,male
003556.wav,तांत्रिक दृष्टया हे टोकाचे आजार म्हणजे खिंडीतली लढाई असते.,mr,unknown,female
007991.wav,नारळाचे पाणी म्हणजेच शहाळे आजारी माणसांना देतात.,mr,unknown,male
001599.wav,"परी म्हणाली, भुवनबाळा तुझे दुःख मी जाणते, सगळी मुले तुझ्याशी खेळायला लागतील, मैत्री करतील, मात्र त्यासाठी तुला बरेच बदलावे लागेल, आहेस तयार ह्या सार्यांसाठी.",mr,unknown,female
010791.wav,नंतर खेळाच्या तासाला राघव भुवनला मोठी सायकल चालविण्याचा आग्रह करत होता.,mr,unknown,female
001702.wav,"डोंगरावरची झाडं हसली, सळसळली.",mr,unknown,female
005408.wav,दोघी घरोघरी काम करुन आपला उदरनिर्वाह चालवीत होत्या.,mr,unknown,male
005731.wav,"थंड तुफानास अता, टोलवू कसा मी",mr,unknown,male
009540.wav,"मंदिर, मुर्ती, पुतळे बांधुन देवधर्म तुम्ही करता, पण माणसातील खऱ्याखूऱ्या देवालाच तुम्ही पुन्हा पुन्हा मारता.",mr,unknown,male
002527.wav,चैत्र शुद्ध नवमीस कौसल्येच्या पोटी श्रीविष्णु नीलमेघासमान सांवळ्या कांतीचे ‘राम जन्मले.,mr,unknown,female
007746.wav,"शृंगीबाळा, तू अद्यापही अज्ञानीच राहिला आहेस!",mr,unknown,male
009090.wav,"गुरूंच्या आशीर्वादासाठी, त्यांच्या शिकवणीसाठी तसेच गुरूंच्या प्रति निष्ठा व्यक्त करण्याचा हा दिवस आहे.",mr,unknown,male
008850.wav,"प्राची टिचरांनी सगळयांना जवळ बोलावले आणि त्या मुलांना समजावत म्हणाल्या, आज बहुतेक मुलांना डोंगर चढतांना दम लागला, अनिकेत तर सर्वात मागे राहिला होता.",mr,unknown,male
000069.wav,"दिवस गेले, महिने लोटले, वर्षे सरली, पण त्याच्या दिनक्रमात बदल झाला नाही.",mr,unknown,female
001169.wav,"सकाळच्या वेळी फुलांचे हृदय, भीतीने कापत असते, आपली मान मुरगळण्यास कोण खाटीक येतो, इकडे त्यांचे लक्ष असते.",mr,unknown,female
003849.wav,सत्तावीस फेब्रुवारी एकोणीस शे बारा ते दहा मार्च एकोणीस शे एकोणीस,mr,unknown,female
000049.wav,"भाविक पर्यायी म्हणून बैलगाडी, घोडागाडी शोधतात; पण काहीही उपलब्ध होत नाही.",mr,unknown,female
007708.wav,"क्षणभर विसावा घडेल आणि तपोनिधी शमीक ऋषींचा सहवास घडेल, या आशेने परिक्षिती त्या आश्रमात शिरला.",mr,unknown,male
001054.wav,"जेथे त्याच्या आईबापांनी त्याला वाढविले, जेथे आपली पोरकी बहीण त्याने प्रेमाने वाढविली, असे ते घर सोडून तो निघाला.",mr,unknown,female
000085.wav,"मिनिटाला शंभर पावल, असा इथे नियम असतो, हे वाक्य खरच आहे, हे त्या दिवशी मी प्रत्यक्ष अनुभवलं.",mr,unknown,female
003150.wav,शासनपुरस्कृत संत गाडगेबाबा नागरी स्वच्छता अभियानातून लोक चळवळ उभी राहिली तर या अवघड समस्येवर प्रभावी उपाययोजना करता येणे शक्य आहे.,mr,unknown,female
006769.wav,अमरावतीत मिनी महापौर' शद्ब हद्दपार,mr,unknown,male
000881.wav,पावसाळ्यात त्रास देखील नाही.,mr,unknown,female
002652.wav,हिच्या पासून आपले रक्षण केले पाहिजे.,mr,unknown,female
010631.wav,"आखिलेष पुढे समजावत म्हणाला, आजोबा मी इंटरनेटवर वाचले आहे मदर्स डेची सुरुवात प्रथम ग्रीक आणि रोमन लोकांनी ख्रिस्त जन्मपूर्व २५० वर्षांपूर्वी केली.",mr,unknown,female
002440.wav,उत्तर दिशेला डोके करून झोंपेत असलेल्याचे डोके कापून माझ्या धडाला चिकटवा.,mr,unknown,female
009888.wav,तिच्या डोळ्यांसमोर अरण्य उभे राहिले.,mr,unknown,male
004554.wav,हे गीत गाऊन झाल्यावर जुलेखा मुंदरकडून करार पूर्ण करून घेते.,mr,unknown,female
006947.wav,"एज्युकेशनचे विशाल जातेगावकर, जितेंद्र पमनीस व्यासपीठावर होते.",mr,unknown,male
001468.wav,"आईला ताप आला होता, त्याला पाहून क्षीण आवाजात आई म्हणाली, चिनू बेटा, मला ताप आल्यामुळे अजिबात उठवले जात नाही आहे.",mr,unknown,female
007867.wav,ते सर्व दाणे संपेपर्यंत त्याला आयुष्य दिलेले होते.,mr,unknown,male
010602.wav,"दोन दिवसांनी मैना पुष्कळच टवटवीत दिसू लागली, घरात थोडीफार इकडे तिकडे फिरु लागली.",mr,unknown,female
002442.wav,असे म्हणून आपल्या लांब सोंडेने पार्वती-परमेश्वराच्या पायांना विळखा घातला.,mr,unknown,female
007442.wav,लहान मुलाला उन्हातून चालवतो आणि आपण मात्र आरामात घोड्यावर बसला आहे.,mr,unknown,male
000231.wav,राजाच्या मनात असे विचार यायचे कारण काय?,mr,unknown,female
001321.wav,"नीतूकडे अनेक खेळणी होती, छोटया बाहुल्या, बार्बी डॉल्स, भातुकली, गाडया आणि मोठी लाल रंगाची कार ज्यात बसून नीतूला छानपैकी फिरता यायचे.",mr,unknown,female
000042.wav,"आपल्या पाच मुलांपैकी कुणालाच मोडता येत नसल्याचे पाहून तो गृहस्थ त्यांना म्हणाला, बघितलंत ना, एकीचे बळ किती असते ते ?",mr,unknown,female
003040.wav,वाटेत एका जागी त्याला ताडामाडाएवढा उंच व अवाढव्य देहधारी रोमांच राक्षस भेटला.,mr,unknown,female
000778.wav,आमच्या बागेत जांभळाचे झाड मुद्दाम आणून लावले आहे.,mr,unknown,female
009806.wav,शमीक ऋषींचा मुलगा शृंगी हाही त्या ऋषिकुमारांतच व्रतस्थ राहून अध्ययन करीत होता.,mr,unknown,male
002373.wav,माझी बायको रोज़ सकाळी मृत्युलेखाचा कॉलम वाचते.,mr,unknown,female
001730.wav,"इतकेच नाही, तर वा-याने जेंव्हा अधिक उग्र स्वरूप धारण केले, तेंव्हा तर त्या माणसाने आणखी एक वस्त्र आपल्या अंगाभोवती लपेटून घेतले.",mr,unknown,female
009399.wav,"तोही श्रद्धेने, मनोभावे देवाची पूजा आणि सेवा करायचा.",mr,unknown,male
003579.wav,स्त्रीशरीररचनेमध्ये जननसंस्था व स्तन यांची रचना वैशिष्टयपूर्ण असते.,mr,unknown,female
000580.wav,सत्यकामाच्या बापाचे तर तिला नावही ठाऊक नव्हते.,mr,unknown,female
006876.wav,"हा आनंद पैशात मोजता येत नाही, असा त्यांचा हिशोब.",mr,unknown,male
007041.wav,पुणे विद्यापीठातून भूगर्भशास्त्रात पदव्युत्तर पदवी मिळाल्यावर त्यांनी डॉक्टर एसकाळी ठिगळे यांच्या मार्गदर्शनाखाली त्यांनी पीएचडी केली.,mr,unknown,male
007212.wav,त्यानंतर त्याच्या पाठोपाठ तिसरा पुरुष यश निघून गेला.,mr,unknown,male
003079.wav,"पण संघाचा कोणीही खेळाडू स्वतःला, चेंडु लागायच्या अगोदर विपक्षी संघाच्या खेळाडूला स्पर्श करून वाचवू शकतो.",mr,unknown,female
005752.wav,सांजवेळी चुळीचे धूर जाणे हा कोणता खेळ आहे.,mr,unknown,male
007954.wav,"नंतर त्याने विचार केला,देव अतुल पराक्रमी आहेत, त्यांनी माझा पिता व बलाढ्य असुर यांना धुळीस मिळवले.",mr,unknown,male
004263.wav,"प्रकाशनपूर्व प्रूफरीडिंगसाठी सिंडरेला, अश्विनी यांचे मनापासून आभार.",mr,unknown,female
002868.wav,"माझे हात पाण्यात तसेच बूडत ठेवून, माझ मन स्वैरविहार करू लागले.",mr,unknown,female
001492.wav,"मोंटूचे वजन वाढायला लागले होते, त्याचे दात काळे होऊन किडायला लागले होते.",mr,unknown,female
008640.wav,"मिनू उदास झाली, तिचा रोजचा वेळ आता कंटाळवाणा जाऊ लागला.",mr,unknown,male
006779.wav,अशा शोभेच्या वस्तूंची निर्मिती या बांबूच्या माध्यमातून केल्यास फायदा होईल.,mr,unknown,male
000062.wav,हे पाहून भाविक भडकतात आणि गाढवाला धोपटतात.,mr,unknown,female
006783.wav,त्याचा नैसर्गिक रंगच काळाकुट्ट हो तारीख,mr,unknown,male
003474.wav,मंत्रतंत्रापासून ते मेंदूवरच्या अवघड शस्त्रक्रियेपर्यंत आपला प्रवास झाला.,mr,unknown,female
005066.wav,दुसरा काही उपाय सुचेना म्हणून तिचा पिता रत्नगुप्त जवळच्या अरण्यात गेला.,mr,unknown,male
007869.wav,तो मेल्यावर त्याचा मुलगा त्याच्या जागी आला.,mr,unknown,male
000403.wav,म्हणून आम्ही तुम्हाला नमस्कार करत आहोत.,mr,unknown,female
000333.wav,त्यांनी त्याला गप्प बसण्याचे कारण विचारले.,mr,unknown,female
002085.wav,"मला पोहता येत नव्हतं, मी गटांगळया खाऊ लागलो.",mr,unknown,female
003058.wav,"एकदा श्रीवत्सचे दुर्भाग्य बळावले व व्यापारा- मध्ये तोटा झाल्यामुळे, त्याला आपल्या सार्या संपत्तीला मुकावे लागले.",mr,unknown,female
010927.wav,"वाट्टेल तो प्रयत्न केला, तरी पाणी वळणावरच जाणार.",mr,unknown,female
009435.wav,"देवाला ओवाळत असलेली आरती आपल्यासाठी आहे, असे गाढव मानू लागले आणि त्यामुळे ते अधिकच आनंदी झाले.",mr,unknown,male
005679.wav,पोटऱ्या दुखल्या म्हणून दारू प्यायलो फुकटची,mr,unknown,male
000165.wav,"बोलताना वाईट वाटते पण आता वेळ आली आहे विचार करण्याची, खरच चुकी केली का माणूस हा प्राणी बनण्याची.",mr,unknown,female
010105.wav,आपल्या सगळ्यांना अत्तर खूप आवडते.,mr,unknown,male
002716.wav,बादशहाचा तो लाडका असल्याने त्याला मौल्यवान भेटवस्तूही मिळत.,mr,unknown,female
009777.wav,"त्या रक्षकांनी आम्हाला ओळखले, ते आम्हाला पकडणार होते.",mr,unknown,male
010934.wav,दूरदूर विस्तारलेल्या झाडाच्या फांद्यांमुळे तिथे बराच गारवा होता.,mr,unknown,female
010464.wav,आश्रमातील इतर सारे सवंगडी आपापल्या जीवनातील नानाविविध बरेवाईट अनुभव परस्परांना सांगत असत.,mr,unknown,female
003318.wav,असा सूर्यप्रकाश कमी तापमानाचा व अधिक आल्हाददायक असतोच पण मुख्य म्हणजे यामुळे विजेच्या खर्चात खूपच बचत होते.,mr,unknown,female
010896.wav,"हा सारा गाव सुध्दा तुझ्यावरच प्रेम करतो ना, रे डोंगरा.",mr,unknown,female
006770.wav,याबाबत विचारणा करणाऱ्या नागरिकांना पाणीपुरवठा कर्मचारी उद्धट उत्तरे देतात.,mr,unknown,male
006350.wav,चौदा वर्षांवरील मुलांसाठी आठ,mr,unknown,male
007367.wav,"मंदिर, मुर्ती, पुतळे बांधुन देवधर्म तुम्ही करता, पण माणसातील खऱ्याखूऱ्या देवालाच तुम्ही पुन्हा पुन्हा मारता.",mr,unknown,male
003935.wav,तथापि गौतमीपुत्र या सातवाहन सम्राटाने क्षत्रपांचे समूळ उच्चाट्टान करून परराष्ट्रीय व्यापारातील आपली पकड मजबूत केली.,mr,unknown,female
002756.wav,अरण्यमल गादीवर बसून एक वर्ष झाले.,mr,unknown,female
006587.wav,अजून मोठी झेप घेण्यासाठी त्यांना उत्तेजन मिळायला हवंय.,mr,unknown,male
008338.wav,"शबरीचे केस नीट विंचरुन कोणीही आजपर्यंत बांधले नव्हते, ऋषिपत्नी शबरीच्या केसांत सुंदर फुले घाली.",mr,unknown,male
001335.wav,"आईने समजावले, नीतू, अगं प्रत्येकाकडे प्रत्येक गोष्ट असेलच असे नाही.",mr,unknown,female
008932.wav,सगळे म्हणाले अजबच आहे हा फूल डोंगर.,mr,unknown,male
002865.wav,तितक्यांत खड्गवर्माने दारापाठीमागून वांकून आपले हात खाली सोडले व म्हणाला.,mr,unknown,female
001660.wav,टीनाने आईकडे सरळ दुर्लक्ष केले.,mr,unknown,female
004623.wav,आपल्या तोंडून निघालेला हा श्लोक पाहून खुद्द महर्षींनाच आश्चर्य वाटले.,mr,unknown,male
000754.wav,"प्रल्हादाच्या भक्तीमुळे घाबरू नये, त्याचा हा अखेरचा जन्म असून, तो मोक्षार्थी आहे.",mr,unknown,female
003065.wav,तिघे मिळून प्रवास करीत; हिमालय पर्वतात कांही दिवस भ्रमण करीत.,mr,unknown,female
008215.wav,"विनूने रक्ताने माखलेला सुरा मनूच्या उशाशी ठेवून दिला, मनू झोपलेला होता.",mr,unknown,male
002902.wav,पण रॉबिन झुरळ मात्र नेहमीसारखेच आनंदी होते.,mr,unknown,female
009787.wav,चोरांना दिसलेले रक्षक म्हणजे श्रीराम आणि लक्ष्मणच होते.,mr,unknown,male
007904.wav,मात्र तुमच्या हजार गायी मला देऊन जा म्हणजे झाले.,mr,unknown,male
000707.wav,ते सांगतील तेव्हा तुझी खात्री होईल.’,mr,unknown,female
006888.wav,हसल्यानंतर शरीरात निर्माण होणारे काही स्राव रक्ताभिसरण सुरळीत ठेवण्यास मदत करतात.,mr,unknown,male
002974.wav,त्यांत चवीपुरत मीठ आणि फक्त हिरवी मिरची चुरडून घातली जाई.,mr,unknown,female
010544.wav,"देवाने परत तिसर्या माणसाला विचारले, झाडावरची ही फळ कधी पिकली.",mr,unknown,female
004238.wav,साप्पोरोहोक्काईदो जपान स्नो फेस्टिव्हल दोन हजार सहा,mr,unknown,female
009373.wav,बिचारा रड रड रडला अन् घरी येऊन झोपी गेला.,mr,unknown,male
003536.wav,दाबपट्टी मध्यम दाबाचे क्रेप बँडेज पायालाहाताला गुंडाळून सूज उतरवता येते.,mr,unknown,female
007699.wav,"एके दिवशी ते सर्व ऋषिकुमार त्या उपवनात होमासाठी समिधा आणण्यास गेले होते, त्यांच्या बरोबर शृंगीही गेला होता.",mr,unknown,male
008992.wav,शेतात काम करता करता एका शेतक-याचे फावडे हरवले.,mr,unknown,male
007890.wav,वडील भाऊ गुरूच्या घरी राहून वेद शिकून आले होते.,mr,unknown,male
010804.wav,त्यांच्या तिसरीच्या वर्गाची ट्रीप डोंगरावर जाणार आहे असे प्राची टिचरनी सांगताच सर्व मुले आनंदाने 'हुर्रे' ओरडली.,mr,unknown,female
009001.wav,"ती बातमी ऐकून, शेतक-याला मोठा अचंबा वाटला, तो स्वत:शीच म्हणाला, 'चला, आल्या पावली घरी परत गेलेलेच बरे.",mr,unknown,male
010494.wav,"माझी आई सर्व भावंडात मोठी होती, तिच्या आईबापांचे तिच्यावर फार प्रेम होते.",mr,unknown,female
003152.wav,"या लोकसंख्येचा ताण शहरातील निवासव्यवस्था, रस्ते, पाणीपुरवठा, वीज यासारख्या पायाभूत सुविधांना सहन करणे अशक्य झाले आहे.",mr,unknown,female
008505.wav,"तो राजाला म्हणाला, महाराज, पक्ष्यांची भाषा जाणणारा एक बैरागी बाहेर आला आसून, तो आपली भेट घेऊ इच्छितो.",mr,unknown,male
010462.wav,"दररोज तो आपल्या आईला मनात धन्यवाद देत असे, कधी कधी चार अश्रूंनी तिचे तर्पण करीत असे.",mr,unknown,female
009842.wav,"शृंगीने होमशाळेतील कमंडलूमधून पाणी घेतले, ते भूमीवर टाकून ही शापवाणी उच्चारली, तेव्हा सर्व ऋषिकुमार भयभीत झाले.",mr,unknown,male
003800.wav,नाणी पाडण्यासाठी ऐरणी व हातोडे वापरण्यात आले होते.,mr,unknown,female
010871.wav,"हा डोंगर मात्र मनातून नाराजच होता, बैचेन होता.",mr,unknown,female
001835.wav,रागारागाने तो तिचा सूड उगवण्यासाठी मार्ग शोधू लागला.,mr,unknown,female
001075.wav,"अगस्तीने फार प्रवास केलेला असावा, दंडकारण्यात प्रवेश करणारा पहिला ऋषी अगस्तीच होय.",mr,unknown,female
006667.wav,मुस्लिम समाज सरसकट व्होट बॅंक होऊन बसल्याची विषण्णताही अनेकांच्या बोलण्यात जाणवते.,mr,unknown,male
004804.wav,मला माकडाचे तोंड देऊन तू फसविलेस.,mr,unknown,male
003439.wav,एक वेलदोडा तव्यावर काळपट होईपर्यंत भाजून त्याची पूड करून मधातून चाटवावी.,mr,unknown,female
009544.wav,"अजूनही वेळ गेली नाही सुधारा आपले आयुष्य, नाहीतर मनुष्याच्या विनाशाला कारणीभूत ठरेल, फक्त आणि फक्त मनुष्य.",mr,unknown,male
006691.wav,अंटार्क्‍टिकाच्या ईशान्य भागात तीस किलोमीटरवर हे नमुने घेण्यात आले आहेत.,mr,unknown,male
006136.wav,आपल्या मनात त्या व्यक्ती साकार होतात त्या आणखी अफलातून असतात वाचनाच हे तर महत्त्व आहे ना.,mr,unknown,male
002430.wav,जे घडले त्याबद्दल लज्जित नारदाने व पर्वताने विष्णूचे चरण पकडले.,mr,unknown,female
000247.wav,"बरोबर घोडा आहे, तरीही आपले पायीच चालले आहेत.",mr,unknown,female
003816.wav,महाराष्ट्र हे नांव देखील या भाषेवरूनच पडले असावे.,mr,unknown,female
008762.wav,पण मेहनत आणि जिद्दीच्या जोरावर तिने ऑलिंपिक स्पर्धेत तीन सुवर्ण पदके मिळवून जागतिक विक्रम केला होता.,mr,unknown,male
003633.wav,"या तापावर लस नाही व इलाज फक्त वेदनाशामक व तापशामक औषधांचा डायक्लोफेनॅक, इत्यादी औषधांचा होतो.",mr,unknown,female
006516.wav,सावर्डे मतदारसंघाचे मागसलेपण घालवण्यासाठी वचनबध्द जोग,mr,unknown,male
002263.wav,नंतर त्यांनी तेथे हजर असलेल्या सर्व ऋषी-मुनीं समक्ष रामलक्ष्मणांस विश्वामित्र ऋषींचा जीवनवृत्तांत सांगितला.,mr,unknown,female
002247.wav,सकाळी उठल्यावर स्नानसंध्यादि दैनंदिन नित्यकर्में आटोपून त्यांनी विश्वामित्र ऋषींना वांकून नमस्कार केला.,mr,unknown,female
000836.wav,या दिवशी प्रदोषकाळी लक्ष्मीचे पूजन केले जाते.,mr,unknown,female
009189.wav,स्वत: मुख्याध्यापक मनोज व त्याच्या आईला घेवून शहरातील एका नेत्रतज्ञाकडे गेले.,mr,unknown,male
007024.wav,त्यानंतर नवा कर्णधार शोएब मलिक याच्या नेतृत्वाखालील संघ अबुधाबीला रवाना होईल.,mr,unknown,male
000433.wav,खरं ज्ञान सोडून नकली ज्ञानाला लोक भुलले.,mr,unknown,female
004266.wav,मंद्र्सप्तकातील सा लिहीताना प्रत्येक स्वराखाली पाय मोडण्याचे चिह्न असते.,mr,unknown,female
001174.wav,"ऋषी म्हणाले, शबरी, ते तू आता विसरुन जा, आता निराळे आचरण ठेवावयास तू शिक.",mr,unknown,female
004575.wav,मिल्या एकसे बढकर एक शेर निव्वळ अप्रतिम आणि क्लायमॅक्स तर कमाल.,mr,unknown,female
009598.wav,शेठजी चंदनाच्या लाकडांचा व्यापारी होता.,mr,unknown,male
005956.wav,भारतातील विविध भाषा बोलणाऱ्या लेखक कवींना या परिषदेला आमंत्रित करण्यात आले होते.,mr,unknown,male
007096.wav,त्यामुळे जखमेवर रुमाल ठेवून द्रविडने तातडीने मैदान सोडले.,mr,unknown,male
007343.wav,"काय रे ? कोण्या जेम्स लेनने म्हणे बत्तमीजी केली, तुमची अक्कल तेव्हा सांगा कोठे चरायला गेली ?",mr,unknown,male
005782.wav,ही एक सगळ्यांसाठी लाजीरवाणी अशी गोष्ट आहे.,mr,unknown,male
004688.wav,रामाच्या पर्णकुटीजवळ आश्रमाच्या ईशान्य दिशेला होमकुंड व यज्ञवेदिका होती.,mr,unknown,male
001194.wav,"पाळण्यात असतानाच, आईच्या खांद्यावर खेळत असतानाच, पुढील जीवनाच्या विकासाचे बी पेरले जात असते.",mr,unknown,female
006309.wav,"गोसावी म्हणाला, नाही महाराज तिथे उलटाच मामला चाललाय.",mr,unknown,male
004078.wav,"एम अहमदाबादची माहिती मिळाली, आणि समिताने तिथेच जायचा चंग बांधला.",mr,unknown,female
008276.wav,"त्या बेटाजवळ मोत्यांच्या खाणी होत्या, सोन्याच्या खाणी होत्या, हे राज्य समृद्ध झाले.",mr,unknown,male
002907.wav,मी त्याच्या दाट पांढर्या बर्फासारख्या फरच्या केसांना पाहु शकत होतो.,mr,unknown,female
006598.wav,सुभाष विठ्ठल भुजंग रात्री आकाशवाणी क्वार्टर असे आरोपीचे नाव आहे.,mr,unknown,male
005703.wav,"तट्ट फुगून आलो प्रवासातून, कोजागिरीच्या चंद्रासारखा",mr,unknown,male
006209.wav,"माझ्या या नाकर्तेपणामुळे मुंबई, पुण्यात परप्रांतीयांचे, थैलीशहांचे प्राबल्य वाढले की नाही",mr,unknown,male
006744.wav,"के, अर्धमॅरेथॉन दोन एक पूर्णांक एक कि.",mr,unknown,male
010707.wav,आईने मिताच्या बाबांनाही हे स्वप्न सांगितले.,mr,unknown,female
003239.wav,या पद्धतीच्या इमारतीमध्ये काम करणाऱ्या कामगारांच्या अभ्यासावरून त्यांच्यातील उत्पादनात सोळा ते अठरा वाढ झालेली दिसून येते.,mr,unknown,female
010295.wav,"पुन्हा एकदा गावाकडे वळून त्याने प्रणाम केला, बहुळेला प्रणाम केला आणि वेगाने निघाला.",mr,unknown,female
004327.wav,मलासुद्धा आपल्याच देशात केरळला बैंगलोरला भाषेच्या अडथळ्यामुळे मोकळेपणाने रहायला जमणार नाही.,mr,unknown,female
010847.wav,एकदा टीना आणि वर्गातल्या साहीलचे भांडण झाले.,mr,unknown,female
004300.wav,माझ्या हातावर सुरकुत्या पडल्या आहेत कमि होण्यासाठी काय करु भरपूर पाणि पी,mr,unknown,female
009966.wav,"प्रियमेधा, माझे एक कोडे सोडव पाहू.",mr,unknown,male
007277.wav,प्रत्येकाच्या जीवनात एकदा तरी परीस येत असतो.,mr,unknown,male
007054.wav,दोघेही मृत रिक्षामधीलच व रामलिंगमुदगडचे तारीख निलंगा रहिवासी आहेत.,mr,unknown,male
002730.wav,आम्ही सांगतो तसे कर म्हणजे बिरबलाचा कायमचा बंदोबस्त होईल दुसरा दरबारी म्हणाला.,mr,unknown,female
010829.wav,मुलांनी मोठयाने हो म्हटले आणि उडया मारत डोंगर उतरायला सुरूवात केली.,mr,unknown,female
005829.wav,त्याचा पगडा जनमानसावर बरीच वर्षे राहिला.,mr,unknown,male
000434.wav,"माझी एक सखी होती, मुक्ती तिचं नाव होतं.",mr,unknown,female
000429.wav,आम्ही द्रविड देशात राहत होतो आणि कर्नाटक प्रदेशातही फिरत होतो.,mr,unknown,female
006924.wav,पहाटेच्या नीरव शांततेत बैलांच्या गळ्यातील घुंगूरमाळा खुळखुळत आहेत.,mr,unknown,male
008488.wav,"आपल्या अंगचा सज्जनपणा न सोड्ता, जर या परिस्थितीवर मात करुन तुम्हाला आपली ध्येये साध्य करायची असतील तर, अंगी चातुर्य बाणविण्याची आत्यंतीक गरज आहे.",mr,unknown,male
009335.wav,दिवसागणीक रोपं वाढली व त्याल चणे लागले.,mr,unknown,male
008316.wav,"रानटी मनुष्यालाही प्रेम समजते, त्याला मुलेबाळे आवडतात.",mr,unknown,male
009957.wav,ज्ञानाचे अपूर्व तेज सत्यकामाच्या तोंडावर झळकत होते.,mr,unknown,male
000105.wav,"ती मुलगी गेलेल्या दिशेने बोट दाखवत तो बोलला, ती इथे मला भेटायला आली होती.",mr,unknown,female
006132.wav,अशाच बालपणीच्या एका पत्रात पुलंनी माझी एक चूक मोठ्या गंमतीन काढली.,mr,unknown,male
001657.wav,"टीना अर्थातच स्वत:हून तिच्याशी बोलायची नाही, पण गौरी मात्र तिच्याशी बोलायची आणि टीना सांगेल तसे वागायचीसुध्दा.",mr,unknown,female
009574.wav,दुष्टांचे बंगले चांगले राहिले आणि आपल्या झोपड्या पडल्या.,mr,unknown,male
001534.wav,अधिक घेण्याचा हव्यास करायचा नाही.,mr,unknown,female
004003.wav,"महाराष्ट्रात संक्रांतीच्या आधीच्या दिवसाला भोगी, तर नंतरच्या दिवसाला किंक्रांत किंवा करीदिन म्हणतात.",mr,unknown,female
002987.wav,प्रत्येक बाबतींत तो सर्व बाजूंनी विचार करी व नंतर निर्णय घेत असे.,mr,unknown,female
010411.wav,"इतक्यात ऋषिपत्नी बाहेर आली व म्हणाली, मी तुम्हाला सांगू का कालची गंमत.",mr,unknown,female
001333.wav,"आई, आज शामलीच्या बाबांनी तिच्यासाठी मोठी लाल स्कूटर आणली.",mr,unknown,female
006325.wav,"म्हशीचा मालक आपल्या सवाई निघाला हे पाहून, तो चोरटा हात चोळीत तिथून चूपचाप निघून गेला.",mr,unknown,male
003593.wav,या साध्या तंत्राला एमव्हीए मॅन्युअल व्हॅक्युम ऍस्पिरेशन असे म्हणतात.,mr,unknown,female
004345.wav,तिकोना माझ्याही फेव्हरिट्स लिस्टमध्ये आहे आणि ट्रेकींगची सुरुवात करण्यार्यांसाठी मेजवानी.,mr,unknown,female
000101.wav,फोन सावरतच मी त्या दिशेला वळलो.,mr,unknown,female
001444.wav,आज त्यांनी त्याबद्दल मुलांना विचारायचे ठरवले.,mr,unknown,female
005641.wav,मी लक्ष विचलित होऊ दिलं नाही.,mr,unknown,male
004162.wav,'खेम देउ गेले तव मीची मी एकली' ही ओळ कुठेतरी आहे.,mr,unknown,female
000215.wav,असे म्हणून रानातल्या वाघाने त्याच्या तोंडात बळेबळे मांस कोंबले.,mr,unknown,female
003353.wav,याचे कारण म्हणजे सौर उपकरणांसाठी भांडवली खर्च जादा लागतो.,mr,unknown,female
006638.wav,"या मशिनरीद्वारे तयार करण्यात आलेले फॅशन लेबल्स, कंपन्यांचे बोधचिन्ह सर्वांचेच लक्ष आकर्षून घेत होते.",mr,unknown,male
004072.wav,मायबोली या संकेतस्थळाबद्दल माहितीमायबोली अवांतर नॉर्थ कॅरोलीना प्रतिसाद वासंतिक कल्लोळ एक,mr,unknown,female
000848.wav,या दिवशी स्वच्छता करण्यासाठी लागणारी नवी केरसुणी विकत घेतात.,mr,unknown,female
005096.wav,त्याच्या राज्यात दोन प्रमुख नगरे होती.,mr,unknown,male
002911.wav,एक मिनिट झाला नंतर दुसरा असे वाटत होते की जसे आत ते लोक फार वेळ लावत आहेत.,mr,unknown,female
007753.wav,"आपण त्या ठिकाणी अविचारानं मृतसर्प त्यांच्या गळ्यात घालण्याचं जे कृत्य केलं, त्याबद्दल त्यांच्या पुत्राने आपणास सातवे दिवशी सर्पदंशाने मृत्यू येण्याचा शाप दिलेला आहे.",mr,unknown,male
009862.wav,"तो शाप खोटा होणार नाही, तरी तुम्ही तोपर्यंत पुण्यकृत्ये करुन ईशचिंतनात काळ घालवावा!",mr,unknown,male
002570.wav,तिसर्या मस्तकाने विश्वांत होणार्या सर्व घटनांचे निरीक्षण तो करीत असे.,mr,unknown,female
003667.wav,विजेत्या चित्रफ़ितीला केदार शिंदे यांच्या आगामी चित्रपट ऑन ड्युटीचोवीसतासच्या नामावलीत स्थान देण्यात येईल,mr,unknown,female
004829.wav,"आई, ऐकतेयस ना, छोटा कसं बोलतोय ते",mr,unknown,male
002447.wav,"स्वेच्छेप्रमाणे यशप्राप्त करण्यासाठी करण्यांत येणार्या; गणेशोत्सवांनी, आपल्या उद्योगात विजय मिळ-वून दिला, असे लोक मानतील.",mr,unknown,female
004439.wav,पतंजलि हे गोनर्द गावाचे रहिवासी होते.,mr,unknown,female
009681.wav,माझ्या मनात आपल्याविषयी जास्त आदर आहे.,mr,unknown,male
008855.wav,तुम्ही जर त्याच्या सारखे वागलात तर तुमचाही स्टॅमीना वाढून न दमता तुम्हीही डोंगर चढू शकाल.,mr,unknown,male
003173.wav,विज्ञानाचा उदय होण्यापूर्वी धर्ममार्तंड व तत्वज्ञानी लोकांनी या विषयात बरेच योगदान दिले आहे.,mr,unknown,female
001224.wav,"वसिष्ठऋषी वेदामध्ये वरूणदेवाला म्हणतात, हे वरूणदेवा, माझ्या हातून जर काही वाईट झाले असेल, तर त्याबद्दल माझ्या वडील मंडळीना जबाबदार धर.",mr,unknown,female
010082.wav,अशा रीतीने स्वप्रयत्नाने त्याने सर्व काही प्राप्त करून घेतले.,mr,unknown,male
000545.wav,"विश्र्रांती घेतल्यानंतर तो विचार करू लागला, तेव्हा आपण केलेल्या अविचाराबद्दल त्याला आता पश्चाताप वाटू लागला.",mr,unknown,female
001205.wav,मनुष्य जन्मतो त्याच्यापूर्वीच त्याचे शिक्षण सुरू झालेले असते.,mr,unknown,female
006713.wav,नंतर धीम्या मार्गावरील वाहतूक ठप्प झाली.,mr,unknown,male
006759.wav,आग ओकणारा सूर्य आणि त्याच्या जोडीला भारनियमनाने मालेगावकर त्रस्त आहेत.,mr,unknown,male
009972.wav,कक्षीवान ऋषीजवळ एक मुंगसाच्या कातड्याची भली मोठी पिशवी होती.,mr,unknown,male
002638.wav,म्हातारपणामुळें त्याची तार्किक दृष्टी व विवेकबुद्धि भ्रष्ट झाली होती.,mr,unknown,female
010597.wav,आईने धावत येऊन पाहिले तर मैना निपचित पडलेली होती.,mr,unknown,female
004408.wav,छान! आताच्या तरुण पिढीने सर्वांनी जिद्द ठेवली तर शिर्डीशिगणापुरनंतर नेवासाअसेल.,mr,unknown,female
009121.wav,"मग काय, उठलो, जिद्द आशा यांच्या प्रवाहात अंगांग न्हाऊन काढलं, आणि पर्णकुटीपाशी आलो.",mr,unknown,male
007620.wav,तिच्या काळजात भयंकर कालवाकालवा सुरू होती.,mr,unknown,male
009548.wav,तेव्हा त्या माणसाने लहान मुलाला नदीच्या खोलीबद्दल विचारले.,mr,unknown,male
000878.wav,शेतकरी या हंगामात पुरेसा पाऊस मिळविण्यासाठी आनंदी होतात.,mr,unknown,female
009643.wav,"त्याने पाहिले, तेव्हा कूत्तन, स्वतःच्या रचलेल्या रामायणाच्या पोथीचा, स्वाहाकार करत होता.",mr,unknown,male
000197.wav,दुष्टांचे बंगले चांगले राहिले आणि आपल्या झोपड्या पडल्या.,mr,unknown,female
010665.wav,मी मात्र तुला बर नसतांनाही खायला करायचा हटट केला.,mr,unknown,female
003384.wav,त्याला शास्त्र नियमबध्द असल्याने लगेच आत्मसात होते.,mr,unknown,female
006992.wav,भारतीय संगीताच्या हृदयाची या दोघीही स्पंदन असल्याचेही त्यांनी या वेळी सांगितले.,mr,unknown,male
009467.wav,"ती होती सतरा ते अठरा दरम्यान रेंगाळत असलेली एक तरुणी, जीला मी पहिल्यांदाच पाहत होतो.",mr,unknown,male
002998.wav,"त्या कुटुंबातले दोघे भाऊ आणि संपत्ती गेल्यावर उरले काय ते दारिद्रय, एक म्हातारी आई, आणि तिची लहान मुलगी.",mr,unknown,female
008351.wav,"गाईगुरे बांधली होती, हरिणपाडसे शिंगे अंगात खुपसून निजली होती.",mr,unknown,male
002572.wav,परंतु त्यांच्या शृंगारिक हावभावांचा कांहीही उपयोग झाला नाही.,mr,unknown,female
004722.wav,सामान्य माणसाने ते ऐकले असते तर त्याला कैकेयीचा रागच आला असता.,mr,unknown,male
009454.wav,"आपण जे काही असतो, किंवा बनतो, त्यात त्यांचा बराच हातभार असतो.",mr,unknown,male
010259.wav,"आता त्याची अब्रूही परमेश्वर नेऊ पाहात होता, जीवनातील सर्वांत मोठी मौल्यवानवस्तू, तीही आज जात होती.",mr,unknown,female
009082.wav,"तो वृध्द हळूच घोडयावरून खाली उतरला आणि डोळे किलकिले करून म्हणाला, बाळ मी जग पाहिले आहे.",mr,unknown,male
008245.wav,"तुझ्या उशाशी तो सुरा होता, तो का दुसऱ्यानं आणून ठेवला, तूच तो खून केला असावास, मलाही असंच वाटतं.",mr,unknown,male
002683.wav,उदाहरण म्हणून मी तुला अंगद नांवाच्या एका मुनीची कहाणी सांगतो.,mr,unknown,female
002509.wav,विष्णू आयुर्वेदाचा मूळ पुरुष म्हणून धन्वन्तरी अवतार धारण करून अमृतकलश घेऊन प्रकट झाला.,mr,unknown,female
004329.wav,चंपकच्या पोस्टवरून पुढे अनिल अवचटांनी जिल्हा परिषदेच्या कन्याशाळांमधे मुलींना घातलं होतं.,mr,unknown,female
008004.wav,"वसुबारस ह्याचा अर्थ- वसु म्हणजे द्रव्य, धन, त्यासाठी असलेली बारस म्हणजे द्वादशी.",mr,unknown,male
005804.wav,"स्त्रिया मृत्तिका घटाचे दान देतात व देवाला तीळ, तांदूळ अर्पण करतात आणि संक्रातीनिमित्त सौभाग्यपण लुटतात.",mr,unknown,male
001245.wav,"शक्यतोवर जपावे, यत्न करावे, प्रामाणिकपणे झटावे, आत्मवंचना करू नये.",mr,unknown,female
006785.wav,माझ्या खात्यातर्फेच तो राबविण्यात येत आहे.,mr,unknown,male
009658.wav,"राजाला आपले शौर्य, राज्य, ऐश्वर्य आणि कर्तृत्व इत्यादी गोष्टींचा अभिमान होता.",mr,unknown,male
004122.wav,परंतू वर दिलेल्या सगळ्या लिंक्स नजिकच्या भविष्यकाळात बदलण्याची शक्यता आहे.,mr,unknown,female
007739.wav,"नंतर शृंगीने झालेली सर्व हकीगत आपल्या पित्याला सांगितली, ती ऐकून शमीक ऋषी शांतपणे म्हणाले.",mr,unknown,male
010800.wav,"भुवनला म्हणाली, भुवन आज तुला मी मुलांशी मैत्री करायला मदत केली, आता तू स्वतःहून मित्र जोडले पाहिजेस.",mr,unknown,female
009533.wav,त्याला मूतोड जवाब देवून तसाच पुढे निघालो.,mr,unknown,male
010123.wav,आपल्या मुला-बाळांना चांगले आरोग्य मिळावे व सुख लाभावे म्हणून ही पूजा करतात.,mr,unknown,male
000255.wav,त्यानेही तामिळमध्येच रामायण रचनेला प्रारंभ केला.,mr,unknown,female
004368.wav,भानूच्या बाजूने कंप्लेंट करायला कुणीच नसल्यामुळे सरकारी पक्ष फिर्यादी झाला होता.,mr,unknown,female
007659.wav,"ईश्वरकृपेनं मी सदा तरुण आहे, पण मला सर्वजण माता मानतात.",mr,unknown,male
009055.wav,गर्वाचे घर नेहमीच खाली असते.,mr,unknown,male
000760.wav,शेषशय्येवर निजलेला श्रीविष्णू जागा झाला.,mr,unknown,female
000655.wav,प्रियमेधाने खूप डोके खाजवले पण ह्याचा त्याला उलगडा होईना.,mr,unknown,female
007234.wav,एक गृहस्थ म्हातारपणामुळे बराच थकला होता.,mr,unknown,male
003402.wav,"ज्यांच्या घरी रुग्णालयात अशी घटना होते त्यांनी स्थानिक प्रशासनास ग्रामपंचायत, नगरपालिका इत्यादी माहिती दयावी.",mr,unknown,female
001421.wav,"दोन दिवसांनी मैना पुष्कळच टवटवीत दिसू लागली, घरात थोडीफार इकडे तिकडे फिरु लागली.",mr,unknown,female
003045.wav,तो विचार म्हणजे आलेल्या पैशांतील भावाचा वांटासुद्धां उडविण्याची दुर्बुद्धी त्याला झाली.,mr,unknown,female
002831.wav,"तुझ्यांत जसे कांही सद्गुण आहेत, तसेच कांही दोषदेखील आहेत.",mr,unknown,female
006720.wav,"ग्राहक, कंपन्या, संस्थांसाठी प्रोसिट इंडिया सॉफ्टवेअर ढोके, ब्रेंडीज्‌",mr,unknown,male
000329.wav,"याचा अर्थ आपल्यापैकीच कोणीतरी त्याला फितूर झालेला आहे; पण चिंतेचे कारण नाही, आपण त्याला पुन्हा हरवू.",mr,unknown,female
010825.wav,"आईने केलेले पदार्थ कुरकूर न करता मनापासून जेवतो, त्यामुळे त्याच्या शरीराचे चांगले पोषण होऊन शक्ती वाढते.",mr,unknown,female
004880.wav,"नारद निराश्रित होऊन, भुकेने जीव कासावीस झाल्यासारखा दारोदारी फिरू लागला.",mr,unknown,male
003020.wav,याचा अर्थ असा की रथाचे कातडी सामान किल्ल्यां-तल्या कुत्र्यांनीच खाल्लेले असणार!,mr,unknown,female
003030.wav,पंचायुधे धारण करून हा जगज्जेता होईल आणि शूर पराक्रमी म्हणून याचा नावलौकिक होईल!,mr,unknown,female
002637.wav,"मी असं पाहिलंय कीं कधीकधी विवेकी माणसें, ज्यांचे भक्त असतात, त्यांची ते आराधना करतात.",mr,unknown,female
008299.wav,"मतंग ऋषी फार थोर मनाचे होते, प्रातःकाळी नदीवर स्नान करुन नंतर ते संध्या, ईश्वरपूजा व ध्यानधारणा करीत.",mr,unknown,male
003019.wav,"प्रभो, महाराजांच्या रथाचे कातडी सामान कांही कुत्र्यांनी कुरतडून खाऊन टाकले म्हणे.",mr,unknown,female
002946.wav,तेजीमाला हे सारं निमूटपणें सोशीत होती.,mr,unknown,female
003660.wav,बौद्ध पाषाण वास्तूकलेच्या क्षेत्रात भारतातील कार्ले येथील बुद्ध-गुंफामंदिर सर्वोकृष्ट आहे.,mr,unknown,female
010414.wav,"शबरी आता वयात आली, ती यौवनपूर्ण झाली.",mr,unknown,female
005875.wav,त्या आणल्याच नसत्या अन टेबलावर तशाच ठेवल्याच नसत्या तर.,mr,unknown,male
004920.wav,पर्वत व नारद दोघे वैकुंठलोकी धावले.,mr,unknown,male
002664.wav,राजा त्या जुन्या झाडावर परत चढला आणि त्याने ते प्रेत खाली आणले.,mr,unknown,female
010633.wav,आता भारतीयही मातृदिना बरोबरच मदर्स डेही साजरा करतात.,mr,unknown,female
001363.wav,"देवाने परत तिसर्या माणसाला विचारले, झाडावरची ही फळ कधी पिकली.",mr,unknown,female
004574.wav,त्याने आमच्याशी ओळख करून घेतली आणि मराठी मधे बोलायला सुरूवात केली.,mr,unknown,female
003482.wav,"याबरोबरच तोंड येणा-या व्यक्तींनी तिखट, अतिखारट व आंबलेले अन्नपदार्थ टाळावेत.",mr,unknown,female
010543.wav,"देवाने दुसर्या माणसाला विचारले, झाड लावण्यासाठी तू हा खड्डा कधी खणलास.",mr,unknown,female
007909.wav,"नाभा म्हणाला, वा, मला तर हे धन अंगिरसांनी बक्षीस दिले आहे.",mr,unknown,male
009279.wav,"राजा म्हणाला 'लिखिता तू म्हणतोस ते खरंही असेल पण चोरीची फिर्याद कुणीच केलेली नाही, गुन्हा शाबीत झाला तर शिक्षा.",mr,unknown,male
009532.wav,"तुम्ही अजून किती मागणार दुसऱ्यांकडून आडोसे, ईथे पून्हा जन्म घेतील हजारो नथुराम गोडसे.",mr,unknown,male
010347.wav,"मी याविषयी त्यांना विचारले, तेव्हा त्यांच्या पत्नीने मोठ्या आनंदाने संमती दिली.",mr,unknown,female
002881.wav,परंतु मुघलांशी शत्रुत्व पत्करण्याएवढी ताकद आपल्यात नाही.,mr,unknown,female
003382.wav,माणसाची एक अनोखी कला म्हणजे विसरण्याची व पुन्हा आठवण्याची क्रिया.,mr,unknown,female
001303.wav,त्याने एका सेवकाला त्या गोसाव्याची राहण्या-जेवणाची चांगली व्यवस्था ठेवण्यास सांगितले.,mr,unknown,female
005045.wav,राजा त्या जुन्या झाडावर परत चढला आणि त्याने ते प्रेत खाली आणले.,mr,unknown,male
006135.wav,त्यामुळे ते खऱ्या अर्थाने जनमानसात स्थानापन्न झाले.,mr,unknown,male
005958.wav,मी आजही विद्यार्थ्यांना विचारतो की तुम्ही कशासाठी शिकता,mr,unknown,male
005174.wav,त्या चोराचे बोलणे ऐकून खड्ग व जीवदन्त बुचकळयात पडले.,mr,unknown,male
007935.wav,"एक स्त्री येऊन अमृत व सुरा पंक्तीत वाढेल, ज्याला जे मिळेल ते त्याने घ्यावे.",mr,unknown,male
003236.wav,परदेशात अनेक ठिकाणी घरबसल्या ऑफिसचे काम करण्याची सुविधा कंपन्यांनी आपल्या कर्मचारी वर्गाला देऊ केली आहे.,mr,unknown,female
003258.wav,वाहतूक खर्चात बचत आणि खताचा स्थानिक उपयोग शक्य,mr,unknown,female
006559.wav,आष्टीत उभारणार कर्मवीर औदुंबरराव पाटील साखर कारखाना,mr,unknown,male
008056.wav,बळीराजाची दानशूरता पाहून वामनाने त्याला पाताळीचे राज्य दिले.,mr,unknown,male
000177.wav,मुलगा पुरता घाबरला होता आणि घाबरत घाबरतच बोलला.,mr,unknown,female
000436.wav,ह्या कलियुगात लोकांनी त्या थोर मुक्तीलाच वैकुंठात पाठवून दिलं.,mr,unknown,female
007673.wav,त्यांच्याकडं जाऊन मी तुमची हकीगत सांगतो.,mr,unknown,male
000309.wav,"हाच तुझा अध्यात्मातला पहिला धडा होता, तू परीक्षेत उत्तीर्ण झाला आहेस.",mr,unknown,female
001566.wav,तिच्या अशा स्वार्थी आणि अविचारी वागण्याचे त्यांना वाईटही वाटत होते.,mr,unknown,female
003965.wav,चांगभले खंडोबांचा येळकोट असा जयघोष करीत या भंडाऱ्यांची उधळण होते तळी भरणे हा एक विधी असतो.,mr,unknown,female
006763.wav,कार्यक्षमता ल्युमेन्स/वॉट बारा बेचाळीससाठ,mr,unknown,male
005352.wav,तेजीमाला हे सारं निमूटपणे सोशीत होती.,mr,unknown,male
008980.wav,"पारधी त्याच्यावर ओरडला, छे, मग तर मुळीच नाही सोडत तुला, तुझ्यासारख्या विश्वासघातक्याला कशाला सोडायचं?",mr,unknown,male
000596.wav,"गौतम मृदु स्वराने म्हणाले, `काय पाहिजे तुला बाळ?’",mr,unknown,female
004416.wav,दिशांत दिपांशु दिर्घेश देव दुर्वेश देवांग दृष्टांत देवेश दक्षेश,mr,unknown,female
009115.wav,नाहीतरी अरण्यात राहणा-या मुलाचा दंगा म्हणून सोडून दिलं असतं सा-यांनीच माझं वागणं.,mr,unknown,male
002624.wav,"मध्यरात्र झाली आहे, गडद अंधार आहे, कांहीही दिसत नाही आणि तुला भिती वाटत नाही कां?",mr,unknown,female
008327.wav,"कन्येस ऋषींच्या स्वाधीन करुन राजा म्हणाला, महाराज, ही माझी मुलगी आपल्या स्वाधीन करत आहे.",mr,unknown,male
010022.wav,नाभाने हिरमुसून सर्व हकिकत बाबांना सांगितली.,mr,unknown,male
000232.wav,शेठजींच्या मनात राजाविषयी वाईट विचार आला; म्हणून राजाच्या मनात त्याची प्रतिक्रिया उमटली.,mr,unknown,female
000180.wav,"एका माणसाने आपला नेहमीचा वेष बदलला, दाढी वाढविली, गळ्यात सोन्याची जाड चेन, हातात ३ जाडजूड अंगठ्या घातल्या.",mr,unknown,female
000738.wav,शंकरांनीही त्रिशूळ पोटात खुपसून त्याला मारण्याचा प्रयत्न केला.,mr,unknown,female
007263.wav,मला हे राजवैभव मान्य आहे; पण माझ्या पाठीवर काहीतरी ओझे आहे.,mr,unknown,male
010858.wav,बागेत थुईथुई उडणांरं कारंजं होतं.,mr,unknown,female
009914.wav,असे म्हणून सत्यकामाने आईने सांगितल्याप्रमाणे सर्व सांगितले.,mr,unknown,male
009783.wav,"चोरांनाही आश्चर्य वाटले, ते दोन्ही रक्षक नाहीसे झाले होते.",mr,unknown,male
006180.wav,"या भूमीत जन्माला आलेले, तिला मानणारे व नव्या हिंदवी स्वराज्याला मानणारे ते महाराष्ट्रीय असे शिवरायांनी ठरवले.",mr,unknown,male
004686.wav,सीता ही जनक राजाची लाडकी कन्या व दशरथासारख्या महाप्रतापी चक्रवर्तीची सून.,mr,unknown,male
001322.wav,नीतूच्या मैत्रिणींनाही तिचीही गाडी खूप आवडायची.,mr,unknown,female
001996.wav,मुलांनी दिलेल्या अल्पशा मदतीतून एका बालकाला दृष्टी मिळाली.,mr,unknown,female
005128.wav,या रोगावर माझ्याकडे अचूक इलाज आहे.,mr,unknown,male
010096.wav,गव्हात कीड लागू नये म्हणून आई कडूनिंबाच्या फांद्या त्यात ठेवते.,mr,unknown,male
000801.wav,घरांत लक्ष्मीचे आगमन व्हावे या हेतूनेही या दिवशी सवत्स धेनूची पूजा करण्याची पद्धत आहे.,mr,unknown,female
008313.wav,"भिल्ल राजाचीच ती मुलगी, लहानपणी तीही लहानसे धनुष्य घेऊन हरणांच्या पाठीमागे लागे.",mr,unknown,male
008498.wav,ज्या समाजाच्या जिवावर आजवर तुम्ही जंगलात त्याला या जुलुमजबरदस्तीतून मुक्त करण्यासाठी काहीतरी प्रयत्न करणं हे तुमचं कर्तव्य नाही का.,mr,unknown,male
005949.wav,किंबहुना या मावशीबद्दलचे लोकांचे प्रेम वाढतच आहे.,mr,unknown,male
000070.wav,शेवटी तो माणूस म्हातारा झाला.,mr,unknown,female
005131.wav,"एका प्रसंगी, तरुणांचा एक समूह खूपच निग्रही, हट्टी झालेला दिसत होता.",mr,unknown,male
006747.wav,मंदिराच्या आवारात चार वर्षांपूर्वी भक्तिधाम बांधण्यात आले आहे.,mr,unknown,male
001681.wav,"डोंगराच्या वरच्या बाजूला घनदाट जंगल होतं, या डोंगरावर झुळझुळणारे झरे होते, तुडुंब भरलेल्या विहिरी होत्या.",mr,unknown,female
000378.wav,ते ऐकून जटीलला प्रश्न पडला.,mr,unknown,female
001470.wav,"हे ऐकल्यावर चिनूला खूपच राग आला, हे काय डब्यातही तेच आणि आताही तेच, मी नाही काही खात जा, चिन्मय धूसफूसत म्हणाला.",mr,unknown,female
002604.wav,आणि हीच दुर्घटना त्याच्या साठी जीवनदायी ठरली.,mr,unknown,female
004182.wav,ग्रेग चॅपेल मार्च दोन हजार सात मधे.,mr,unknown,female
005088.wav,कारण ती विद्या अवगत करून घेऊन त्याचा उपयोग करण्यात धोकेच येतात.,mr,unknown,male
004231.wav,चीन व भारत यांची घौडदौड वेगात आहे.,mr,unknown,female
003092.wav,व रामाच्या पायां पडून त्याने आंसवांनी रामाचे पाय धुवून काढले.,mr,unknown,female
002727.wav,आणि त्याने वांकून बादशहाला सलाम केला.,mr,unknown,female
000478.wav,"भक्तीला आनंद झाला, तिने नारदांचे आभार मानले.",mr,unknown,female
001330.wav,तिच्या डोक्यातून स्कूटरचे भूत काही गेले नव्हते.,mr,unknown,female
002284.wav,दंडकारण्यांत मत्स्यध्वज याच्या राज्यांत वैजयंतजवळ शंबर नांवाच्या राक्षसाशी युद्ध करीत असतां.,mr,unknown,female
010843.wav,रोजच्या मेहनतीचे फळ त्यांना मिळाले आणि पुढच्या परीक्षेत गौरीला गणितात उत्तम मार्कस मिळाले.,mr,unknown,female
010558.wav,"पांढराशुभ्र चंद्रप्रकाशात पृथ्वीवरच्या माणसांनाही शांत वाटू लागले, झोप येऊ लागली.",mr,unknown,female
000752.wav,"यात दैत्यांचे काहीतरी गुप्त कारस्थान आहे, असा संशय त्यांनी विष्णूकडे व्यक्त केला.",mr,unknown,female
005938.wav,मी इतका जेवलोय की आता वाकूच शकत नाही.,mr,unknown,male
007262.wav,काही क्षणांनंतर त्याच्या मनात विचार आला.,mr,unknown,male
010159.wav,"त्यात सोन्याचे दागिने, चांदीचा रूपया, दागिने ठेवून त्यांची पूजा करतात.",mr,unknown,male
006222.wav,यासाठी इंग्रजी भाषेचाही उत्तम अभ्यास व्हायला पाहिजे.,mr,unknown,male
001546.wav,"त्यावर बाबा वैतागलेल्या सुरात म्हणाले, अगं, महागई किती वाढलेली आहे, शिक्षणाच्या भविष्याच्या द्रुष्टीने कितीतरी पैसा साठवायचा आहे.",mr,unknown,female
009167.wav,घर लहानसच असल्यानं सर्वांची बसण्याची व्यवस्था खालीच केली.,mr,unknown,male
009379.wav,"राजाने आश्चर्यचकित होऊन त्या स्त्रीला हात जोडून नम्रपणे विचारले, आपण कोण आहात.",mr,unknown,male
002684.wav,ती पांच वर्षांची असताना अकस्मात एका अनोख्या रोगाने आजारी पडली.,mr,unknown,female
008421.wav,"लहानपणी मुलावर जे परिणाम होतात, ते दृढतम असतात, लहानपणी मुलाचे मन रिकामे असते.",mr,unknown,male
007440.wav,"मुलाने वडिलांना सांगितले, तुम्ही घोड्यावर बसा, मी पायी चालतो.",mr,unknown,male
006486.wav,तसा भर लसींच्या संशोधनावर देण्याची आवश्‍यकता आहे.,mr,unknown,male
003519.wav,यात होणारा रक्तस्राव संभाव्य तारखेस जोडून थोडासा मागेपुढे होतो.,mr,unknown,female
010866.wav,फळबागेत फळं खाऊन झाडांखाली निवांत झोपायचे.,mr,unknown,female
002355.wav,अयोध्येहून रामलक्ष्मण सीतेसह निघाले ते करुण दृश्य हृदयाला विदीर्ण करणारे होतें.,mr,unknown,female
000774.wav,पक्षी झाडावर घरटी बांधतात आणि छोट्या छोट्या पिल्लांना त्यात ठेवतात.,mr,unknown,female
005640.wav,या पैकी मी कुठेच नसली तर,mr,unknown,male
009656.wav,शूरसेन नावाचा एक राजा होता.,mr,unknown,male
008684.wav,अजून कुकर लावायचा बाकी होता.,mr,unknown,male
000642.wav,गौतमांनी त्याला दुरून पाहिल्यावर त्यांना सर्व प्रकार कळून आला.,mr,unknown,female
006635.wav,"सिद्दिकी, डॉक्टर गुलिस्ता उमर, सरपंच कुरेशी, सिनगारे, अब्दुल फय्युम साथ आटोक्‍यात आणण्यासाठी प्रयत्न करीत आहेत.",mr,unknown,male
004763.wav,शंकर स्तब्ध उभा असताना पार्वती आपल्या बाळाच्या देहावर पडून रडत होती.,mr,unknown,male
004951.wav,सम्राटाच्या आवाजाला किंचित उपहासाची धार होती.,mr,unknown,male
006082.wav,आपण अल्पसंख्य आहोत म्हणून मराठी माणसाने त्या त्या स्वरूपाचे फायदे मागावेत.,mr,unknown,male
000866.wav,"त्यामुळे त्या समाजात निर्भयतेने फिरू शकतील, तो दिवस, म्हणजे दीपावलीतील भाऊबीज पूजनाचा दिवस.",mr,unknown,female
006438.wav,आज सायंकाळी तपोवनातील रामटेकडीजवळील नदीपात्रात मृतदेह असलेली कोठी सापडली.,mr,unknown,male
005925.wav,आता नव्या दमाची तरूण पिढी संगीताकडे वळू लागली आहे.,mr,unknown,male
010817.wav,"जसे जसे हे मावळे वर जात होते तसा त्यांचा उत्साह कमी कमी होत होता, त्यांना दम लागत होता.",mr,unknown,female
005957.wav,"आमचे चेहरे बघण्यासारखे झाले होते, असे मालतीबाई बेडेकरांनी सांगितले.",mr,unknown,male
005770.wav,'प्रतिपदा' या संस्कृत शब्दाचा अपभ्रंश होऊन प्राकृत भाषेत 'पाडवा' हा शब्द रुढ झाला.,mr,unknown,male
006642.wav,त्यामुळे जातींवरून राखीव जागा देण्याचा प्रश्‍नच उद्‌भवत नाही.,mr,unknown,male
000963.wav,या मतभेदांमुळे सामान्य माणसाच्या मनात संभ्रम निर्माण होतो.,mr,unknown,female
008494.wav,"प्रधानाने घोडयावरुन उतरुन व त्या साधूजवळ जाऊन त्याला नमस्कार केला असता साधूनं त्याला विचारलं, तुम्ही कोण.",mr,unknown,male
007316.wav,"पण व्यक्त करायला माझा त्याचाशी, किंवा तिच्याशी तरी, काय संबंध, म्हणून शांतच उभा होतो.",mr,unknown,male
006370.wav,त्यासाठी आपल्याला लागेल फक्त ब्रेड आणि फ्रूट जॅम.,mr,unknown,male
003310.wav,वेदकालीन वाङ्मयांत वसंतसंपात कृत्तिका नक्षत्रांत पडत आहे असा उल्लेख आहे.,mr,unknown,female
002167.wav,"तिने वर पाहिले तर तिला चंद्रहार मिळाला, तिने बिळात हात घातला तर तिला अंगठी मिळाली.",mr,unknown,female
000364.wav,"तू ज्या रानातून जातोस, तिथे तुझा गोपाळदादा राहतो.",mr,unknown,female
003724.wav,"पुन्हा एकदा, साधारण सोळा हजार वर्षापूर्वी हवामान अधिक आर्द्र बनले.",mr,unknown,female
002826.wav,त्यामुळे त्याने आज थोड्या उशीरा येण्याची परवानगी मागितली आहे.,mr,unknown,female
003598.wav,"यात डासांच्या अळयांविरुध्द मोहीम, जंतवाहक व्यक्तींना उपचार, हत्तीरोगग्रस्त भागात सर्वांना डाकाझिनचा डीई यांचा समावेश आहे.",mr,unknown,female
000547.wav,"नम्रपणे म्हणाला, राजा, ब्रह्मसमाधीत मग्न असलेल्या शमीक ऋषींकडून आपलं यथोचित स्वागत झालं नाही, याबद्दल त्यांना आता हळहळ वाटत आहे.",mr,unknown,female
002941.wav,त्यामुळें मालाची विक्री करण्यासाठी त्याला वरचेवर बाहेरगांवी जावे लागत असे.,mr,unknown,female
000472.wav,अशाप्रकारे नारदांनी भक्तीला शांत राहण्याचा उपदेश केला.,mr,unknown,female
001642.wav,संध्याकाळ होत आल्यामुळे खाली उतरणे आवश्यक होते.,mr,unknown,female
003339.wav,"जन्म अठरा-बारा-अठरा शे छप्पन्न, मृत्यू तीस-आठ-एकोणीस शे चाळीस",mr,unknown,female
010764.wav,त्यांनी विचार केला आठ वर्षाच्या भुवनला ह्या छोटया गावात जुळवून घेणे सहज शक्य होईल.,mr,unknown,female
001173.wav,"शबरी म्हणाली, लहानपणी मी तर शिकार करीत असे, माझे बाबा हरणे मारुन आणीत, शेळ्या, मेंढ्या आमच्याकडे मारल्या जायच्या.",mr,unknown,female
009936.wav,त्याने सत्यकामाला ईश्वर म्हणजे काय ह्याचा एक चौथा भाग ज्ञान शिकविले.,mr,unknown,male
010588.wav,कुठलीही गोष्ट घडण्याची एक ठराविक वेळ असते असे म्हणतात ते अगदी खरंय.,mr,unknown,female
005468.wav,तुम्ही राजधानीबाहेर दूर कोठेतरी काही काळ जाऊन रहा कसे!,mr,unknown,male
005502.wav,त्याला जाणवत होते फक्त वास्तवाचे ठिपके,mr,unknown,male
004378.wav,तमिळ वांग्मयात इडलीचा पहिला उल्लेख सतराव्या शतकात लिहिल्या गेलेल्या मच्छ्पुराणात सापडतो.,mr,unknown,female
010828.wav,"कधीतरी बदल म्हणून वेफर्स, बिस्किटे खायला हरकत नाही, पण संपूर्ण जेवण त्यावर नको.",mr,unknown,female
001411.wav,आंधळा मागतो एक डोळा आणि देव देतो दोन डोळे अशातली आमची अवस्था झाली.,mr,unknown,female
005800.wav,महिला व नववधू ज्या सणाची आवर्जून वाट पाहत असतात.,mr,unknown,male
008829.wav,"तू गुणी मुलगा आहेसच परंतु सर्व मित्रांना मदत करायला आणि त्यांच्या बरोबर जुळवून घ्यायला तुला शिकलेच पाहीजे, त्यामुळेच तू सर्वात 'बेस्ट' होशील.",mr,unknown,male
007034.wav,तीन: व्हेन्स अल्सर्स पायातील अशुद्ध रक्तवाहिनीच्या बिघाडाने होणाऱ्या जखमा.,mr,unknown,male
008130.wav,मानव हा निसर्गाचा एक अविभाज्य अंश असल्याने त्याला निसर्गावर आक्रमण करणे असंभव आहे.,mr,unknown,male
008580.wav,काहीच काम होईना म्हणून नाईलाजाने झोपू लागले.,mr,unknown,male
000816.wav,त्याच्या अवतीभवती सोन्या चांदीच्या मोहरा ठेवल्या जातात.,mr,unknown,female
002132.wav,हळूहळू करता करता पाच चण्यांचे पोतंभर चणे झाले.,mr,unknown,female
001798.wav,"पण आपल्याच तो-यात घोडा उतावीळपणे त्याला म्हणाला, चल लवकर हो बाजूला, नाहीतर एखादी लाथच खाशील.",mr,unknown,female
003123.wav,सर हम्फ्रे डेव्ही सर हम्फ्रे डेव्ही,mr,unknown,female
007025.wav,आता भूपतीस्टेपानेक यांची फिलिप कोलश्‍क्रीबर जर्मनी आणि मिखाईल यूझ्नी रशिया यांच्याशी लढत होईल.,mr,unknown,male
004276.wav,मॅकरोनी किंवा स्पघेटी मधे लोणी घालून दिलं तर मुलं प्रेमाने खातात.,mr,unknown,female
010130.wav,महालाचे प्रवेशद्वार ही असेच सोन्या चांदीने भरून रोखले जाते.,mr,unknown,male
009037.wav,"बाकी सर्व ठीक आहे हो, पण तुमचं आमचं एकत्र राहाणं जमायचं नाही.",mr,unknown,male
005459.wav,त्यावेळी ऐंशी कोटी वराह किंमतीच्या मालमत्तेचे ते स्वामी होते.,mr,unknown,male
009281.wav,"चोरी करणार्‍याचा हातच आम्ही कापतो, राजा म्हणाला.",mr,unknown,male
009896.wav,"जबाला अश्रू गाळीत म्हणाली, `बाळ सत्यकामा, मी तरुण असताना निरनिराळ्या घरी दासी म्हणून नोकरी करीत हिंडत असे, त्यातच केव्हा तरी तुझा जन्म झाला.",mr,unknown,male
000238.wav,लहान मुलाला उन्हातून चालवतो आणि आपण मात्र आरामात घोड्यावर बसला आहे.,mr,unknown,female
001533.wav,आजपासून आम्ही ठरवले आहे की आवश्यकते नुसारच आपल्याला जितके मासे हवेत तितके मासे घ्यायचे.,mr,unknown,female
010307.wav,"अगस्ती हा विंध्यपर्वत ओलांडून दक्षिणेकडे आलेला पहिला संस्कृतिप्रसारक होय, ही गोष्ट त्याने विंध्यपर्वतास वाढू नकोस, असे सांगितले त्यात दिसून येते.",mr,unknown,female
004610.wav,वसुंधरेच्या आठवणीने वपुंच्या चेहर्यावर अगदी सहज जाणवण्याइतपत व्याकूळ बदल झाले.,mr,unknown,female
003411.wav,आधुनिक वैद्यकाचा जनक हिप्पोक्रॅटीस याने डॉक्टरांनी पाळायच्या सूचना लिहून ठेवल्या आहेत.,mr,unknown,female
007587.wav,"जटील शाळेत गेला, तेव्हा त्या वाटीभर दुधाकडे पाहून सर्वांनीच त्याची थट्टा केली, त्यामुळे त्यास रडू आले.",mr,unknown,male
009976.wav,पण प्रियमेधाला काही इतके आयुष्य नव्हते.,mr,unknown,male
001536.wav,आईचे बोलणे ऐकून मिताने तिला अत्यानंदाने मिठी मारली.,mr,unknown,female
003880.wav,अर्थात सर्व भागात बेसॉल्ट एकाच प्रकारचा नाही.,mr,unknown,female
001300.wav,"राजाला नमस्कार करुन म्हणाला, महाराज ! मी बहुतेक सर्व पक्ष्यांची भाषा जाणतो.",mr,unknown,female
004386.wav,महाभारतात पिष्ठौदन म्हणजे खिमा घालून केलेल्या भाताचा उल्लेख खूपदा येतो.,mr,unknown,female
009003.wav,आपल्या प्रयत्नाइतका सामर्थ्यशाली देव दुसरा कोणी नाही.,mr,unknown,male
001481.wav,ताप आलेला असतांनाही आपण आईशी किती वाईट बोललो हे आठवून त्याला खूप वाईट वाटले.,mr,unknown,female
002794.wav,"दोघे भिंतीजवळ जाऊन दुसर्या बाजूला काय आहे ते पहाणार, तेवढ्यांत मांत्रिक भिंतीवर उभा राहून ओरडूं लागला.",mr,unknown,female
007926.wav,जनमेजय राजाने वैशंपायन ऋषींना समुद्रमंथनाची कथा सांगण्याची विनंती केली.,mr,unknown,male
010702.wav,तिचे बाबा मासे पकडत तेंव्हा जाळ्यात अडकलेल्या माश्यांची तडफड तिला अस्वस्थ करुन जात असे.,mr,unknown,female
007276.wav,"दगड घ्यायचा, साखळीला लावायचा आणि फेकून द्यायचा या नादात त्याचे साखळीकडे लक्षच गेले नाही.",mr,unknown,male
006673.wav,ते खजरी डोंगरगाव येथे आयोजित आदिवासी हलबा हलबी समाज सामूहिक विवाह सोहळ्यात बोलत होते.,mr,unknown,male
004534.wav,साहेब एकंदरीत पाणवठ्यावर बसलेल्या गबदूल बेडकासारखाच दिसत होता.,mr,unknown,female
005554.wav,तो स्पर्श सांग तुजला सांगुन काय गेला,mr,unknown,male
005933.wav,एकसमयावच्छेदेकरुन याच अर्थ एकाचवेळी असा होता.,mr,unknown,male
003662.wav,रांझच्या एक्सप्रेशनिस्ट निसर्गदृश्यांनाही हेब्बर यांच्या पोत प्रयोगांइतकीच दाद मिळाली.,mr,unknown,female
000556.wav,तेथे व्यासपुत्र शुकमुनींची स्वारी आली.,mr,unknown,female
001164.wav,"तिचे मन आता फुलासारखे हळुवार झाले होते, झाडांच्या फांदीलासुद्धा धक्का लावताना तिला आता वाईट वाटे.",mr,unknown,female
006002.wav,"पण इंग्रजीचा व्यावहारिक राष्ट्रभाषा म्हणून वापर करायला हवा, तसा तो आज न बोलता, होतही आहे.",mr,unknown,male
000398.wav,"ते म्हणाले, आम्ही चोर आहोत, तुमच्याजवळ जे काही असेल, ते आम्ही घेऊन जाणार होतो.",mr,unknown,female
007039.wav,"त्यासाठी कुटिरोद्योग, अप्रदूषणकारी प्रकल्प मतदारसंघात सुरू करण्यासाठी प्रयत्न केले जातील.",mr,unknown,male
006361.wav,युवकांना बेरोजगारी भत्ता देण्याचा प्रारंभ सर्वप्रथम खेड्यातून होईल.,mr,unknown,male
009639.wav,"आपण उपेक्षित अवस्थेत जगणार अन् शेवटी मरणार, असा विचार करता करता त्याचे डोके सैरभैर झाले.",mr,unknown,male
007021.wav,आठ ते दहा दिवसांपूर्वी दोघा अनोळखी युवकांनी अजय यांच्याकडून भेळ घेतली.,mr,unknown,male
010047.wav,हे पाहून चंद्राने विष्णूला खूण करून हे कळवले.,mr,unknown,male
005172.wav,ही कोणी राक्षसी किंवा डोंगरी लावसट आहे की काय,mr,unknown,male
000724.wav,देव हे शेपटीच्या बाजूने व राक्षस मुखाच्या बाजूने ओढत होते.,mr,unknown,female
000301.wav,आत्मानंद महाराजांनी उठून दोघांचे स्वागत केले.,mr,unknown,female
009204.wav,मुलांनी दिलेल्या अल्पशा मदतीतून एका बालकाला दृष्टी मिळाली.,mr,unknown,male
004295.wav,"तुमच्या मानसिक सामर्थ्याला मायबोलीकरांचा सलाम आतंक पाहूनि चहूओर, रक्त नयनि दाट्ले.",mr,unknown,female
004353.wav,"माझा नातू पार्थ बंटीबाबा, आज वय दोन महिने अठरा दिवस.",mr,unknown,female
004186.wav,"कोणत्याही कलाकाराचा एक कार्यक्रम, एक सादरीकरण अनुभवून स्टँप मारायचा नाही.",mr,unknown,female
005228.wav,त्यामुळे त्याने आज थोड्या उशीरा येण्याची परवानगी मागितली आहे.,mr,unknown,male
010531.wav,"दुसऱ्या दिवशी राजा उन्मत्तसिंगाचा दरबार भरला असता, एक सेवक आत आला.",mr,unknown,female
010758.wav,"तिची चूक तिला उमगली, आपण सीमाच्या मनाचा विचार न करता आपण तिचा स्नेहसम्मेलनाचा ड्रेस घालायला मागितले ह्या बद्दल तिला वाईट वाटले.",mr,unknown,female
003143.wav,त्याचप्रमाणें आकड्याशी खेळण्याची पध्दत भारतांत आढळून येते.,mr,unknown,female
004955.wav,तो एका तोंडाने वेदपठण करीत असला तर दुसर्‍या तोंडाने दारू पीत असे.,mr,unknown,male
003206.wav,डीदिव्यांचा ल्यूमेन आऊटपूट प्रति वॅट हा सीएफ.,mr,unknown,female
010735.wav,तुला माहिती आहे विल्मा रुडाल्फ ही अमेरिकन खेळाडू पोलिओमुळे दोन्ही पायांनी अपंग होती.,mr,unknown,female
010476.wav,"मनुष्याला स्वत:चे अध:पतन सांगावयास जशी लाज वाटते, त्याप्रमाणे आपण कसे चढलो व चढत आहोत, हे सांगावयासही लाज वाटते.",mr,unknown,female
008559.wav,आज नीतू खूपच आनंदात होती कारण तिच्या शहाण्यासारख्या वागण्यामुळे तिला तिच्या आवडीचे गिफ्ट मिळाले होते.,mr,unknown,male
005863.wav,नाही तर स्त्री भ्रूणहत्या करुन आपणच आपल्या पायावर कुऱ्हाड मारल्यासारखे होईल.,mr,unknown,male
001153.wav,"ऋषी म्हणाले, होय, दिवसा लोकांकडे लक्ष ठेवण्याचे काम सूर्य करतो, रात्री ते काम चंद्र व तारे करतात.",mr,unknown,female
001213.wav,"आई देह देते व मनही देते, जन्मास घालणारी तीच व ज्ञान देणारीही तीच.",mr,unknown,female
007448.wav,बिचारा यांच्या वजनाने दबून जाईल.,mr,unknown,male
010621.wav,"ते पाहिल्यावर आई म्हणाली, मिनू मला तुझे कौतूक वाटते, पिंजर्यात डांबून न ठेवता तू मिठूला मोकळे ठेवलेस त्यामुळेच ती तुझ्याकडे परत आली.",mr,unknown,female
007845.wav,प्रत्येक प्राण्यात ईश्वराचा हा अंश असतो.,mr,unknown,male
005803.wav,"महाराष्ट्रात संक्रांतीच्या आधीच्या दिवसाला भोगी, तर नंतरच्या दिवसाला किंक्रांत किंवा करीदिन म्हणतात.",mr,unknown,male
005122.wav,तू जरा ह्या प्रकरणात लक्ष घालशील का,mr,unknown,male
000666.wav,अशा रीतीने प्रियमेधानंतर नवव्या पिढीत साकमश्व जन्मला.,mr,unknown,female
000643.wav,"गौतम म्हणाले, `सत्यकामा, ईश्वराचे ज्ञान झाल्यासारखा तू तेजस्वी दिसतोस, कुणी शिकविले तुला?",mr,unknown,female
010121.wav,"ह्या दिवशी गहू, मूग खात नाहीत.",mr,unknown,male
003768.wav,"त्याच्याबरोबर आलेला गृहस्थ तर निवळ अजागळ, होस हो देणारा, दिसला.",mr,unknown,female
004273.wav,लॉस एंजल्स मधले मायबोलीकर समाज लॉस एंजलीस प्रतिक्रिया देण्यासाठी ?,mr,unknown,female
005047.wav,"वन्य श्वापदांच्या, विषारी जनावरांच्या आणि भुताखेतांच्या या अरण्यात तू तुझे प्राण धोक्यात का घालतो आहेस",mr,unknown,male
000787.wav,"नारळपाणी रक्तविकार नाशक, वात-पित्त नाशक आणि शक्तीवर्धक असते.",mr,unknown,female
007689.wav,तसेच गंगाद्वाराजवळ आनंद नावाच्या उपवनात स्वत: नारदमुनींनी पहिला भागवतसप्ताह केला.,mr,unknown,male
003203.wav,त्यामुळे वर्तमान तसेच भविष्यकाळातील पर्यावरणविषयक दंडकांना सामोरे जाण्याची क्षमता एलई.,mr,unknown,female
009730.wav,त्याचे गुरुजी प्रेमळ होते आणि शाळेतील सवंगडीही मनमिळाऊ होते.,mr,unknown,male
004188.wav,अर्थात आमचाही नाईलाज होता पन्नाशी गाठल्याचे सेलिब्रेशन आईस्क्रीमने करणार नाही तर कशाने.,mr,unknown,female
010656.wav,"बापरे किती वेळ लागतो हे करायला, चिनू वैतागला.",mr,unknown,female
006912.wav,भिंतीत खिळे ठोकण्यावरून दोन कुटुंबांत तुंबळ हाणामारी,mr,unknown,male
002906.wav,साइबेरियन चीता आपल्या समुद्रासारख्या निळ्या डोळ्यांना मला रागीटपणे बघत होता.,mr,unknown,female
006922.wav,रात्री साडेनऊला घरी आल्यानंतर आत्माराम याने पत्नीकडे मटण तयार करण्यासाठी दिले.,mr,unknown,male
000997.wav,"मनू विणकर होता, विणण्याची कला त्याच्या बोटांत होती.",mr,unknown,female
005091.wav,म्हणूनच संकटाशी सामना करताना तू घाबरत नाहीस.,mr,unknown,male
010768.wav,ही मुले इंग्रजीत न बोलता सतत आपल्या मातृभाषेत म्हणजेच कन्नडात बोलत आणि डब्यात दहीभात आणत असत.,mr,unknown,female
007567.wav,पण तिने धीर सोडला नाही.,mr,unknown,male
000157.wav,"स्वर्गात मला महात्मा फुले भेटले, त्यांना पाहून डोळ्यात माझ्या आश्रूंचा सागर दाटला.",mr,unknown,female
006346.wav,साठवण टाकीला लोखंडी शिडी बसविण्याबरोबरच व्हॉल्व्ह दुरुस्तीवरही भर देण्यात आला आहे.,mr,unknown,male
003086.wav,हा खेळ देशाच्या बर्याचश्या भागांमधे फार हौंशीने खेळला जातो.,mr,unknown,female
007105.wav,व्यंगचित्रे म्हणजे लोकभाषाच वैजनाथ दुलंगे,mr,unknown,male
007506.wav,त्यांना खावयास ताजी फळे दिली आणि जास्त वेळ न बोलता अध्यात्म शिकवण्यास आरंभ केला.,mr,unknown,male
005012.wav,तू संकटांच्या गर्तेत सांपडलेला आहेस ते मला पहावत नाही.,mr,unknown,male
006168.wav,सध्या ते घडताना दिसत नाही काय,mr,unknown,male
003796.wav,"एक सवाशीण स्वप्नांत आली, तिला पाहून नावडती रडूं लागली.",mr,unknown,female
000496.wav,"डोळे मिटून ब्रह्मसुखाचा अनुभव घेत शमीक ऋषी समाधी लावून बसलेले, त्यांना बाह्य जगाचा अगदी विसर पडलेला!",mr,unknown,female
002322.wav,अशा तर्हेने वडिलांच्या आज्ञेचे पालनही होईल व सर्वांना सुखही मिळेल.,mr,unknown,female
005141.wav,पण खड्गवर्माला मांत्रिक आणि जटाभुताचीच चिंता होती.,mr,unknown,male
004505.wav,"सभासद करुन घेतल्याबद्द्ल धन्यवाद, बेफिकिर या॑च्या लिखणाविशयी प्रतिक्रिया द्यायच्या आहेत.",mr,unknown,female
000152.wav,"मान खाली घालुन तसाच पुढे गेलो, काय आश्चर्य स्वर्गात मला औरंगजेब भेटला, म्हणे काफरांना मारुनच तर स्वर्ग गाठला.",mr,unknown,female
005033.wav,गुहेतुन आलेल्या त्या राक्षसीच्या किंकाळ्या ऐकून तो तिकडे वळला.,mr,unknown,male
005327.wav,"अशा प्रकारे त्याने आपले ज्ञान, संयमी विचारशक्ती, वाढवली होती.",mr,unknown,male
007542.wav,तो अल्लाउद्दीनला मिळाल्याचे समजताच तिच्या तळपायाची आग मस्तकात गेली होती.,mr,unknown,male
001739.wav,ते त्याने आपल्या कुत्र्याच्या पिल्लांबरोबर वाढवले व मोठे केले.,mr,unknown,female
003002.wav,ते सोन्याचे आहे हे दोघींनाही माहीत नव्हते.,mr,unknown,female
010777.wav,भुवन रडणे थांबवून तिच्याकडे पाहू लागला.,mr,unknown,female
007301.wav,प्रत्यक्ष दहा मिनिटे माझ्या पुढे उभी राहून मला एकही शब्द बोलू न देणाऱ्या त्या अनोळखी मुलीला.,mr,unknown,male
005577.wav,नंतर कार्यक्रम होतो तो दुःख वाटुन घेण्याचा त्याला 'दुखवटा' असेच म्हणतात.,mr,unknown,male
009870.wav,त्यांनी परिक्षिती राजाला त्या सात दिवसांत “भागवत” सांगितले.,mr,unknown,male
002884.wav,वीरपूर राजाच्या प्राणीसंग्रहालयाच्या अधिकार्या- जवळ आता केवळ सात सैनिक उरले होते.,mr,unknown,female
003721.wav,`पोपटांच्या चोचींप्रमाणे लाल भडक पळसाच्या फुलांनी भूमी शोभायमान झाली आहे.,mr,unknown,female
006966.wav,मृताचे नाव गणेश भुसूम वय सोळा राहणार टेंब्रूसोंडा असे आहे.,mr,unknown,male
009343.wav,"गौतमने पोतं आणून गुरुजींच्या पुढे ठेवलं, गुरुजी खुष झाले.",mr,unknown,male
009547.wav,मदतीसाठी आजुबाजुला पाहत असताना त्याला तेथे एक लहान मुलगा दिसतो.,mr,unknown,male
004774.wav,मत्स्यावतार आपल्या चारही कल्ल्यांनी पोहत आणि शेपटी पाण्यावर आपटीत वेगाने लाटांना कापीत खोल निघून गेला.,mr,unknown,male
002277.wav,"उतारवय होत गेले, तसे राजाला वाटूं लागले कीं आतां हे राज्य रामाला सोंपवून आपण वानप्रस्थाश्रमांत प्रवेश करावा.",mr,unknown,female
000344.wav,दुसऱ्याच क्षणी ती गतप्राण होऊन कृष्णरावाच्या शवापाशी कोसळली.,mr,unknown,female
004137.wav,फिफानी अनवाणी पायानी खेळायची परवानगी नाकारल्यामुळे भारत ब्राझीलला गेलाच नाही.,mr,unknown,female
007660.wav,ह्या माझ्या बाळांची दुर्दशा मला पहावत नाही.,mr,unknown,male
005080.wav,तिथे पोचायला त्यांना एका छोट्याशा जंगलातून जावे लागणार होते.,mr,unknown,male
002224.wav,आपली दुर्बिण घेऊन तलावाच्या नजीक असलेल्या मनोर्यावर टेहळणी करता येते.,mr,unknown,female
004197.wav,लिंब्या मंद्या भडकेल तुझ्यावर आता अर्वाच्च्य शब्द वापरलेस असं म्हणून.,mr,unknown,female
006334.wav,पाहिलत ना आम्ही आमच्या गिऱ्हाइकांच्या अब्रुला किती जपतो ते,mr,unknown,male
004831.wav,"बाळ, मी जो बाहुला केला, त्याला तुझ्या पित्याने मारले आणि हा अशी चेष्टा करतोय.",mr,unknown,male
009444.wav,"त्यासाठी रस्त्यात जो दगड येईल तो घ्यायचा, गळ्यातल्या साखळीला लावायचा आणि फेकून द्यायचा.",mr,unknown,male
008236.wav,"इथं असलेल्या सर्वांना मी खुनी आहे असं खरोखर वाटतं, निदान माझा मित्र विनू तरी तसं म्हणणार नाही.",mr,unknown,male
005377.wav,"बोधिसत्वांनी फराळाचे जे सामान फेकून दिले, ते पाण्यातल्या एका भुताने घेतले.",mr,unknown,male
010010.wav,स्वर्गास जाताना त्यांनी आपले सर्व धन तुला द्यावे अशी अट तू त्यांना घाल.,mr,unknown,male
005435.wav,पंचायुधे धारण करून हा जगज्जेता होईल आणि शूर पराक्रमी म्हणून याचा नावलौकिक होईल!,mr,unknown,male
001466.wav,शाळेतल्या मित्रांना त्याचा हेवा वाटायचा.,mr,unknown,female
002235.wav,नारद गेल्यानंतर वाल्मिकी आपला शिष्य भरद्वाज ह्याला घेऊन तमसेच्या कांठावर गेले.,mr,unknown,female
008450.wav,"आत्मप्रौढीचा शब्दही माझ्या तोंडून बाहेर न येवो, अशी देवाला माझी प्रार्थना असते.",mr,unknown,male
003904.wav,तवजन्म देऊनी चुक म्या केली ब्रम्हकंठ रोखे,mr,unknown,female
009521.wav,"खाली आता न्याय बरेचदा विकत मिळतो, कोणीही आपल्या गाडीखाली गरिबांना चिरडतो.",mr,unknown,male
007335.wav,"टिळकांनी विचारले, स्वातंत्र्यानंतर बदललय का काही ?",mr,unknown,male
009394.wav,"सदाचार बाहेर पडला नाही, हे पाहून बाहेर गेलेली लक्ष्मी, दान आणि यशही परत आले.",mr,unknown,male
009084.wav,"हया उलट तु माझ्या जवळ आलास, तुझ्या डोळयात मला दयाळूपणा सहानुभूती दिसली, हेच मी जाणले आणि तुला विनंती केली.",mr,unknown,male
006067.wav,"महाराष्ट्रातील शिक्षण पद्धतीत मराठीला प्रथम स्थान असल पाहिजे, तर इंग्रजीला दुय्यम.",mr,unknown,male
004152.wav,मलाही स्वेतलानाचे जिंकण्याचे चान्सेस जास्त वाटतायत.,mr,unknown,female
005282.wav,मग दरबारी निघून गेले व हकीमने राजवाड्याकडे धाव घेतली.,mr,unknown,male
002122.wav,हर्षलने ते चणे व्यवस्थित कागदाच्या पुडीत बांधून डबीत ठेवले.,mr,unknown,female
010434.wav,"वर अनंत आकाशात असे अनंत तारे असतील, की जे पल्लेदार दुर्बिणीतूनही अजून दिसले नाहीत.",mr,unknown,female
008457.wav,"श्यामच्या मुखचंद्राकडे सर्वांचे डोळे लागले होते, तो भ्रातृसंघ म्हणजे एक अपूर्व दृश्य होते.",mr,unknown,male
007645.wav,"नंतर आम्ही महाराष्ट्र प्रांतात फिरलो, तिथं मात्र आमचे दिवस बरे गेले.",mr,unknown,male
003162.wav,जीवाणु वा गांडुळांची वाढ करून कचऱ्याचे खतात रूपांतर,mr,unknown,female
002631.wav,"विलासी आहे, लंपट आहे, त्यावेळेस तू निराश होणं साहजिकच आहे.",mr,unknown,female
009797.wav,तसेच गंगाद्वाराजवळ आनंद नावाच्या उपवनात स्वत: नारदमुनींनी पहिला भागवतसप्ताह केला.,mr,unknown,male
009322.wav,"पृथ्वीवर देखील देवता फिरतात ह्याची आज मला प्रचिती आली, सांगा तर तुमचं नांव, काकुळतील येऊन शर्माजी बोलले.",mr,unknown,male
006555.wav,बेंबळा कालव्याचे बांधकामावर असलेल्या ट्रॅंकरने पाणी मारून आग विझविण्यात आली.,mr,unknown,male
009835.wav,पण राजा परत आलाच नाही!,mr,unknown,male
001204.wav,मायबापच कळत वा नकळत मुलाला लहान किंवा मोठा करत असतात.,mr,unknown,female
006766.wav,या वेळी आपल्या शिष्यांबद्दल कौतुकोद्‌गार काढताना डॉक्टर मो.,mr,unknown,male
000617.wav,"बैल मनुष्यवाणीने म्हणाला, `सत्यकामा !’",mr,unknown,female
001927.wav,"मी तुम्हाला आदराने वंदन केले, पर्णकुटीच्या मागील परसात घेऊन गेलो.",mr,unknown,female
003115.wav,असे म्हणून अकबराने आपल्या बोटांतील हिर्याची अंगठी काढून ती विहिरीत टाकली.,mr,unknown,female
002642.wav,ह्याच जमातीतील गणाचारी नांवाचा माणूस राजाला पदच्युत करण्याचा प्रयत्न करीत होता.,mr,unknown,female
009829.wav,इतक्यात एका झाडाखाली मेलेला एक सर्प राजाच्या दृष्टीस पडला.,mr,unknown,male
002563.wav,"शेवटी, या स्वामीच्या असाधारण जीवनपद्धतीबद्दल कुणीही हस्तक्षेप करुं नये, असा न्यायाधीशांनी फतवा काढला.",mr,unknown,female
006336.wav,आता कशाला उगाच पैसे खर्च करतोस,mr,unknown,male
002729.wav,"तुला नक्कीच न्याय मिळेल, असे आश्वासन देऊन बिरबलाने त्याला परत पाठवले.",mr,unknown,female
004646.wav,ती पाहून ब्रह्मदेव प्रसन्न झाला व त्याने त्यांना ऋषी झाल्याची मान्यता दिली.,mr,unknown,male
008711.wav,"हो तूच हे सगळे केलेस, रोज आठ-दहा चॉकलेट्स खायचास, खाल्ल्यावर चूळ भरायचा नाहीस, रात्री दात घासायचा नाहीस, सकाळचे तुझे दात घासणेही घाईचेच असते.",mr,unknown,male
002127.wav,दिवसागणीक रोपं वाढली व त्याल चणे लागले.,mr,unknown,female
008876.wav,एकदा टीना आणि वर्गातल्या साहीलचे भांडण झाले.,mr,unknown,male
009041.wav,साप त्यामुळे अतिशय वेडापिसा झाला.,mr,unknown,male
005564.wav,"अभेद्य चौकट अश्रुंची, चित्र पुराणे माझे आई",mr,unknown,male
010164.wav,दात्याची सेवा करण्यास वामनाने बळीराजाचे द्वारपाल होण्याचे काम स्वीकारले.,mr,unknown,male
000806.wav,ह्या दिवसापासून अंगणात रांगोळी काढण्यास सुरूवात करतात.,mr,unknown,female
005610.wav,परंतु हृदय भेलकांडविणारे अनुभव शब्दांना सारुन कवितेत उतरले.,mr,unknown,male
008082.wav,"हवा थंड आणि आरामदायक होते, या हंगामात हवा धूळीपासून मुक्त असते.",mr,unknown,male
004281.wav,पण मेष राशी विंग्रजांपरमाने की आपल्या भार्तीय संस्क्रूतीपरमाने ?,mr,unknown,female
008283.wav,"त्याच्या पाठोपाठ भारद्वाज, मतंग, अत्रि प्रभृत्री ऋषी येऊ लागले व आपापले आश्रम रमणीय अशा ठिकाणी स्थापू लागले.",mr,unknown,male
006719.wav,"ऍलोटर्मटिक क्रीम स्नानानंतर नियमित वापरल्याने धूळ, प्रदूषण, सूर्यकिरणांपासून त्वचेचे संरक्षण होते.",mr,unknown,male
004803.wav,तू सुद्धा श्रीमतीपासून म्हणजे आपल्या बायकोपासून निराळा होऊन विरहव्यथेने विलाप करशील,mr,unknown,male
000548.wav,"आपण त्या ठिकाणी अविचारानं मृतसर्प त्यांच्या गळ्यात घालण्याचं जे कृत्य केलं, त्याबद्दल त्यांच्या पुत्राने आपणास सातवे दिवशी सर्पदंशाने मृत्यू येण्याचा शाप दिलेला आहे.",mr,unknown,female
000027.wav,"एके दिवशी राजा देवळात गेला असतांना पुजारी पूजा करत होता, तेवढ्यात थोडा भूकंप झाला.",mr,unknown,female
009851.wav,त्याचे आदरातिथ्य येथे न झाल्यामुळेच तो रागावला असेल.,mr,unknown,male
003919.wav,ते काहीसे गुपचूप आत शिरले असावेत.,mr,unknown,female
007014.wav,वारंवार होणारा खोकला नाक चोंदणे डोळे चुरचुरणे,mr,unknown,male
004851.wav,तुम्ही दोघेही कुठली तरी पैज लावा बघू!,mr,unknown,male
001222.wav,"सूर्यचंद्रांच्या किरणांप्रमाणे मनुष्याचे व्यवहार, स्वच्छ, सतेज व तमोहीन असे असतील, तर मुलांची मने रसपूर्ण, सुगंधी, रमणीय व पवित्र अशी फुलतील.",mr,unknown,female
006024.wav,"टिव्ही वर रशियन, चिनी, इटालियन वगैरे खेळाडू आपल्या मातृभाषेतूनच बोलतात हे तर ऐकलचं असेल.",mr,unknown,male
002549.wav,"हत्ती सोंडेने मगरीला आवळून धरी, तर मगर आपल्या खडबडीत शेपटीने हत्तीला बडवून काढू लागली.",mr,unknown,female
000438.wav,मी म्हणजे भक्ती तर त्या प्रदेशातून पळून गेले.,mr,unknown,female
005271.wav,"माझे हात पाण्यात तसेच बूडत ठेवून, माझ मन स्वैरविहार करू लागले.",mr,unknown,male
010853.wav,"तेव्हापासून दोघींची छान गट्टी तर जमलीच पण टीनानेही सर्वांना मदत करायला, मिळून मिसळून वागायला सुरूवात केली.",mr,unknown,female
001862.wav,एका संध्याकाळी एक वृध्द मनुष्य नदीच्या काठी थंडीत कुडकुडत बसला होता.,mr,unknown,female
002700.wav,"तुझ्याजवळ अमाप संपत्ती आहे, धन-दौलत आहे.",mr,unknown,female
010722.wav,एका रविवारी सकाळी तीन तास बसून बागेचे सुंदर चित्र रंगवले.,mr,unknown,female
005585.wav,"मी त्याना, विश्र्वास म्हणालो, चुकले का हो",mr,unknown,male
002482.wav,त्या शिखरांच्या मध्य भागावर फळांनी लदलदलेल्या वृक्षांचे एक मोठे अरण्य आहे.,mr,unknown,female
004813.wav,पुत्रगणपतीची किंकाळी ऐकून पार्वती घाबरून पळत आली.,mr,unknown,male
009239.wav,दुसर्‍या दिवशी आईकडून घेतला तिसर्‍या दिवशी मात्र कोणीही पैसे द्यायचे नाहीत हे उमजल्यावर स्वारी घराबाहेर काम शोधायला निघाली.,mr,unknown,male
002707.wav,अजूनही तू आपल्या प्रयत्नांत कधी यशस्वी झाला नाहीस.,mr,unknown,female
000327.wav,आपल्या सर्व सरदारांची सभा बोलावून म्हणाला.,mr,unknown,female
002500.wav,कित्येक राक्षस तो ताप सहन न झाल्याने तडफडून भस्म झाले.,mr,unknown,female
001005.wav,"विनूच्या मनात पाप आले, त्या श्रीमंताचा खून करावा असे त्याच्या मनात आले.",mr,unknown,female
005112.wav,सर्वांसाठी एकच समान कायदा आहे आणखी एक दरबारी म्हणाला.,mr,unknown,male
005423.wav,राजाने संतापून हुकूम सोडला की दिसेल त्या कुत्र्याला धरून ठार करा.,mr,unknown,male
004012.wav,"मोठयांचं अनुकरण करणारी, त्यांच्या आज्ञेत राहणारी, सुखदुखात समान राहणारी आणि उदार असते.",mr,unknown,female
007812.wav,नंतर गौतमांनी सत्यकामाचे मौंजीबंधन केले.,mr,unknown,male
000535.wav,"बाळा, परिक्षिती राजाने केलेल्या या क्षुल्लक अपराधाबद्दल तू त्याला सर्पदंशाने मृत्यू येण्याचा जो भयंकर शाप दिलास हे कृत्य वाईट केलेस!",mr,unknown,female
009928.wav,एके दिवशी त्याच्यासमोर त्याच्या खिल्लारातील एक बैल आला.,mr,unknown,male
003961.wav,एकोणीस शे तीस पर्यंत हिंदुस्थानी ख्याल गायकीच्या प्रमुख घराण्यांनाही महाराष्ट्रात चांगलेच स्थैर्य लाभले होते.,mr,unknown,female
000586.wav,नंतर सत्यकाम गुरूच्या शोधाकरिता अरण्यात हिंडत असता गौतम ऋषींच्या आश्रमात आला.,mr,unknown,female
009036.wav,"फार फार आभारी आहे, तुम्ही खरोखरच फार चांगले आहात, धोबी त्याला नम्रपणे म्हणाला.",mr,unknown,male
008797.wav,भुवन त्या मुलांपासून अलिप्त राहत असे त्यामुळे वर्गातली मुले त्याच्याशी बोलायला उत्सुक नसत.,mr,unknown,male
005340.wav,नंतर ती फुले विकून त्याने थोडे पैसे मिळविले.,mr,unknown,male
006459.wav,पाषाण येथे राहणारा अजय कर्णबधिर आहे; मात्र तो अडखळत बोलू शकतो.,mr,unknown,male
006729.wav,त्यांच्या बहुपयोगी कार्याची अद्याप समाजाला माहिती नसल्याची स्थिती आहे.,mr,unknown,male
000492.wav,अनेक ऋषिकुमार त्यांच्याकडे वेदाध्ययनासाठी राहात होते.,mr,unknown,female
008256.wav,"या जगात न्याय नाही, सत्य नाही, प्रेम नाही काही नाही, असे तो मनात म्हणाला.",mr,unknown,male
005764.wav,संपूर्ण मानवजातीच्या विकासासाठी मुलींच्या शिक्षणाइतके परिणमकारक दुसरे साधन नाही.,mr,unknown,male
009716.wav,संधी मिळताच तिने त्याला धडा शिकवला.,mr,unknown,male
009606.wav,दोघांच्याही मनात असे कुविचार येऊन गेले.,mr,unknown,male
008615.wav,केरळ बघण्याची इच्छापूर्ती आमचा मित्र संजीव पिल्ले याच्या सहकार्यानेच व्हायची होती.,mr,unknown,male
003549.wav,"हा विषाणू रुग्णाच्या खोकल्यातून, शिंका, हातरुमाल, बिछान्यावरील चादरी इत्यादी मधुन पसरण्याचा धोका असतो.",mr,unknown,female
001917.wav,"मग हे रोजचंच झालं, गुरूदेव आपलं गुरूकुल म्हणजे ही पर्णकुटी आणि मोकळं मैदान, जंगलं ही आपली पाठशाळा.",mr,unknown,female
003186.wav,परंतु याच्या निर्मितीचा खर्च परवडत नसल्यामुळे हायड्रोजन हे प्रचलित साधन होण्यात अडचण येत आहे.,mr,unknown,female
004620.wav,ते दृश्य पाहून वाल्मिकींच्या मनात त्या पक्ष्यांबद्दल दया निर्माण झाली व त्या भिल्लाचा त्यांना राग आला.,mr,unknown,male
001911.wav,तुमचे अस्तित्त्व माझ्या मनात कायम होते.,mr,unknown,female
006432.wav,मुस्लीम समाजाच्या जनजागृतीसाठी निघणार सच्चर कारवॉं,mr,unknown,male
005966.wav,कॉमिक्सच्या चाऱ्यावर वाढणारी ही मुले पुढल्या आयुष्यात भलत्यासलत्या वाटेने तर जाणार नाहीत ना,mr,unknown,male
001134.wav,"ऋषींची पूजा झाली की शबरीला जवळ घेऊन ते तिला सुंदर स्तोत्रे शिकवीत, सूर्याच्या उपासनेचे मंत्र अर्थासह तिला म्हणावयास सांगत.",mr,unknown,female
006216.wav,"महाराष्ट्रातल्या किती नेत्यांनी, विचारवंतांनी याला विरोध केला",mr,unknown,male
002519.wav,कार्तवीर्याचा देह त्या स्थितीत मृत होऊन जमिनीवर आदळला.,mr,unknown,female
007609.wav,"त्यागराजने विचारले, कोणते दोन रक्षक, मी तर कोणालाही सांगितले नव्हते.",mr,unknown,male
001318.wav,वास्तविक त्या दोन पक्ष्यांच्या चिवचिवण्याचा हा सोयीचा व केवळ काल्पनिक अर्थ त्या गोसाव्याने प्रधानाने आदल्या दिवशी त्याला केलेल्या मार्गदर्शनानूसार राजाला सांगितला.,mr,unknown,female
004369.wav,इथे अमेरिकेत मटणाच्या खिम्याचे सीख कबाब घरी कोण करतं ?,mr,unknown,female
000122.wav,"हा लेख जरी, वाचताना अपूर्ण वाटत असला, तरी ह्याचा शेवट ठरलेला आहे.",mr,unknown,female
008410.wav,मोठा होत जाण्याची ही प्रवृत्ती व्यक्तीच्या ठिकाणी आईबापच उत्पन्न करतात.,mr,unknown,male
002450.wav,तुझ्या परशूपुढे माझे चक्र ते काय!,mr,unknown,female
005720.wav,आणि कवितेसाठी एक दीर्घकालीन ऑपरेशन केल्याशिवाय पर्याय नाही,mr,unknown,male
009157.wav,यात कृष्ण आणि विदूर यांना मात्र कायम समतोल राखता आला.,mr,unknown,male
002602.wav,ह्यांच्या अध्ययनासाठी वैज्ञानिकांना ह्यांवर रेडियो कॉलरचा उपयोग करावा लागतो.,mr,unknown,female
008053.wav,हा दिवस व्यापारी लोक फार उत्साहात साजरा करतात.,mr,unknown,male
008091.wav,मराठी भाषा ही इसवी सनाच्या आधीही होती असे सिद्ध करण्याचा प्रयत्‍न हरी नरके करित आहेत.,mr,unknown,male
002174.wav,पदार्पण केले आणि मराठी मुलूख ताब्यात घेण्यास सुरवात केली.,mr,unknown,female
003284.wav,किंबहुना असे दिवे डिझाईन करताना प्रकाश मिळवणेचा कोणताही उद्देश त्यामध्ये नव्हता.,mr,unknown,female
003606.wav,"झोपून लघवी करणे, संडास करणे, अगदी नाकातला शेंबूड काढणेही जड जाते, हा आपल्याला प्रत्यक्ष अनुभव असतोच.",mr,unknown,female
005801.wav,ती ज्या दिशेकडून येते त्या दिशेला समृद्धी मिळते.,mr,unknown,male
009938.wav,वायू सर्व दिशांना हिंडतो म्हणून त्याला हे ज्ञान असते.,mr,unknown,male
003769.wav,दोन शे एकतीस त्याज्य वस्तू फूकट मिळाली तरी स्वीकारू नये.,mr,unknown,female
006890.wav,जन्माला घालताना जगन्नियंत्यानं खळाळणारी हास्यलीला प्रत्येकाला बहाल केली.,mr,unknown,male
004039.wav,काय आहे एकता कपुरच्या सीरीअल बघितल्याचा दुष्परिणाम असावा.,mr,unknown,female
003503.wav,अशा व्यक्ती एकलकोंडया हातचे राखून बोलणा-या एकमार्गी छंदिष्ट आणि थंड वाटतात.,mr,unknown,female
001408.wav,केरळ बघण्याची इच्छापूर्ती आमचा मित्र संजीव पिल्ले याच्या सहकार्यानेच व्हायची होती.,mr,unknown,female
004992.wav,अजूनही ती चोर पुजारीण ह्या पुराण्या नगरांवर राज्य करते आहे कां,mr,unknown,male
005548.wav,त्या माझ्या मातीतल्या हिरवळीचे ‌ऋण तिसऱ्या घंटेआधि फेडण्यासाठी,mr,unknown,male
005887.wav,तसा मी ताडकन जागा झालो,mr,unknown,male
002580.wav,त्याला पकडण्याची आज्ञा देणार्या न्यायाधीशालादेखील त्याचा निरागसपणा व त्याने घडवलेले अर्थपूर्ण चमत्कार बघून आश्चर्य वाटले होते.,mr,unknown,female
004626.wav,व ते मौन पाळून उभे राहिले.,mr,unknown,male
003270.wav,भोर-नाशिक भागातील रस्त्यावरील दिवे सूर्य विजेवर चालतात.,mr,unknown,female
010490.wav,काही बैलांच्या गळयांतल्या घंटांचा गोड आवाज दुरून ऐकू येत होता.,mr,unknown,female
001868.wav,"घोडेस्वार आपल्या दिशेने चालत येत आहे हे पाहून वृध्द त्याला म्हणाला, राजा मला नदी पार करायची आहे, मला तुझ्या घोडयावरून नेतोस का?",mr,unknown,female
010842.wav,आता टीना गौरीला रोज गणित शिकवू लागली.,mr,unknown,female
004976.wav,स्वतः भगवान रामाने त्यांना प्रेरणा दिली होती.,mr,unknown,male
002522.wav,यज्ञकुंडांतून प्रगट होऊन अग्निदेवाने दिलेले पायसदान घेऊन आनंदाने तो राजवाड्यांत गेला.,mr,unknown,female
010474.wav,"परंतु आम्हांला तुमच्या चांगल्याच गोष्टी सांगा, चांगल्या गोष्टींचे चिंतन केल्याने मनुष्य चांगला होत जातो.",mr,unknown,female
001821.wav,"केवळ आशा करणे व्यर्थ आहे, प्रयत्न हवा.",mr,unknown,female
005380.wav,फिरल्यावर तेथील अरण्य प्रांतात येऊन पोचले.,mr,unknown,male
000052.wav,रेशमी वस्त्र घालून सजवतात आणि त्यावर देवाला बसवतात.,mr,unknown,female
003889.wav,कसाबला एक न्याय मग अजुर्नसिंग व अँडरसन मोकळे कसे?,mr,unknown,female
007468.wav,"एके दिवशी कूत्तनने, स्वतःच रचलेले रामायण जाळून, त्या रामायणाची राख अंगाला फासून, गोसावी बनण्याचे ठरवले.",mr,unknown,male
003578.wav,विषयाप्रमाणे गटाच्या कुवतीनुसार आणि साधनांनुसार पध्दती ठरतात.,mr,unknown,female
004566.wav,ती डुगडुगणारी मान व कमर हलवणारी लाकडाच्या बाहुलीचे काय कौतूक वाटायचे.,mr,unknown,female
009032.wav,"कोळसेवाल्याला वाटले, धोबी फार चांगला मनुष्य आहे.",mr,unknown,male
010808.wav,साडे आठला गाडीतच सगळयांनी ब्रेकफास्ट करायचा ठरला.,mr,unknown,female
001859.wav,शंकांनी घेरलेल्या उद्याच्या लाभासाठी आजच्या हातात गवसलेल्या लाभावर पाणी सोडणे अगदी मूर्खपणाचे कृत्य होईल.,mr,unknown,female
006099.wav,"कालांतराने मराठीला इंग्रजीची जागा घ्यावयाची आहे, ही गोष्ट विसरून चालणार नाही.",mr,unknown,male
010436.wav,"मी निर्दोष होत आहे, हळूहळू उन्नत होत आहे, ही ज्याला जाणीव आहे, तो मोठाच होत आहे.",mr,unknown,female
006042.wav,या धुळवडीत लोकशाहीचा सूर्य या गरिब मंडळींनी दिसला नाही तर त्यात नवल वाटण्यासारखे काय आहे,mr,unknown,male
005939.wav,संवर्ग म्हणजे उपविभाग आणि स्वर्ग म्हणजे ईश्वराचे निवासस्थान.,mr,unknown,male
007601.wav,"पाच घंट्यांनंतर दुसरे शहर जवळ आले, त्या वेळी दोन्ही चोर त्यागराजच्या पाया पडले.",mr,unknown,male
010103.wav,नारळाला धार्मिक महत्व आहे.,mr,unknown,male
000426.wav,"त्या तरुण सुंदर स्त्रीने आपली माहिती दिली, माझं नाव भक्ती, सनातन काळापासून मी या पृथ्वीवर राहते.",mr,unknown,female
004285.wav,त्यावेळी आम्हाला मशीन लॅंग्वेजची नुसती तोंड ओळख करुन दिली होती.,mr,unknown,female
006799.wav,बालकलाकार अनुराग वरळीकर मिशन चॅंपियन,mr,unknown,male
007496.wav,"त्याला खरीच तळमळ असेल, तर त्याने माझ्या झोपडीत शिकायला यावे.",mr,unknown,male
000229.wav,दोघांच्याही मनात असे कुविचार येऊन गेले.,mr,unknown,female
006256.wav,अठराशे एकतीस ते अठराशे एक्याऐंशी या कालावधीत ब्रिटिश प्रशासनाचे मुख्यालय बंगळूर येथे होते.,mr,unknown,male
002742.wav,पण खड्गवर्माला मांत्रिक व जटाभुताचीच चिंता होती.,mr,unknown,female
009580.wav,आता आम्ही झोपतांना चंद्रही बघू शकतो.,mr,unknown,male
004970.wav,रामदास एक अद्वैतिन व अजोड भक्त होते.,mr,unknown,male
009498.wav,"उद्या, तिची ह्याच ठिकाणी भेट घेऊन, तिला सर्व सांगेन, आणि ह्यातून सावरण्याचा प्रयत्न करेल.",mr,unknown,male
002922.wav,आपल्या दोघांच्या बैलगाड्या जर एकाच वेळी निघाल्या तर मार्ग अरुंद वाटेल आणि प्रवास जास्त लांबेल.,mr,unknown,female
009236.wav,दुसरे दिवशी त्यांनी मुलाला बोलावले व म्हणाले हे बघ आज तू सकाळीच बाहेर जा.,mr,unknown,male
003654.wav,थोडक्यात म्हणजे ``दद्याद वित्तानुसारतः'' म्हणजे प्रत्येकाने आपल्या ऐपतीप्रमाणे खर्च करावा.,mr,unknown,female
008073.wav,या दिवशी बहिणीच्या घरी भाउ गोडधोड भोजन करतो.,mr,unknown,male
008949.wav,"पण गंमत मात्र अशी की, त्यावेळी तो लांडगा त्या दरोडेखोर इतर लांडग्याचा पाठलाग करी.",mr,unknown,male
001129.wav,"प्राचीन कालीन आर्यांचे गाय हेच धन असे, 'गोधन' हा शब्द प्रसिद्ध आहे.",mr,unknown,female
006715.wav,मे हीटची जाणीव व्हायला सुरवात.,mr,unknown,male
002332.wav,"रामा, राजा दुष्टांना दंड देतो, आणि सुष्ट लोकांचे रक्षण करतो.",mr,unknown,female
002209.wav,लान्स गिब्जच्या वळणाऱ्या बॉल्सना खेळतानाचे दडपण जाणवले,mr,unknown,female
007891.wav,नाभानेदिष्ठही मोठा होताच गुरूपाशी शिकण्यास अरण्यात गेला.,mr,unknown,male
009754.wav,त्यासाठी त्यांनी प्रत्येक विद्यार्थ्याला घरून थोडे थोडे दूध आणायला सांगितले.,mr,unknown,male
005072.wav,आणि नंतरच त्याविषयीची कार्यसिद्धी केली पाहिजे.,mr,unknown,male
003154.wav,कृत्रिम वायुवीजन व प्रकाशयोजना तसेच अयोग्य घरबांधणी व अंतर्गत सजावट यामुळे घरातील प्रदूषणही वाढले आहे.,mr,unknown,female
007965.wav,शेषशय्येवर निजलेला श्रीविष्णू जागा झाला.,mr,unknown,male
008603.wav,तिने तिच्या सोसायटीतल्या मैत्रिणींनाही आपल्या मनातले गुपीत सांगितले होते.,mr,unknown,male
007626.wav,"नारदांना वंदन करुन ती करुणवाणीने म्हणाली,",mr,unknown,male
010512.wav,सरकारी शेतसा-याच्या जवळजवळ चौथा हिस्सा खोताला फायदा असतो.,mr,unknown,female
002375.wav,विष्णूने जगन्मोहिनी रूप धारण करून राक्षसांना फसविले आणि अमृत देवांना दिले.,mr,unknown,female
001633.wav,"सगळी मुले खाली उतरल्यावर टिचरनी सांगितले, मुलांनो उंचावरची लेणी पाहण्यासाठी आपल्याला डोगंर चढायचा आहे.",mr,unknown,female
005830.wav,"'सतीपरीक्षा', 'दुल्हन', 'चरणों की दासी', 'मै सुहागन हूँ', 'सुहागन', 'पतिपरमेश्वर', ही काही उदाहरणं.",mr,unknown,male
002299.wav,कांही रथासमोर येऊन सुमंत्राला म्हणत होते.,mr,unknown,female
006075.wav,"एवढे मोठे विद्वान ठिकठिकाणी राहतात, त्यांचा सल्ला घेतल्याशिवाय सरकारने हे ठरविले असेल काय",mr,unknown,male
004253.wav,लगेच रूममधील दोन बायकांनी ईब्जेक्शन वगैरे घेऊन दाखवलं मीना त्यांच्यावरच कडाडली.,mr,unknown,female
004709.wav,"प्रजेला स्वतःच्या अपत्याप्रमाणे मानून तिचे पालन करतो, म्हणून तो प्रजेला पित्यासारखा असतो.",mr,unknown,male
008077.wav,झाडे अधिक आणि अधिक हिरवी दिसतात.,mr,unknown,male
008383.wav,"शेतीभाती करावी, वृक्षांची फळे खावीत, कंदमुळे भक्षावीत, अशी राहणी चांगली नाही का.",mr,unknown,male
006936.wav,"त्यामुळे ते ब्लॉक होऊन घर्षण झाले, तर मोठ्या प्रमाणावर धूर निघतो.",mr,unknown,male
005059.wav,"त्याचे वय जसे वाढत गेले, तशी राजकारणाची त्याची आसक्ती कमी होत चालली.",mr,unknown,male
006658.wav,"त्यांनी तात्सीयाना कॅप्शायअलेक्‍झांड्रा मॅल्यारर्चिकोवा यांना सहाएक, सातसहा तेराअकरा असे पराभूत केले.",mr,unknown,male
008795.wav,नवीन गावातल्या शाळेचे मित्र मात्र त्याला इतके स्मार्ट वाटत नसत.,mr,unknown,male
006827.wav,आजीच्या कानगोष्टी ऐकताना रमून जाणारे भाचे पिठुर चांदण्याच्या अंगणात बागडतात.,mr,unknown,male
004864.wav,त्या शिखरांच्या मध्य भागावर फळांनी लदलदलेल्या वृक्षांचे एक मोठे अरण्य आहे.,mr,unknown,male
006448.wav,"पुणे, तारीख तेवीस घर आणि घराबाहेरील अशा दोन्हीही पातळींवरील कामाची जबाबदारी स्त्रिया समर्थपणे सांभाळत असतात.",mr,unknown,male
009727.wav,तिने त्याला शेजारच्या गावातील शाळेत घातले होते.,mr,unknown,male
006511.wav,त्यावेळी खाशाबा जाधव यांनी ब्रॉंझपदक मिळवून कोल्हापूरचे नाव जगभर पोहोचविले.,mr,unknown,male
006679.wav,"त्याचे फटके पाठीवर बसले असले, तरी त्याचे व्रण श्रीलंकेच्या मनावर उमटले असणार, यात वाद नाही.",mr,unknown,male
008918.wav,"भर उन्हाळयात तुला गारवा वाटावा, म्हणून तर त्यावेळी आम्ही तुझ्या पोटात असतो आणि पावसाळयात, तुझ्यावरचा सगळा कचरा, गाळ वाहून नेतो.",mr,unknown,male
002551.wav,जयविजयांनी परत विष्णूच्या सेवेला लवकर हजर व्हायला यावे.,mr,unknown,female
008601.wav,आपल्या सर्वांना मिळून त्या डोंगरावर ट्रीपलाही जाता येईल.,mr,unknown,male
000939.wav,अनेकदा मुलांचे वडील आणि आई यांपैकी एखाद्याशी अधिक जवळचे नाते असते.,mr,unknown,female
007444.wav,"पुढे भेटलेल्या लोकांनी म्हटले, मुलगा किती निर्लज्ज आहे पहा!",mr,unknown,male
009715.wav,तिला त्याच्या पापाचे शासन त्याला करायचे होते.,mr,unknown,male
009420.wav,वडील एवढेच बोलले; पण ते सूज्ञ मुलगे समजायचे ते समजले.,mr,unknown,male
010642.wav,साठवलेल्या पैश्यातून तिच्यासाठी छोटेसे गिफ्ट आणि आवडीचे मोगर्याचे गजरेही आणणार आहोत.,mr,unknown,female
002645.wav,माझ्या परवानगी शिवायच राजाला भेटुं पहाताय?,mr,unknown,female
009572.wav,"शिष्य म्हणाला, बघा, आपण भगवंताची आठवण करून करून मरतो, त्याचे फळ!",mr,unknown,male
003166.wav,"तर वाहन वापरणाऱ्याला ट्रॅफ़िक जॅम, वेगात चालणारी वाहने व धोकादायक खाचखळग्यांचे रस्ते व पार्कींग समस्यांना सामोरे जावे लागत आहे.",mr,unknown,female
003640.wav,"अशा इष्ट-देवतांमध्ये बहुतकरून शिवलिड्गाचे, पण प्रसंगोपात महालक्ष्मी अथवा जिनाचेही चित्रण आढळते.",mr,unknown,female
006409.wav,"विदर्भाचा शेतकरी, पश्‍चीम महाराष्ट्राचा शेतकरी, असा भेद करते.",mr,unknown,male
002062.wav,"तेवढयात समोरून येणार्या शंखाने ते पाहिले व विचारले, आंबा कुठे मिळाला.",mr,unknown,female
009371.wav,"त्याने वर पाहीले तर त्याचा डोळा फुटला, त्याने बिळात हात घातला तर त्याला विंचू चावला.",mr,unknown,male
002813.wav,गोष्ट ऐकून तुझा थकवा दूर होईल व तुझा विचारही बदलूं शकेल.,mr,unknown,female
010273.wav,माझ्या मित्रानं खून करावा याचं इतर सर्वांपेक्षा मला अधिक वाईट वाटत आहे.,mr,unknown,female
009463.wav,"तितक्यात काही पावलं, माझ्या दिशेने दबकत येताना जाणवली.",mr,unknown,male
009854.wav,"शृंगीबाळा, तू अद्यापही अज्ञानीच राहिला आहेस!",mr,unknown,male
002550.wav,नाहीतर शत्रुत्वाने वागून तीन जन्मांतच माझ्या हातून तुम्हाला मुक्ती मिळेल.,mr,unknown,female
007308.wav,"त्याचात आणि माझ्यात थोड सुद्धा साम्य नव्हत, फोन ठेवत मी त्याला विचारल, कोण तू ?",mr,unknown,male
005825.wav,"वटपौर्णिमा, करवाचौथ, शिवरात्र आदीच चित्रण आणि उदात्तीकरण या चित्रपटातून पाहायला मिळाल.",mr,unknown,male
005177.wav,खड्गवर्मा व जीवदन्त एका ठिकाणी धूर येत होता त्या जागी पोचले.,mr,unknown,male
004175.wav,अशा पंचतारांकित तुरूंगवासासाठी भविष्यात प्रत्येक नागरिक कसाबच होईल.,mr,unknown,female
009588.wav,"धावत जाऊन त्याने त्या गवत खाणाऱ्या वाघाला पकडले, तो बे-बें करून ओरडू लागला.",mr,unknown,male
001025.wav,"आता त्याची अब्रूही परमेश्वर नेऊ पाहात होता, जीवनातील सर्वांत मोठी मौल्यवानवस्तू, तीही आज जात होती.",mr,unknown,female
006815.wav,कोयनेच्या धरणासंदर्भात त्यांनी सडेतोड लेखन केले.,mr,unknown,male
006514.wav,शिवाय शैक्षणिक क्षेत्रात सर्वोत्कृष्ठ काम असलेल्या प्रकल्पाच्या सीडी या वेळी दाखविण्यात आल्या.,mr,unknown,male
001952.wav,"या वर्गातील विद्यार्थी सर्व कार्यात पुढेच पुढे, ती वर्गसजावट असो वा ग्रामसफाई, वर्गातले कार्यक्रम असोत वा स्नेहसंमेलनातील स्पर्धा.",mr,unknown,female
006009.wav,आता थोडी गंमत पहा ही भाषा दर पंचवीस किलोमीटरवर वेगळी भासते.,mr,unknown,male
000352.wav,जटीलला अभ्यासाची फारच आवड होती.,mr,unknown,female
005826.wav,"मीनाकुमारी व गुरुदत्त यांच्या साहब, बीबी और गुलाम या चित्रपटातून स्त्रीच्या अनेक व्यथांच चित्रीकरण करण्यात आलं.",mr,unknown,male
004689.wav,राम आश्रमासमोर अंगणात तपस्वी वेषात लक्ष्मण व सीतेसह बसलेला होता.,mr,unknown,male
003663.wav,म्हणून आमच्या चॅनलवरून मराठी चित्रपटसृष्टीसंबंधित चर्चा केली जाते.,mr,unknown,female
006960.wav,हिस्लॉप महाविद्यालयात अकरावी आणि बारावीचे एकूण सोळा व.,mr,unknown,male
006274.wav,हल्ली शिक्षण खात्याने इंग्रजी भाषा पहिलीपासूनच अभ्यासक्रमात अनिवार्य असल्याचे सांगितले आहे.,mr,unknown,male
003151.wav,वरील आकड्यांवरून असे दिसून येईल की घन कचरा योजनेच्या खर्चाचा फार मोठा हिस्सा कचरा गोळा करण्यात खर्च होतो.,mr,unknown,female
005184.wav,आता चौघांनी ते जिथे होते त्या भुयारात बारकाईने बघितले.,mr,unknown,male
005265.wav,"राजा, मी इतकं सांगूनही तू पुन्हा तेच काम करतो आहेस.",mr,unknown,male
007299.wav,ती काय बोलत होती ह्याकडे माझ पूर्ण लक्ष होत.,mr,unknown,male
002940.wav,"कपडे धुवायचे, रानांत जाऊन लांकडे तोडून आणायची व नदीवरून पाणी आणायचे अशी सगळी कामें तिला करावी लागत होती.",mr,unknown,female
004511.wav,मी लग्नासाठी सुट्टीवर निघाले तेव्हा चॅम्पियन्स लीग जोरात चालू होती.,mr,unknown,female
001341.wav,होता होता नीतूचा सहावा वाढदिवस आला.,mr,unknown,female
010262.wav,"मनू उभा राहिला आणि म्हणाला, सर्व गावानं मला अपराधी ठरवलं आहे, परंतु मी निष्पाप आहे.",mr,unknown,female
007253.wav,मार्गात मध्येच भाविकांना कचरा खाणारे एक गाढव दिसते.,mr,unknown,male
008365.wav,"शबरीने हात जोडले व आकाशाकडे तोंड करुन ती म्हणाली, हे देवदूतांनो, हे तारकांनो, या मुलीला क्षमा करा.",mr,unknown,male
005562.wav,ओझरत्या या सहवासात मी पेरावे हे तळहात,mr,unknown,male
008523.wav,मग ती ओस पडलेली पाचशेच्या पाचशे गावं माझ्या भावी जावयाला मी आंदण म्हणून देईन.,mr,unknown,male
008069.wav,आपल्या मनातील द्वेष व असूया निघाल्यामुळे सर्वत्र बंधुभावनेची कल्पना जागृत होते.,mr,unknown,male
001584.wav,"बऱ्याच दिवसांपासून त्यांना शहरातले प्रदुषण, आवाज, धूळ आणि वेगवान आयुष्यापासून दूर शांततेत जगायचे होते.",mr,unknown,female
001413.wav,"मग काय, भराभर वेगवेगळ्या सेक्शनमधले फोन घणघणले आणि इच्छुकांची म्हणण्यापेक्षा अपेक्षितांची यादी तयार झाली.",mr,unknown,female
007217.wav,"तुझ्यासाठीच मी लक्ष्मी, दान आदींचा त्याग केला आहे, मी तुला जाऊ देणार नाही.",mr,unknown,male
009586.wav,एक दिवस त्या बकऱ्यांच्या कळपावर एका वाघाने आक्रमण केले.,mr,unknown,male
002257.wav,दोघे मिथिलेला पोंचले तेव्हां जनक राजाने यज्ञ आरंभ केला होता.,mr,unknown,female
008060.wav,आर्थिक हिशोबाच्या दृष्टीने व्यापारी लोक दिवाळीतील पाडवा ही नववर्षाची सुरुवात मानतात.,mr,unknown,male
002213.wav,समारंभाचे आमंत्रण देण्यासाठी डॉक्टर घाणेकरांचा फोन आला होता माझ्या द्दष्टीने ही आनंदाची गोष्ट होती,mr,unknown,female
002623.wav,विजांचा गडगडाट आणि कोल्हेकुई यांत मधेच भुतांचा हंसण्याचा आवाज येत होता.,mr,unknown,female
010918.wav,ते त्याने आपल्या कुत्र्याच्या पिल्लांबरोबर वाढवले व मोठे केले.,mr,unknown,female
003625.wav,सुमारे महिन्यांनी याचा ठरावीक मोबदला त्या क्लिनिकला म्हणजे डॉक्टरला बँकेद्वारे दिला जातो.,mr,unknown,female
007376.wav,मुलाने घोड्याकडे एकदा पाहीले आणि क्षणभर थांबुन तो विश्वासाने म्हणाला.,mr,unknown,male
004268.wav,इथे कायमच भणाणणार्या वार्यामुळे जवळच्या देवळाच्या खांबावरच्या भगव्या लाल पताका फडफडताहेत.,mr,unknown,female
009845.wav,"ते सर्व ऋषिकुमार भयभीत झाले होते, शृंगी संतापाने लाल होऊन थरथरत होता.",mr,unknown,male
000464.wav,पण आज तुम्हाला पाहिलं आणि माझे डोळे पूर्णपणे उघडले.,mr,unknown,female
001755.wav,दूरदूर विस्तारलेल्या झाडाच्या फांद्यांमुळे तिथे बराच गारवा होता.,mr,unknown,female
005533.wav,कळपांची सांस्कृतीक एकात्मता दिवसेंदिवस कार्यक्षम होत जाते.,mr,unknown,male
007939.wav,हे पाहून चंद्राने विष्णूला खूण करून हे कळवले.,mr,unknown,male
004863.wav,त्या कमळातून शुभ्र कांती बाहेर फेकली जात असल्याचे दिसले.,mr,unknown,male
007748.wav,आता तरी तू भगवंताला शरण जा आणि आपल्या अपराधाबद्दल त्याची क्षमा माग!,mr,unknown,male
000379.wav,घरच्या दारिद्र्यामुळे तो दूध कोठून आणणार ?,mr,unknown,female
003107.wav,व श्री राम नवमी महोत्सव उजवण्याची व श्री रामरथाची मिरवणुक काढण्याची सुरुवात केली.,mr,unknown,female
001336.wav,दुसर्याकडे असलेली प्रत्येक गोष्ट आपण विकत घेऊच शकू असेही नाही.,mr,unknown,female
010610.wav,दुसर्या दिवशी सकाळी घरटयात जाऊन पाहिले तर मिठू तेथे नव्हती.,mr,unknown,female
002717.wav,"उद्या तुम्ही नेहमीप्रमाणे दरबारांत जा, आणि आपापली आसने ग्रहण करा.",mr,unknown,female
006181.wav,म्हणून अष्टप्रधानांच्या सल्ल्याला न जुमानता पाचशे पठाणांना त्यांनी फौजेत नोकऱ्या दिल्या.,mr,unknown,male
008248.wav,"मनू, काय केलंस हे, केलसं तर केलसं, परंतु पुन्हा निरपराधीपणाचा आव आणू बघतोस, हे तर फारच वाईट.",mr,unknown,male
005838.wav,त्यांच्या या संघर्षातूनच त्यांच्या उदयाच्या आयुष्याची पहाट उगवणार आहे.,mr,unknown,male
006144.wav,"आंबेडकरांच तर ग्रंथावर खूप प्रेम, त्यांचं संपूर्ण 'राजगृह' म्हणजे ग्रंथालय, त्यांना ग्रंथ आपले 'स्नेही सोबती' वाटत.",mr,unknown,male
001812.wav,माकडीणीने आपल्या चिमुकल्याला हृदयाशी अधिकच कवटाळून धरले.,mr,unknown,female
001895.wav,"गुरूजी, मी सदैव तुमचा आहे, सदैव तुमचा राहीन.",mr,unknown,female
008607.wav,नम्रता आनंदाने घरभर नाचली.,mr,unknown,male
008954.wav,एके दिवशी लांडग्याची बदमाशी धनगराच्या ध्यानी आली.,mr,unknown,male
006128.wav,"पण एका दुपारी पोस्टमनने माझ्या हातात, अक्षरशः आनंदाचा वसंतऋतूच दिला.",mr,unknown,male
001190.wav,"आज दहा वर्षांनी शबरी राजवाड्यात परत आली होती, ती गेली त्या वेळी लहान होती, आज ती नवयौवनसंपन्न झाली होती.",mr,unknown,female
008272.wav,गंगा व यमुना या सुंदर विशाल नद्यांच्या गहिऱ्या पाण्याने समृद्ध व सुपीक झालेल्या रमणीय प्रदेशात आर्य राजे करुन राहू लागले.,mr,unknown,male
009751.wav,त्याच्या आईला ही गोष्ट ठाऊक नव्हती.,mr,unknown,male
003455.wav,दुधामधून फॅट चरबी काढून घेतली असल्यास लॅक्टोमीटरने त्याच्या वरती रिडिंग येते.,mr,unknown,female
006384.wav,"तर त्याने सांगितले, की जिल्हा परिषदेजवळ.",mr,unknown,male
004820.wav,जवळ घेत म्हणाले 'कल्याणमस्तु!,mr,unknown,male
004834.wav,"त्यांच्यापासून 'भैरव' नावाचा, काळया भुतासारखा मुलगा झाला म्हणे",mr,unknown,male
007068.wav,डॉक्टर शिरीष जाधव यांनी सूत्रसंचालन केले.,mr,unknown,male
008161.wav,वेळेत न जेवल्यास शरीरस्वास्थ्य बिघडते.,mr,unknown,male
004614.wav,"महात्मन्, या युगात सकलगुणसंपन्न आणि महापराक्रमी असा एखादा पुरुष आहे का",mr,unknown,male
003993.wav,मग इथल्या मुलांना कुणी शिकवायचं आणि परदेशातील लोक तरी कितीसे क्लासिकल गातात.,mr,unknown,female
010128.wav,या रात्री त्याची पत्नी त्यास झोपू देत नाही.,mr,unknown,male
001031.wav,"साऱ्या गावानं जरी मला दोषी ठरविलं तरी मला त्याची पर्वा नाही, परंतु मित्र दोषी न ठरवो.",mr,unknown,female
005596.wav,"गोरा नाही, घारा नाही म्हणून बेरकीही नाही",mr,unknown,male
002221.wav,शिवाजी महाराजांनी अफझल खानाचा कोथळा काढला तो प्रताप गड येथून जवळ आहे.,mr,unknown,female
003775.wav,सदानंद रेग्यांच्या कवितेला नवा युगधर्म आधीच दिसला होता.,mr,unknown,female
007394.wav,आपल्या भारत देशाचे व भारत वासियांचे भवितव्य घडविण्यासाठी सुद्धा उच्चशिक्षित लोकांची गरज आहे.,mr,unknown,male
009270.wav,"तेवढयात समोरून येणार्‍या शंखाने ते पाहिले व विचारले, आंबा कुठे मिळाला.",mr,unknown,male
001756.wav,प्रवाश्यांचा कासाविस जीव झाडाच्या सावलीमध्ये सुखावला.,mr,unknown,female
005156.wav,इतका मान मिळाल्याने मनातल्यामनात त्याला गर्व झाला.,mr,unknown,male
009927.wav,"सत्यकाम अरण्यामध्ये पुष्कळ वर्षे राहिला, तो गायीची मनोभावाने सेवा करी.",mr,unknown,male
004328.wav,याचं कारण अ‍ॅड हॉक पद्धतीनं निर्णय घेणं हेच असू शकते.,mr,unknown,female
000111.wav,क्षणभर खूप राग आला त्याच्या अशा ऐटिटूड चा.,mr,unknown,female
008120.wav,सत्त्वकणांशी निगडित झाडांची उत्पत्ती कमी होत-होत १० टक्क्यांवर आली.,mr,unknown,male
008486.wav,"खोत गावातील पिकांची आभावणी करतो, पिकांचा अंदाज करतो, याला पीक धरणे असे म्हणतात.",mr,unknown,male
002918.wav,बाळपणापासूनच तो वडीलधार्यांकडून व्यापाराचे बारकावे शिकत आला होता.,mr,unknown,female
001516.wav,"तिचे बाबा मासळी विकायचे आणि आई घरी पापड, लोणची करुन विकायची, ह्यावर त्यांच्या कुटूंबाचा उदर निर्वाह चालत असे.",mr,unknown,female
010344.wav,रानटी मनुष्यही आनंदाने हसतो व दुःखाने रडतो.,mr,unknown,female
010092.wav,आम्ही जांभळं तर खातोच पण त्याचा बियांचा आजीच्या औषधाला उपयोग होतो.,mr,unknown,male
009924.wav,त्या गायी अगदी वाळकुट्या होत्या.,mr,unknown,male
009212.wav,तो आपल्या मधूर आवाजात गाऊ लागला.,mr,unknown,male
002264.wav,कुशनाभचा मुलगा गाधिराज याचे विश्वामित्र हे जेष्ठ चिरंजीव.,mr,unknown,female
007150.wav,"आयसीआरए, इंडिया बुल्स, रिलायन्स इंडस्ट्रीज, टीसीएस आदी शेअर्सचे सर्वाधिक व्यवहार झाले.",mr,unknown,male
005054.wav,श्रीमंत मंडळींच्यावर त्याचा फारसा काही परिणाम झाला नाही.,mr,unknown,male
009301.wav,"सकाळी नऊचा सुमार, ऑफिसला जाणार्‍यांची एकच गर्दी.",mr,unknown,male
007237.wav,एके दिवशी त्याने आपल्या पाचही मुलांना प्रत्येकी हातभर लांबीची एकेक काठी घेऊन यायला सांगितले.,mr,unknown,male
000894.wav,"भूकंप, रोगराई, दुष्काळ इत्यादी आपत्ती पाहता पाहता काढता पाय घेतील.",mr,unknown,female
001491.wav,हळूहळू त्याचा परिणाम दिसू लागला.,mr,unknown,female
001851.wav,शेवटी संध्याकाळी त्याच्या जाळयात लहानसा मासा सापडला.,mr,unknown,female
000325.wav,"विजय मिळाल्यावर अल्लाउद्दीनने त्यास ‘देवगिरीचा राजा बनवावे, या अटीवर त्यास देवगिरी गडाचे रहस्य आणि त्यावरील सैन्यबलाची संपूर्ण माहिती दिली.",mr,unknown,female
001216.wav,"दोनचार महिन्यांच्या मुलाला जर बाहेर अंगणात ठेवले, तर आजूबाजूच्या हिरव्या हिरव्या झाडांचा त्याच्या मनावर इतका परिणाम होतो, की त्याच्या मनासही रंग येतो.",mr,unknown,female
002934.wav,"क्रयाधिकार्यावर राज्यासाठी लागणार्या हत्ती, घोडे वगैरे प्राण्यांची, शस्त्रास्त्रांची व इतर वस्तूंची खरेदी करण्याची जबाबदारी असे.",mr,unknown,female
004690.wav,रामाने भरत व शत्रुघ्न दोघांना प्रेमपूर्वक आलिंगन देऊन दोघांचे सांत्वन केले.,mr,unknown,male
008038.wav,"नरकचतुर्दशी व लक्ष्मीपूजन, नरकचतुर्दशी हा दिपावलीतील एक दिवस आहे.",mr,unknown,male
007582.wav,त्यासाठी त्यांनी प्रत्येक विद्यार्थ्याला घरून थोडे थोडे दूध आणायला सांगितले.,mr,unknown,male
009404.wav,"एके दिवशी राजा देवळात गेला असतांना पुजारी पूजा करत होता, तेवढ्यात थोडा भूकंप झाला.",mr,unknown,male
007426.wav,चार - पाच वर्षे त्याच्या लाकडाची विक्री झालीच नाही.,mr,unknown,male
010643.wav,"मुलांचे प्लॅन ऐकून आजोबा खूष झाले, मुलांनो तुमचा मदर्स डे नक्कीच स्पेशल होणार आहे, मीही त्या दिवशी तुम्हाला कामात मदत करीन.",mr,unknown,female
001130.wav,"शबरी सकाळी लवकर उठे, ऋषिपत्नीने तिचे दात आधी नीट घासावेत, मग तिची वेणीफणी करावी.",mr,unknown,female
008518.wav,"राजा आश्चर्यानं म्हणाला, अरे वा:, असं म्हणतोय तो वराचा बाप.",mr,unknown,male
002919.wav,"अशा प्रकारे त्याने आपले ज्ञान, संयमी विचारशक्ती, वाढवली होती.",mr,unknown,female
003085.wav,"जर दुसरा संघ जास्त वेळ लावतो, तर पहिला संघ विजेता ठरतो.",mr,unknown,female
004589.wav,"आता जो प्रकाश उदेजला, त्याला अस्तावणे ठाऊक नाही.",mr,unknown,female
004305.wav,रिसर्च ट्रॅंगल पार्क महाराष्ट्र मंडळ रिसर्च ट्रॅंगल पार्क महाराष्ट्र मंडळ,mr,unknown,female
002796.wav,नरभक्षक तुझ्या सरदाराला कच्चा खातील की भाजून खातील हे आपण नंतर बघू.,mr,unknown,female
007069.wav,पेणची मच्छीमार बोट मुरूड समुद्रात बुडाली,mr,unknown,male
000799.wav,या दिवसाला गोवत्स द्वादशी असेही म्हणतात.,mr,unknown,female
000735.wav,विष्णूने सुदर्शन चक्र सोडून त्याचा शिरच्छेद केला.,mr,unknown,female
004902.wav,रेणुकादेवी पतीच्या अंगावर पडून शोक करू लागली.,mr,unknown,male
002245.wav,"ती कथा महाकाव्याच्या रूपांत तू रच; जोपर्यंत ही पृथ्वी आहे, तोपर्यंत ती कथा शाश्वत राहील.",mr,unknown,female
000179.wav,उगाच कोणाचाही सल्ला ऐकण्याआधी त्यांना खरोखरच काही माहीती आहे का ते जाणुन घ्या.,mr,unknown,female
008739.wav,"मिताने त्याबद्दल विचारताच आई म्हणाली, मिता तुझ्या प्रश्नाने आम्हाला विचार करायला भाग पाडले आहे.",mr,unknown,male
008319.wav,"एक दिवस भिल्ल राजा आपल्या राणीला म्हणाला, आपल्या या मुलीला मतंग ऋषींच्या आश्रमात ठेवले तर.",mr,unknown,male
001175.wav,"उगीच कोणाला दुखवू नकोस, कोणाची हिंसा करु नकोस.",mr,unknown,female
007050.wav,ही शुद्धता डब्ल्यूएचओच्या मापदंडांनुसार मोजली जाते.,mr,unknown,male
001832.wav,एका सापाच्या डोक्यावर एक गांधीलमाशी बसली व दंश करून ती त्याला सतावून सोडू लागली.,mr,unknown,female
008867.wav,"टीनाच्या आईला कळल्यावर आई म्हणाली, टीना, अग तुला गौरीला मदत करायला हवी, तुला जर एखादी गोष्ट येत नसेल तर तू तिला समजावून द्यायला हवीस.",mr,unknown,male
006551.wav,लालन सारंग यांचे रंगभूमीवरील योगदान काय?,mr,unknown,male
010439.wav,मनुष्य जन्मतो त्याच्यापूर्वीच त्याचे शिक्षण सुरू झालेले असते.,mr,unknown,female
001782.wav,"जे आपल्या मित्रावरही हात टाकायला नि त्याचा दुरूपयोग करायला कचरत नाहीत, त्यांच्यापासून सावध राहून नेहमी चार हात दूर असणे बरे!",mr,unknown,female
003202.wav,त्या दिव्यांपासून शरीराला अपायकारक असे कोणतेही वायू उत्सर्जित केले जात नाहीत.,mr,unknown,female
000199.wav,"परमात्म्या, तुझी कृपा म्हणून अर्धे छप्पर अजूनही आहे.",mr,unknown,female
006866.wav,आक्रोश-द क्राय लघुपटाचे कऱ्हाड परिसरात चित्रीकरण,mr,unknown,male
004088.wav,"पण मी, अरविंद आणि सखाराम भावे यांनी जिद्द सोदली नाही.",mr,unknown,female
000549.wav,"तो शाप खोटा होणार नाही, तरी तुम्ही तोपर्यंत पुण्यकृत्ये करुन ईशचिंतनात काळ घालवावा!",mr,unknown,female
003340.wav,थॉमसनला त्याच्या शोधाबद्दल एकोणीस शे सहा सालचे भौतिक विभागाचे नोबेल पारितोषिक देण्यात आले.,mr,unknown,female
010329.wav,"जरी त्या रानटी लोकांना प्रथम प्रथम विशेष समजत नसे, तरी त्या पावन वातावरणाचा, ऋषींच्या व्यक्त्तिमाहात्म्याचा त्यांच्या मनावर संस्कार झाल्याशिवाय राहत नसे.",mr,unknown,female
006595.wav,"त्या म्हणाल्या, येथील व्यवस्थेचे नियोजन महापालिका ठेक्‍याद्वारे करते.",mr,unknown,male
006836.wav,कुणबी समाजोन्नती संघाची पतसंस्था सुरू करून चांगली सुरवात केली आहे.,mr,unknown,male
005729.wav,"पाश गळ्यातील तुझा, सोडवू कसा मी",mr,unknown,male
002533.wav,ते पाहून नारद जास्तच चिडला आणि पर्वताबरोबर तो अंबरीषावर संतापला.,mr,unknown,female
002315.wav,नंतर त्याने भरतावर प्रश्नांची जणूं कांही सरबत्तीच लावली -;.,mr,unknown,female
008015.wav,स्त्रिया बाजरीची भाकरी व गवारीच्या शेंगाची भाजी खाऊन उपवास सोडतात.,mr,unknown,male
009047.wav,आपल्या शत्रूंना जिवंत ठेवण्यापेक्षा काही लोक त्यांच्याबरोबर स्वत:चाही मृत्यु झालेला पत्करतात.,mr,unknown,male
007915.wav,"मनू म्हणाला, `अरे हो ! यज्ञात उरलेल्या धनावर हक्क रुद्राचाच असतो, हे माझ्या लक्षातच नव्हते.",mr,unknown,male
000067.wav,"त्यासाठी रस्त्यात जो दगड येईल तो घ्यायचा, गळ्यातल्या साखळीला लावायचा आणि फेकून द्यायचा.",mr,unknown,female
004713.wav,कित्येक ऋषी व मुनी पण रामाबरोबर चालत होते.,mr,unknown,male
003261.wav,"पर्यावरणातील असमतोल व पर्यायाने घडत चाललेले अनेक प्रयोग, यातून मनुष्याची जीवनशैलीच आमूलाग्र बदलत आहे.",mr,unknown,female
002573.wav,"त्यांना इंद्राचा मत्सर वाटत होता, म्हणून त्यांनी तीन मस्तकांच्या विश्वरूपाची निर्मिती केली.",mr,unknown,female
006868.wav,मागील वर्षभरापासूस ते कधीच पोहोयला गेले नव्हते.,mr,unknown,male
008162.wav,जिवाचा अन्नमयकोष आणि प्राणमयकोष यांना शक्ती पुरवण्याचे कार्य अन्न करते.,mr,unknown,male
000623.wav,त्याने सत्यकामाला ईश्वर म्हणजे काय ह्याचा एक चौथा भाग ज्ञान शिकविले.,mr,unknown,female
001682.wav,"एक छोटसं पण काठोकाठ भरलेलं तळ होतं, तळयात सुळसुळणारे मासे होते.",mr,unknown,female
000788.wav,"तसेच त्यात फाइबर, विटामिन आणि खनिज असतात.",mr,unknown,female
003333.wav,काही वर्षाने महाराष्ट्र शासनाच्या उच्च शिक्षण विभागाने मराठी विज्ञान परिषदेस संशोधन आणि सांस्कृतिक कार्य करणारी संस्था म्हणून मान्यता दिली.,mr,unknown,female
010426.wav,त्याचे पुढचे बरे-वाईट जीवन त्याच्या आईबापांवर अवलंबून असते.,mr,unknown,female
010683.wav,मोंटू तू आमची नीट काळजी न घेतल्यामुळे बघ काय झाले.,mr,unknown,female
003281.wav,त्यामुळे गारवा येतो व घरातील बांधकाम घटकही थंड होतात.,mr,unknown,female
005710.wav,चिल्लरवरून फिरत राहतो पुरून घेतलेल्या साधूचा हात,mr,unknown,male
008501.wav,"सुचतो आहे का तुम्हाला एखादा उपाय, तो गोसावी याप्रमाणे म्हणताच त्या चतुर प्रधानाच्या मनात काहीतरी कल्पना आली.",mr,unknown,male
004915.wav,चैत्र शुक्ल नवमी रामनवमी म्हणून कोशल राज्यभर आनंदोत्सवाने साजरी होत असताना तिसरा चैत्र आला.,mr,unknown,male
009476.wav,ज्याला भेटायला आलो तो अजून आला नाही म्हणून मी त्याला फोन लावला.,mr,unknown,male
008541.wav,"आपल्या कारपेक्षाही खूप छान, मलाही तशीच स्कूटर हवी आहे, घेऊन दे ना, नीताने हटट केला.",mr,unknown,male
000479.wav,"नंतर “नारायण नारायण” म्हणत नारदमुनी थेट बदरिकाश्रमात गेले, तेथे त्यांनी ऋषिमुनींच्या सभेत तो प्रश्न मांडला.",mr,unknown,female
007783.wav,"ती एक दासी होती, तिला ना जात ना गोत !",mr,unknown,male
010869.wav,"मुलं बागेत खेळायची, कारंज्यात भिजायची, मजा करायची.",mr,unknown,female
002648.wav,जन्मभूमीपेक्षां जास्त प्रिय आणखी काय असणार?,mr,unknown,female
006089.wav,सचिवालयाचे मंत्रालय झाले तरी राज्यकारभार सचिवांकडूनच चालतो.,mr,unknown,male
006189.wav,नव्या पिढीणे खस्ता खाल्ल्या नाहीत व त्यांना झगमगाट दिसतो आहे.,mr,unknown,male
001034.wav,"माझे हात कोणाच्या उरात भोकसतील का सुरा, सुंदर वस्त्र विणणारे हे हात, ते का कोणाचं जीवनवस्त्र कापून टाकतील.",mr,unknown,female
005652.wav,लाटाच लाटा आणि समुद्र टिंगल करतोय पुन्हा पुन्हा,mr,unknown,male
002599.wav,चिंचोना नावाच एक झाड त्या पाण्याच्या जवळ उगलेलं होतं.,mr,unknown,female
004996.wav,त्या विचित्र याचकाला दिलेला शब्द त्याला पाळायचा होता.,mr,unknown,male
006748.wav,शिवभक्त लोकआंदोलन समितीतर्फे युवराज संभाजीराजे छत्रपती यांच्या नेतृत्वाखालील शिष्टमंडळाने निवेदन दिले.,mr,unknown,male
005482.wav,हा दोन्ही बाजुंनी खेळला जातो व त्यात अमुक क्लिष्ट नियम असतात.,mr,unknown,male
000345.wav,एका गावात एक विधवा स्त्री राहत असे.,mr,unknown,female
004903.wav,त्याच वेळी भृगु महर्षी कोठून तरी आले आणि जमदग्नी ऋषींच्या आश्रमात गेले.,mr,unknown,male
001872.wav,"घोडयावरून खाली उतरताना घोडेस्वार वृध्दाला म्हणाला, बाबा एवढया कडाक्याच्या थंडीत नदी कडेला तुम्ही किती वेळ बसला होतात.",mr,unknown,female
008047.wav,सर्व देवतांची सुटका झाली व लक्ष्मीचे वर्चस्व अबाधित झाले.,mr,unknown,male
006028.wav,"खेड्यापाड्यातली रांगडी आणि अशुद्ध, अपभ्रंश असलेली भाषा असते.",mr,unknown,male
003987.wav,"हिच्या सेवनाने जीर्ण ज्वर, पंडुरोग, गुल्म, उदर, अग्निमांद्य, खोकला, अशक्तता व वातरोग दूर होतात.",mr,unknown,female
010514.wav,"सध्याच्या जगाला लांडीलबाडी व प्रत्येक क्षेत्रातील जीव घेणी स्पर्धा, या दोन गोष्टींनी ग्रासलं आहे",mr,unknown,female
002889.wav,आता लंगडा सैनिक व अधिकारी झाडीमधे लपत पळून जाऊं लागले.,mr,unknown,female
004624.wav,आश्रमात परत गेल्यानंतरही ते त्याचाच विचार करीत राहिले.,mr,unknown,male
004819.wav,असे म्हणून आपल्या लांब सोंडेने पार्वती व परमेश्वराच्या पायांना विळखा घातला व आपल्या डोळ्यांना स्पर्श करुन नमस्कार केला.,mr,unknown,male
000221.wav,शेठजी चंदनाच्या लाकडांचा व्यापारी होता.,mr,unknown,female
010064.wav,"’नमो नारायणाय’ असा जप करून त्याने तपाला सुरवात केली, हे पाहून सर्व देव आश्चर्यचकित झाले.",mr,unknown,male
005805.wav,या दिवशी तीळगुळ मोठ्यांनी लहानांस द्यावा अशी वहिवाट आहे.,mr,unknown,male
009125.wav,"मग हे रोजचंच झालं, गुरूदेव आपलं गुरूकुल म्हणजे ही पर्णकुटी आणि मोकळं मैदान, जंगलं ही आपली पाठशाळा.",mr,unknown,male
009071.wav,त्याला नदी पार करायची होती तेवढयात त्याला घोडयांच्या टापांचा आवाज ऐकू आला,mr,unknown,male
006909.wav,रंकाळ्यात वाढणारी जलपर्णी ही सॅल्वेनिया मोलॅसटो या प्रकारची आहे.,mr,unknown,male
005287.wav,मी तुझ्या भल्यासाठीच सांगतो आहे कारण मी तुझा हितचिंतक आहे.,mr,unknown,male
004017.wav,सतरा शे नव्वद च्या सुमारास बॉम्बे गॅझेट प्रेस व बॉम्बे कुरिअर प्रेस अस्तित्वात आले.,mr,unknown,female
009073.wav,"घोडेस्वार नदी जवळ आले, एकएक करून सर्वजण नदी पार करू लागले.",mr,unknown,male
004249.wav,बाजीप्रभुंजवळ चाळीस ह्यासाठि की पावनखिंडिचा भाग दुर्गम होता.,mr,unknown,female
010026.wav,तरीपण त्याने परत जाऊन मनूचे म्हणणे त्याला सांगितले.,mr,unknown,male
007799.wav,इतक्यात गौतमांनी आपले डोळे उघडले आणि शांतपणे सगळीकडे नजर फिरविली.,mr,unknown,male
009186.wav,"विद्यार्थ्यांनी आपल्या खाऊचे पैसे, रूपये आणून मुख्यध्यापकांजवळ दिले.",mr,unknown,male
005973.wav,अजून डोक्यावर पाटी घेऊन चारचार मैल चालत होत.,mr,unknown,male
007761.wav,तेथे व्यासपुत्र शुकमुनींची स्वारी आली.,mr,unknown,male
004242.wav,मानुषी घराच्या आणि कंपाउंडच्या भिंतीच्या मधल्या जागेत एका मांजरीने पिल्लं घातली.,mr,unknown,female
009906.wav,"अरे, बघशील तर ते ध्यान! असे हेटाळणीचे शब्दही सत्यकामाच्या कानी आले.",mr,unknown,male
009959.wav,"पण भगवन्, आपल्या तोंडून ते ज्ञान पुन्हा ऐकावे अशी माझी इच्छा आहे.",mr,unknown,male
005899.wav,"मैत्री म्हणजे सदृढ स्वच्छ काया, जि मित्रावर करते आईप्रमाणे माया",mr,unknown,male
002882.wav,शहाण्याला अशक्यप्राय गोष्टही शक्य करता येते.,mr,unknown,female
001678.wav,मुलांसाठी खेळायला मस्त प्रशस्त बाग होती.,mr,unknown,female
008674.wav,"एके दिवशी घरी आल्यावर आई झोपलेली होती, तो घाईने आई जवळ गेला.",mr,unknown,male
000902.wav,"हे प्रदूषण असेच चालू राहिले, तर जीवसृष्टी नष्ट होण्याचा निश्चित धोका निर्माण झाला आहे.",mr,unknown,female
008385.wav,"त्या अशोकाच्या झाडावरील फुलांचा तुरा तोडून घेण्याची शबरीला अतिशय इच्छा झाली होती, तिने तीनतीनदा हात पुढे केले व आखडते घेतले.",mr,unknown,male
002297.wav,"लक्ष्मण त्याचे सखे, मित्र, सर्वांचा निरोप घेऊन व वशिष्ठ मुनींकडून शस्त्रास्त्रे घेऊन आला.",mr,unknown,female
010781.wav,"स्पर्धेसाठी खास त्याच्या बाबांनी त्याला नवीन रंगपेटी बक्षीस दिली होती, पण आज भुवनने वेगळाच निश्चय केला होता.",mr,unknown,female
006741.wav,ब्रॅड हॉगने प्रत्येक सामन्यात ठसा उमटवला व सातत्य राखले.,mr,unknown,male
000297.wav,"त्यालावाटले, महाराज त्याच्या स्वागताला बाहेर येतील.",mr,unknown,female
009623.wav,"काही अंतरावर गेल्यानंतर लोकांचे बोलणे ऐकू आले, किती मूर्ख आहेत हे लोक ?",mr,unknown,male
004154.wav,असे सगळेमाहीत असलेले पण तरीही परत्एकदा पाहील्यावर वेगळे वाटते.,mr,unknown,female
005289.wav,त्यांपैकीं एक जखमी झाला आणि लंगडत लंगडत इतर सैनिकांच्या पाठोपाठ येऊ लागला.,mr,unknown,male
000028.wav,देवळाच्या भिंती आणि छप्पर हलू लागले.,mr,unknown,female
010541.wav,"देवाने माणसाला विचारले, तू तुझे हे शेत कधी नांगरले.",mr,unknown,female
010644.wav,रोज शाळा सुटल्यावर भूक लागल्यामुळे चिन्मय धावतच घरी यायचा.,mr,unknown,female
008006.wav,या दिवशी गाईची पाडसासह संध्याकाळी पूजा करतात.,mr,unknown,male
008070.wav,बंधू-भगिनींचा प्रेमसंवर्धनाचा हा दिवस आहे.,mr,unknown,male
003249.wav,वाढत्या शहरीकरणामुळे शहरातील वाहतूक समस्या दिवसेंदिवस बिकट होत चालली आहे.,mr,unknown,female
008690.wav,"आईच्या जवळ जाऊन तिला म्हणाला, आई मला माफ कर, तू आमच्यासाठी किती कष्ट घेतेस.",mr,unknown,male
007278.wav,"कधी आई- वडिलांच्या रूपाने, तर कधी भाऊ-बहिणींच्या नात्याने, तर कधी मित्राच्या मैत्रिणीच्या नात्याने, तर कधी प्रेयसीच्या नात्याने.",mr,unknown,male
002581.wav,"उदाहरणार्थ, ते बोम्बे युनिवर्सिटीत सिंडिक ऍंड डीन ऑफ आर्ट्स ह्या पदावर होते.",mr,unknown,female
010924.wav,"धनगर मात्र बेसावध होता आणि मुख्य म्हणजे, त्या लांडग्यावर विश्वासून होता.",mr,unknown,female
010324.wav,आश्रमात हरिणमयूरादी सुंदर पशुपक्षी पाळलेले होते.,mr,unknown,female
006792.wav,अल्पबचतगटांसारखी संकल्पना शेतीच्या विकासासाठी राबविता येईल.,mr,unknown,male
001371.wav,आता पृथ्वीवर बारा तासांनी अंधार व्हायला लागला.,mr,unknown,female
010783.wav,त्याने आपली नवीन रंगपेटीही वर्गातल्या मुलांना वापरायला दिली.,mr,unknown,female
008311.wav,"घरात बसून राहणे तिला कधीच आवडत नसे, घडीची म्हणून तिला उसंत माहीत नसे.",mr,unknown,male
006518.wav,गौतम बुद्धांना सम्यक संबुद्ध म्हटले जातं.,mr,unknown,male
005688.wav,ठळक बातम्या ऐकतानाही माझ्याच मूळव्याधीचा ध्यास मला,mr,unknown,male
000682.wav,आपल्या पूर्वजांचा कलंक धुऊन टाकला.,mr,unknown,female
010191.wav,प्राणमयकोषाचा मनोमयकोषावर परिणाम होतो.,mr,unknown,female
004776.wav,सूतमुनी नारदाच्या तपश्चर्येची कथा सांगू लागले: पूर्वी नारद एका दासीच्या पोटी जन्मला.,mr,unknown,male
003160.wav,आठ्वड्याच्या बाजारासाठी वा नाटक- सिनेमा पाह्ण्यासाठी खेडेगावातील लोक शहरात यायचे.,mr,unknown,female
002988.wav,वयाने मोठा झाल्यानंतर पांचशे बैलगाड्यांवर माल लादून पूर्वेपासून पश्चिमेला जाई.,mr,unknown,female
001883.wav,भगवान वेद व्यास हे फक्त प्रज्ञावान ऋषीच नसून एक महान वैज्ञानिक व महान शास्त्रज्ञ होते.,mr,unknown,female
010805.wav,होता होता तो दिवस उजाडला आणि सारी मुले सकाळी ठीक सात वाजता शाळेत हजर झाली.,mr,unknown,female
001941.wav,"असं वाटलं, का मी हीन कुळातला आहे, पण जेंव्हा तुम्ही अंगठा मागितलात ना, तेंव्हा मला सामोरं आलंच नाही, कुठलंही द्वंद्व, कुठलेही प्रश्न, किंवा कुठल्याही समस्या.",mr,unknown,female
003297.wav,या गोट्यांच्या चौकटींत दहा-दहा गोट्यांच्या ओळी ओसत.,mr,unknown,female
003535.wav,स्वयंपाकघरातले अनेक अपघात पदर स्टोव्हवर किंवा शेगडीवर पडून होतात.,mr,unknown,female
003730.wav,मराठीमाती संकेतस्थळाचे सर्व दुवे शोधण्यासाठी मराठी साईट मॅप पाहा,mr,unknown,female
007485.wav,"राजाला आपले शौर्य, राज्य, ऐश्वर्य आणि कर्तृत्व इत्यादी गोष्टींचा अभिमान होता.",mr,unknown,male
001182.wav,ब्रह्मचर्याश्रम सोडून गृहस्थाश्रमात तू आता प्रवेश कर; विवाह करुन सुखाने नांद.,mr,unknown,female
001376.wav,त्यासाठी मग त्याने शांत आणि शितल असणार्या चंद्रदेवाला पृथ्वीवर येण्याची विनंती केली.,mr,unknown,female
007941.wav,"त्याचे शीर आकाशात उडाले, तर धड पश्‍चिम समुद्राकडे पळू लागले.",mr,unknown,male
005494.wav,"मराठी लेख, कविता आणि साहित्य पाठविण्यासाठी आम्हाला संपर्क करा.",mr,unknown,male
000627.wav,"वाटेत संध्याकाळ झाली तेव्हा त्याने गायी बांधल्या, अग्नी पेटविला व तो त्यात समिधा टाकू लागला.",mr,unknown,female
004759.wav,"म्हणूनच तो 'आई, 'आई असे बडबडत होता खरा.",mr,unknown,male
002113.wav,"मानवता हाच खरा धर्म, पण हाच धर्म इतर पाळत नाहीत, बाई उत्तरल्या.",mr,unknown,female
008919.wav,"तुला चांगलं स्वच्छ करतो आणि पुढच्या उन्हाळयासाठी तुझ्यावरच्या विहिरी, तळं भरून ठेवतो.",mr,unknown,male
004900.wav,"वामनाने त्रिविक्रम रूप घेऊन आकाशाला व्याप्त केले होते, त्याचे स्मरण म्हणून आकाशदीपम्हणजे आकाशकंदील लावतात.",mr,unknown,male
007887.wav,आपल्या पूर्वजांचा कलंक धुऊन टाकला.,mr,unknown,male
007473.wav,"त्यावर कूत्तन म्हणाला, तुझ्यापुढे मी काजवा आहे.",mr,unknown,male
004181.wav,काल शेहचाळीसव्या ओव्हरपासून शेवटपर्यंत एका मित्राला फोनवरून स्कोअर सांगत होतो.,mr,unknown,female
008308.wav,या भिल्ल राजास एक पाचसहा वर्षांची मुलगी होती.,mr,unknown,male
005364.wav,फुनचोकच्या बायकोने दिलेल्या चांग सरबताचा घोट घेऊन त्याने पुढे कहाणी सांगायला सुरवात केली.,mr,unknown,male
001463.wav,रोज शाळा सुटल्यावर भूक लागल्यामुळे चिन्मय धावतच घरी यायचा.,mr,unknown,female
002888.wav,वीरसिंहच्या सैनिकांपैकी तिघेजण समरबाहूच्या अनुयायांसमोर टिकू शकले नाहीत आणि जमिनीवर पडले.,mr,unknown,female
005644.wav,सैल करतात मैदानावर पालकांचा धाक हरवलेली दप्तरं,mr,unknown,male
000685.wav,वडील भाऊ गुरूच्या घरी राहून वेद शिकून आले होते.,mr,unknown,female
004540.wav,सस्त्यातलं करुन झालय मागेच आता फस्टक्लास फर्स्ट येण्याजोगं करायचय.,mr,unknown,female
004515.wav,खर म्हणजे मला झुबकेदार शेपटीची कुत्री आवडतात.,mr,unknown,female
010051.wav,शंकरांनीही त्रिशूळ पोटात खुपसून त्याला मारण्याचा प्रयत्न केला.,mr,unknown,male
008631.wav,मिठू घरात फिरुन आली की घरट्यात जाऊन बसायची.,mr,unknown,male
001367.wav,"बाई कौतूकाने म्हणाली, आजच झाला.",mr,unknown,female
003917.wav,आपण आकाशांत उड्डाण करून त्याच्या जवळ आली.,mr,unknown,female
010728.wav,"रंगाचे पैसे खर्च करणे आपल्याला शक्य नाही, तसे ही हातामुळे मंजूला फार काळ चित्रकला करता येईल असे मला वाटत नाही.",mr,unknown,female
002640.wav,या जंगली जमातींमध्ये गण्डकमृग नांवाची एक जमात होती.,mr,unknown,female
010359.wav,मुलीला पोटाशी धरुन नंतर राजा निघून गेला.,mr,unknown,female
009899.wav,नंतर सत्यकाम गुरूच्या शोधाकरिता अरण्यात हिंडत असता गौतम ऋषींच्या आश्रमात आला.,mr,unknown,male
007020.wav,"दरम्यान, जवळील सत्तर बकऱ्या विकून त्यांनी शेतात विंधनविहीर केली होती.",mr,unknown,male
002301.wav,रथ दृष्टीआड होईपर्यंत सर्वजण तेथेच बसून राहिले.,mr,unknown,female
004788.wav,राजकर्त्यांच्या निरंकुश कारभारामुळे प्रजेचा वाली कोणी राहिला नाही.,mr,unknown,male
002939.wav,"‘किती इमानदार माणूस आहे, नाही तर इतक्या उन्हांत घाम गाळून याने झाडांना पाणी लावले असते कां?",mr,unknown,female
006865.wav,एकूणच या कारवायांचा जगाच्या तीनचतुर्थांशहून अधिक भागाला धोका निर्माण झाला आहे.,mr,unknown,male
009487.wav,"बऱ्याच दिवसांच्या टाइम पास नंतर, आज इथे तिला प्रत्यक्ष पहायचं होत.",mr,unknown,male
006055.wav,इथून बाहेर पडणारी मंडळीच सर्व वरिष्ठ नोकऱ्यांमध्ये दिसतात.,mr,unknown,male
001980.wav,निवेदनाला योग्य प्रतिसाद मिळून अवघ्या दोन तीन दिवसात पुरेसा निधी गोळा झाला.,mr,unknown,female
003804.wav,पाच शे बावीस असत्याचा विजय झाला तरी तो क्षणभंगूर असतो.,mr,unknown,female
004535.wav,"स्फुल्लिंग चेतवणे, जागृत करणे प्रज्ज्वलित करणे ?",mr,unknown,female
008279.wav,दंतकथांमधून इतिहास निर्मावा लागतो.,mr,unknown,male
005222.wav,"दाऊद म्हणाला की, बादशहाचं मन बिरबलाविषयी कलुषित करायला हवे.",mr,unknown,male
005507.wav,"विफल आयुष्याची माझ्या, मी पाने चाळताना",mr,unknown,male
005704.wav,जागरण करून करून बागडलो मित्रांच्या ओसरीवर,mr,unknown,male
009500.wav,"ते दोघेही त्यांचं स्वतंत्र जीवन आपापल्या पद्धतीने जगायला काहीच दिवसांत सज्ज असतील, असे मी घडवून दाखवेल.",mr,unknown,male
004801.wav,श्रीमतीने विष्णूचे स्मरण केले त्याबरोबर विष्णु प्रकट झाला.,mr,unknown,male
002281.wav,राज्य कारभाराचा त्याने अनुभव घेतला आहे.,mr,unknown,female
005350.wav,इतकं काम केल्यानंतर साहजिकच तिचे कपडे विरुन फाटत.,mr,unknown,male
007062.wav,"शबरीमला, गुरुवायूर या प्रसिद्ध देवस्थानातही शेकडोंच्या संख्येने हत्ती आहेत.",mr,unknown,male
004470.wav,अठरा शे एक्क्याण्णव मध्ये त्यांनी फर्ग्युसन कॉलेजात गणित शिकवायला सुरुवात केली.,mr,unknown,female
008028.wav,अशा प्रकारे तिने राजकुमाराचे प्राण वाचवले.,mr,unknown,male
004131.wav,जावेद खानने आपला वरीष्ठ अधिकारी राठोडची हत्या केलेली असते.,mr,unknown,female
007884.wav,संगीताची जोड दिल्याखेरीज नुसते मंत्र पाठ करण्यात अर्थ नाही हे त्याने शोधून काढले.,mr,unknown,male
010732.wav,आईने आश्चर्याने तिला त्याबद्दल विचारले.,mr,unknown,female
001785.wav,"त्याला वाटले, मजुरांपैकी कोणी ते चोरले असावे.",mr,unknown,female
003183.wav,पुननिर्मित होणाऱ्या ऊर्जेचे सर्वात महत्त्वाचे साधन म्हणजे जैविक ऊर्जा.,mr,unknown,female
000495.wav,शमीक ऋषी मात्र ध्यान-धारणेत मग्न होऊन आश्रमातच बसले होते.,mr,unknown,female
005581.wav,प्रत्येकास काय हवेनको ते पानात वाढुन घेतले जाते.,mr,unknown,male
008521.wav,"वधूपिता परराज्यातून उडून आलेल्या वरपित्याला म्हणतो आहे, शंभरच काय घेऊन बसलात.",mr,unknown,male
005016.wav,पण त्यावेळेस त्या प्रदेशात दुष्काळ पडला.,mr,unknown,male
002861.wav,तसे असेल तर तू अतिशय सावध असायला हवेस.,mr,unknown,female
007979.wav,पक्षी झाडावर घरटी बांधतात आणि घोट्या छोट्या पिल्लांना त्यात ठेवतात.,mr,unknown,male
004042.wav,अन माझं नाव मेंबर लिस्ट मध्ये दिसत नाही.,mr,unknown,female
008418.wav,बाहेर आल्यावरही आईच्याच सान्निध्यात त्याचा लहानपणी तरी बहुतेक वेळ जातो.,mr,unknown,male
002898.wav,क्वागा मार्गदर्शक होती तर चिनी हत्ती माझ्याबरोबर एकतर्फी संवाद करीत होता.,mr,unknown,female
000367.wav,पुढे काही दिवसांनी तिन्ही सांजेच्या वेळी तो रानातून परतत असतांना त्याला वाघाची डरकाळी ऐकू आली.,mr,unknown,female
000850.wav,बळीराजाची दानशूरता पाहून वामनाने त्याला पाताळीचे राज्य दिले.,mr,unknown,female
009187.wav,"एक हस्तलिखित निवेदन त्यांनी काढलं, इतर वर्गातूनही निधी जमला.",mr,unknown,male
005334.wav,"जिथे जाईन, तिथे मी सांगीन त्या किंमतीला माल विकून टाकता येईल.",mr,unknown,male
006465.wav,शिक्षण ही विकासाची खरी गंगोत्री असल्याने सर्वांगीण विकासासाठी शिक्षण महत्त्वाचे आहे.,mr,unknown,male
007851.wav,"पण भगवन्, आपल्या तोंडून ते ज्ञान पुन्हा ऐकावे अशी माझी इच्छा आहे.",mr,unknown,male
002654.wav,येवढ्यांत ती भयानक राक्षसीण झोपलेल्या चोरांवर तुटून पडली.,mr,unknown,female
003504.wav,"कुपोषणाने आरोग्य बिघडते, कार्यक्षमता कमी होते आणि शालेय प्रगती खुंटते.",mr,unknown,female
001542.wav,"चित्र पाहताच आईने आनंदाने मंजूला जवळ घेत म्हटले, मंजू, तुझ्या हातात कला आहे, त्याला अधिकाधिक वाढवायचा प्रयत्न कर.",mr,unknown,female
005020.wav,आणि वेताळाने सत्यकीर्तिची पुढील गोष्ट सांगितली.,mr,unknown,male
009718.wav,"तेव्हा वीरमती म्हणाली, माझा तुमच्याशी विवाह होणार होता आणि मीही मनाने तुम्हालाच वरले होते.",mr,unknown,male
000323.wav,हा कृष्णराव अतिशय स्वार्थी आणि लोभी होता.,mr,unknown,female
002032.wav,"बारा वाजे पर्यंत हिंडला, काम मिळेना, पोटात कावळे कोकलायला लागले.",mr,unknown,female
000814.wav,लग्नानंतर चवथा दिवस हा तो मृत्युमुखी पडण्याचा दिवस असतो.,mr,unknown,female
002529.wav,"शेष अंशाने तप्तसुवर्णकांतियुक्त लक्ष्मण, व चक्रगदेच्या अंशाने पोवळ्यासारख्या विद्रुमकांतीने युक्त शत्रुघ्न, सुमित्रेच्या उदरी जन्मले.",mr,unknown,female
010266.wav,"विनू, तुझ्या डोळ्यांनाही मी खुनीच दिसतो का, तुझं मत सांग, तुझ्या मताची मला किंमत आहे.",mr,unknown,female
005381.wav,आपल्या वडिलांच्या गैरहजेरीत तेजीमालाचे हाल पहावत नसत.,mr,unknown,male
010072.wav,"दानवांना कोणी शासक राहिला नाही, देवांना असुरांची भीती राहिली नाही.",mr,unknown,male
001080.wav,"हळूहळू या वैराग्यशील, ध्यानधारणासंपन्न, निष्पाप अशा ऋषींच्या साध्या राहणीचा व सुंदर आचरणाचा परिणाम या दंडकारण्यातील लोकांवर होऊ लागला.",mr,unknown,female
002227.wav,त्याची प्रवेश द्वारे वीस मीटर उंच आहेत कुंबथडी मंडपम मध्ये शंकरासह अनेक देव देवतांच्या तसेच ऋषीमुनींच्या प्रतिमा आहेत.,mr,unknown,female
010006.wav,इथून जवळच अंगिरस ऋषींनी यज्ञ चालविला आहे.,mr,unknown,male
006736.wav,"या दाव्यात कितपत तत्थ्य आहे, हा विषय वेगळाच.",mr,unknown,male
002706.wav,"राजन्, मी वारंवार समजावून सांगून देखील तू आपला हेका सोडीत नाहीस व निष्फळ कष्ट उपसतो आहेस.",mr,unknown,female
008205.wav,"धाकटी बहीण होती, तेव्हा तिच्यासाठी तो विणी, पैसे मिळवून बहिणीला नटवी.",mr,unknown,male
006608.wav,तसेच ब्रॉंकोसॅन सिरप देण्यास सुरुवात करावी.,mr,unknown,male
001165.wav,"एक दिवस मतंग ऋषी तिला म्हणाले, शबरी, परमेश्वरास वाहण्यासाठी दोनचार फुले फार तर आणावीत.",mr,unknown,female
003262.wav,याचा परिणाम पर्यावरणातील उलट परिणामांसाठी उपयुक्त ठरू शकेल.,mr,unknown,female
006572.wav,याबाबत मी सोनिया गांधींशी बोललो असता त्या देखेंगे म्हणाल्या.,mr,unknown,male
001451.wav,निसर्गमातेचा उत्सव म्हणून सुरु केला गेलेला हा दिवस आपआपल्या मातांना प्रेम आणि आदर व्यक्त करण्याचा दिवस म्हणून साजरा केला जाऊ लागला.,mr,unknown,female
004230.wav,डिलन आणि जिमी या दोघांच्याही गाण्यात नसलेली नाट्यमयता डेव्ह आणतो.,mr,unknown,female
003863.wav,बायनं आपला काळा फाटकोळा हात झेंड्यासारखा हलवला.,mr,unknown,female
010582.wav,"आई-बाबांना, मित्र-मैत्रिणींना सर्वांना ते कोंब दाखवून झाले.",mr,unknown,female
008861.wav,तिला कोणाशीच काही शेअर करायला आवडायचे नाही.,mr,unknown,male
003918.wav,समजून हा शब्द तर मला फारच कठीन आहे रे.,mr,unknown,female
005901.wav,एवढ्या सुंदर विषयावर माझ मत मांडण्यास मला प्रोत्साहन देणाऱ्या माझ्या मित्रांना कोटीकोटी धन्यवाद,mr,unknown,male
008940.wav,"सूर्य प्रथम उबदारपणे प्रकाशू लागला, तसा प्रवासी शांत झाला, त्याने बाहेरचे लपेटलेले वस्त्र बाजूस सारले.",mr,unknown,male
009691.wav,त्यामुळे अल्लाउद्दीन संतापला आणि प्रचंड सैन्यानिशी देवगिरीवर चालून गेला.,mr,unknown,male
007967.wav,"दैत्यांचे सामर्थ्य कमी झाले असून, देव शांत झाले आहेत, त्यांनी दैत्य व मनुष्यांचा द्वेष करणे सोडले आहे.",mr,unknown,male
009345.wav,तु मात्र नुसतीच पुजा करत राहिलास आतले चणे किड लागून खराब ही झाले असतील.,mr,unknown,male
004057.wav,"गद्यलेखन पुस्तक अक्षरवार्ता प्रतिसाद ताई, मी कलेक्टर व्हयनू श्री राजेश पाटील.",mr,unknown,female
010413.wav,"हे रानफूल सात्त्विक सौंदर्याने, गुणगंधाने नटताना पाहून त्याला का धन्य वाटणार नाही.",mr,unknown,female
003000.wav,"त्यात एक सोन्याचे भांडे होते, चांगली स्थिती असताना ते वापरात नव्हते.",mr,unknown,female
009886.wav,सत्यकामाला शिकायची फार हौस होती.,mr,unknown,male
001232.wav,त्या वेळी स्वत:च्या जीवनातील तसल्याच स्मृती त्याला येत असत.,mr,unknown,female
001515.wav,"तिचे गाव शांत, सुंदर आणि समुद्राकाठी वसलेले होते.",mr,unknown,female
002314.wav,रामाने भरत व शत्रुघ्न दोघांना प्रेमपूर्वक आलिंगन देऊन दोघांचे सांत्वन केले.,mr,unknown,female
001452.wav,आता भारतीयही मातृदिना बरोबरच मदर्स डेही साजरा करतात.,mr,unknown,female
005365.wav,कारण त्याने कोणालाही इजा केली नव्हती.,mr,unknown,male
006903.wav,नगरपालिकेतील कर्मचाऱ्यांना सहा टक्के वाढीव महागाई भत्ता,mr,unknown,male
009341.wav,"एक दोन वर्षाने गुरुजी परत आले, दिलेल्या चण्यांबद्दल विचारले.",mr,unknown,male
004322.wav,त्याला उत्पादन मात्र सहा क्विंटलच निघाले.,mr,unknown,female
006755.wav,"यात वांझ, दूध न देणारी, आजारी जनावरे आहेत.",mr,unknown,male
000839.wav,अनेक घरांत श्रीसूक्तपठणही केले जाते.,mr,unknown,female
010845.wav,तिने तर कार्टून बंद होईल हया भीतीने मदत केली होती.,mr,unknown,female
006071.wav,"आजचे राज्यकर्ते, शासनातले अधिकारी या दृष्टीने विचार करण्याची तयारी दाखवत नाहीत.",mr,unknown,male
009689.wav,यवन सम्राट बादशहा अल्लाउद्दीनने देवगिरीवर चढाई केली.,mr,unknown,male
009308.wav,"अचानक तिथे एक गाडी थांबली व गाडीतून बाई खाली उतरल्या, त्यांनी शर्मांना त्या अवस्थेत पाहिले.",mr,unknown,male
003568.wav,रोगांचे 'सोपेपणावरून' वर्गीकरण आरोग्यविद्या भारतवैद्यक संस्था डॉक्टरांनी केले आहे.,mr,unknown,female
010144.wav,या दिवसास धन्वंतरी जयंती असेही म्हणतात.,mr,unknown,male
003088.wav,"लक्षात ठेवा, अंटीला धक्का देताना, तुमचा डावा अंगठा दृढपणे जमीनीला टेकलेला असला पाहिजे.",mr,unknown,female
009471.wav,तिला बऱ्याचदा सांगण्याचा प्रयत्न केला पण ती काही बोलू देईनाच.,mr,unknown,male
009206.wav,"एकमेका सहाय्य करू, अवघे धरू सुपंथ, हे ब्रीद ज्यांनी अंगिकारलं ते आदर्श झालेच म्हणून समजा!",mr,unknown,male
004693.wav,थोरला भाऊ जिवंत असेपर्यंत धाकट्याला आपल्या वंशात कधीतरी कोणी गादीवर बसविले आहे का,mr,unknown,male
001715.wav,"मग ते फळं खाऊन, पाणी पिऊन समाधानी होतात.",mr,unknown,female
004271.wav,जर कुणाला यात गर्वोक्ती किंवा आत्मप्रौढीचा वास आल्यास क्षमा करावी.,mr,unknown,female
000340.wav,"मरता मरता कृष्णराव म्हणाला, मी देशद्रोही असलो, तरी तुझा पती आहे.",mr,unknown,female
008108.wav,"हे प्रदूषण असेच चालू राहिले, तर जीवसृष्टी नष्ट होण्याचा निश्चित धोका निर्माण झाला आहे.",mr,unknown,male
008334.wav,"आश्रमात गाई होत्या, गाईंच्या वासरांबरोबर शबरी खेळे, उड्या मारी.",mr,unknown,male
006178.wav,"शिवसेना हा आजही गावागावांत, तळागाळात घट्ट रुजलेला व कार्यकर्त्यांचे मोहोळ असलेला पक्ष आहे.",mr,unknown,male
008924.wav,"फुलांचा वास घेऊन ताजेतवाने होतात, तेव्हा, ते सारे तुझंच कौतुक करतात, तुलाच आर्शिवाद देतात.",mr,unknown,male
010560.wav,अशा तर्हेने पृथ्वीवरचा प्रत्येक दिवस सूर्यासोबत कामात आणि रात्र चंद्रासोबत आरामात जाऊ लागली.,mr,unknown,female
000589.wav,नुकतेच स्नान आटोपून भस्म लावलेले आणि लांबसडक केस पाठीवर मोकळे सोडलेले असे अनेक तेजस्वी कुमार वेदपठण करीत होते.,mr,unknown,female
003366.wav,जन्म न्यूयॉर्क प्रांतातील अल्बनी शहरानजीकच्या खेड्यामध्ये झाला.,mr,unknown,female
002671.wav,"राजन्, मी तुला अनेकवेळां सांगतो आहे कीं स्मशानामधें क्रूर जनावरें आहेत.",mr,unknown,female
003590.wav,"अतिसंशयी सतत कपटकारस्थानाची चाहूल घेणा-या व्यक्ती यांत आढळतात,",mr,unknown,female
000035.wav,त्याप्रमाणे ती मुले एक-एक काठी घेऊन आली.,mr,unknown,female
000029.wav,"पुजारी पिंडीवर ओणवा झाला; कारण छप्पर पडले, तर देवाला लागू नये.",mr,unknown,female
002396.wav,"तुझ्यासाठी एक मोठी नौका, अंधकारात जसा दिवा असावा, तशी येत आहे.",mr,unknown,female
008368.wav,"ऋषिपत्नी म्हणाली, शबरी, तू फार गुणी आहेस.",mr,unknown,male
007174.wav,"ज्याद्वारे केवळ नियमात असलेल्या साहित्याचाच उपयोग होईल, असे माथिवानन यांनी सांगितले.",mr,unknown,male
002171.wav,जाऊन बेलोलखानास धरून चालविणे आणि कोकणातून मोरोपंत पेशव्यांनाही हशमानिशी रवाना केले.,mr,unknown,female
006207.wav,महाराष्ट्रातल्या परप्रांतीयांबरोबर यांचे कधी बिनसल्याचे आपण पाहिले आहे,mr,unknown,male
006523.wav,मध्येच शिक्षणाला रामराम ठोकणाऱ्या मुलांचं प्रमाण वाढतंय.,mr,unknown,male
000890.wav,सनातन हिंदु धर्मियांचा आचार निसर्गाला समृद्ध करणारा असतो.,mr,unknown,female
007820.wav,एके दिवशी त्याच्यासमोर त्याच्या खिल्लारातील एक बैल आला.,mr,unknown,male
003323.wav,"पवनचक्क्यांमुळे पाऊसमानात घट होते या समजुतीने, तसेच जमीन हस्तांतरण आणि रस्त्यांची दुरवस्था या मुद्यांवरून स्थानिक पातळीवर अशा प्रकल्पांना विरोध होत आहे.",mr,unknown,female
010287.wav,"परंतु तो उठला, ते पूर्वजांचे घर सोडून तो निघाला.",mr,unknown,female
003515.wav,गरमी सिफिलिस हा आजार फार पूर्वी पोर्तूगीज खलाशांनी आपल्या देशात आणला.,mr,unknown,female
006493.wav,"स्पीड माझं आडनाव स्पीड आहे, हायस्पीड नाही!",mr,unknown,male
009144.wav,"पण खरं सांगतो गुरूदेव, मी लागलीच तुमची गुरूदक्षिणा दिली.",mr,unknown,male
006479.wav,अन्य वक्‍त्यांच्याही तोंडून जेलप्रेम झळकत होते.,mr,unknown,male
003734.wav,चकाकणारी कोल्हापुरी चप्पल घालुन मी आरष्यात स्वतला नमस्कार करून घेतला आणि हसलो,mr,unknown,female
010208.wav,"जेवतांना मधे मधे थोडे थोडे पाणी प्यावे, यामुळे पचन व्यवस्थित होते.",mr,unknown,female
010364.wav,"शबरी सकाळी लवकर उठे, ऋषिपत्नीने तिचे दात आधी नीट घासावेत, मग तिची वेणीफणी करावी.",mr,unknown,female
008356.wav,"मनुष्य कसा वागतो, शबरी कशी वागते, हे सारे पाहण्यासाठी हे वरुणदेवाचे हेर आहेत, हे तारे वरुणदेवाचे दूत आहेत.",mr,unknown,male
004529.wav,"पोरीच्या भानगडीत रडला, चक्क रडला थबथबलेल्या स्पंजसारखा झाला होता काही दिवस.",mr,unknown,female
001655.wav,"यामुळे टीनाला वर्गात एकही मित्रमैत्रिण नव्हते, हया गोष्टीचे टीनाच्या आईला खूप वाईट वाटायचे.",mr,unknown,female
006223.wav,असे चालत राहिले तर भाषिक धोरण विफल ठरेल.,mr,unknown,male
006074.wav,"भाषेचा, साहित्याचा, संस्कृतीचा विकास लोकसंस्कृतीतून होत असतो.",mr,unknown,male
000224.wav,हे केवळ राजाच विकत घेऊ शकतो.,mr,unknown,female
009450.wav,"दगड घ्यायचा, साखळीला लावायचा आणि फेकून द्यायचा या नादात त्याचे साखळीकडे लक्षच गेले नाही.",mr,unknown,male
010302.wav,उत्तर हिंदुस्थानात आर्यांच्या वसाहती सर्वत्र होण्यापूर्वीच ओढ्या प्रांतातून गलबतात बसून काही धाडसी आर्य खाली सिलोन ऊर्फ लंका बेटात गेले.,mr,unknown,female
004240.wav,नुस्तंच भदाडं आणि प्लेन होतं म्हणून काळ्या तीन- रंगाची नक्षी काढली.,mr,unknown,female
001591.wav,"भुवनला त्यांच्या सारखे झाडावर चढणे, मोठयांची सायकल चालवणे व गावाकडचे खेळ खेळणे अजिबात जमत नसे.",mr,unknown,female
007201.wav,"प्रभाग चार मॅग्धालिना आग्नेलो गोयस दोनशे सहासष्ठ, व्हिन्सेन्ट जुझे रॉड्रिग्ज साठ.",mr,unknown,male
003257.wav,खोलगट जमिनीवर कचरा व मातीचे थर टाकून रोलींग करणे,mr,unknown,female
007671.wav,तसा प्रयत्न पुन्हा संतसज्जनांनी केला पाहिजे.,mr,unknown,male
005754.wav,सांजवेळी डोंगरांचा नूर जाणे हा कोणता खेळ आहे.,mr,unknown,male
002182.wav,नंतर प्रुडेन्शियल टॉवर्स नावाच्या बॉस्टनच्या एका उंच इमारतीतून आजूबाजूचा नजारा पाहिला.,mr,unknown,female
007509.wav,माझ्या मनात आपल्याविषयी जास्त आदर आहे.,mr,unknown,male
008194.wav,कोणी अपराध केला त्याची चौकशी होई.,mr,unknown,male
005929.wav,तिची एक थीम असते आणि म्हणूनच ती उलगडत जाते.,mr,unknown,male
007945.wav,तेव्हा शंकरांनी म्हाळसा नावाच्या डोंगरावर राहूच्या घशात अंगठा घालून अमृत बाहेर काढले.,mr,unknown,male
008172.wav,तहान आणि भूक लागणे हे देवाने माणसाला दिलेले वरदान आहे.,mr,unknown,male
004818.wav,पार्वती मोठया कष्टाने आपले सगळे दुःख विसरली व मुलास कडेवर घेवून तिने त्याची दृष्ट काढली.,mr,unknown,male
005779.wav,आता घरगुती छळ महला सुरक्षा कायदा सव्वीस ऑक्टोबरपासून अंमलात येताच तामिळनाडूत घडलेली ताजी घटना पाहा.,mr,unknown,male
007414.wav,कळपातील गवत खाणाऱ्या वाघाला पाहून तो रानातील वाघ आश्चर्यचकित झाला.,mr,unknown,male
001210.wav,"आईच्या पोटातच मुळी जीव राहिला, आईशी एकरूप होऊनच जीव बाहेर पडला, जणू तिचाच होऊन बाहेर आला.",mr,unknown,female
000422.wav,"माझ्या या संकटप्रसंगी आपली कृपा झाली तर, सगळं दु:खं नाहीसं होईल.",mr,unknown,female
009579.wav,"त्यांनी कविता लिहिली, त्या कवितेत होते, देवा, आम्हाला आधीच ज्ञात असते, तर आम्ही आधी अर्धेच छप्पर बांधले असते.",mr,unknown,male
001707.wav,"डोंगरावरचा झळा जरा खळाळला, दगडाजवळ बुडबुडला.",mr,unknown,female
001159.wav,"माझ्यासाठी तुम्ही वाईट वाटून घेऊ नका, मी आजपासून बाणाच्या टोकाने हरणांना टोचणार नाही, पक्ष्यांची पिसे उपटणार नाही.",mr,unknown,female
002307.wav,भरत व शत्रुघ्न दोघे रामाची आठवण काढून अश्रू; ढाळूं लागले.,mr,unknown,female
000274.wav,"आता मी सांगतो ते ऐक, तुझे रामायण लिहून पूर्ण झाले आहे.",mr,unknown,female
000172.wav,मुलाने घोड्याकडे एकदा पाहीले आणि क्षणभर थांबुन तो विश्वासाने म्हणाला.,mr,unknown,female
003957.wav,"इतक्यांत एका ब्राह्मणाचं प्रेत वाहात आलं तिनं त्याच्यावर झांकणांनं पाणी उडविलं, तसा तो ब्राह्मण जिवंत झाला.",mr,unknown,female
004866.wav,"गजेंद्राने स्वतः आपली सुटका करुन घेण्यासाठी नाना प्रकारे आदळआपट केली, परंतु सर्व व्यर्थ .",mr,unknown,male
005862.wav,एकवीसावे शतक तरुणांचे मानले जात असल्यामुळे शाळाकॉलेजांमध्ल्या मुलामुलींना यासंबंधीच्या प्रबोधनाचे सूत्रधार बनायला हवे.,mr,unknown,male
003189.wav,साधारणपणे सागरी किनारपट्टी व डोंगराळ प्रदेशात वाऱ्याचा वेग चांगला असतो.,mr,unknown,female
001726.wav,शेवटी ते सिध्द करण्याचा एक मार्ग त्यांनी निश्चित केला.,mr,unknown,female
005522.wav,"राजाभाऊंनी केलेल्या खास आमलेटाचा बेत संपवुन, घराबाहेर पडलो.",mr,unknown,male
006829.wav,गडावरील वाहनतळावरून लेन यांच्या पुतळ्याची धिंड काढण्यात आली.,mr,unknown,male
001565.wav,नीनाच्या आई-बाबांना तिला कसे समजवावे हेच समजेना.,mr,unknown,female
001783.wav,त्यांची ती वरवरची दिखाऊ नीती नि प्रतिष्ठा संशयास्पद व धोकेबाज समजणे शहाणपणाचे होय!,mr,unknown,female
000844.wav,या दिवशी सर्व अभ्यंग स्नान करतात.,mr,unknown,female
010892.wav,"डोंगरावरचा रस्ता उधळला, डोंगराला बिलगला.",mr,unknown,female
009303.wav,त्याच गर्दीत मीटिंगला जाण्याची घाई असलेल्या रमेश शर्मांनी आपल्या गाडीचा वेग वाढवला.,mr,unknown,male
000905.wav,पर्यावरणाचा समतोल निसर्ग टिकवत असतो.,mr,unknown,female
009644.wav,"कंबन म्हणाला अरे वेड्या, हा काय प्रकार चालवला आहेस ?",mr,unknown,male
010587.wav,"बर्याच वर्षांपासून दक्षिण भारतात जाण्याची त्यातल्या त्यात केरळ बघण्याची अगदी मनापासून इच्छा होती, पण या ना त्या कारणाने तो योग येतच नव्हता.",mr,unknown,female
007153.wav,येथपासून ते न्यायालयाचा डेकोरम पाळावा लागतो.,mr,unknown,male
001548.wav,वडीलांचे हे शब्द ऐकून मंजूला रडूच कोसळले.,mr,unknown,female
002081.wav,"खांडेकरांनी दोन क्षण डोळे मिटले, प्रसंग त्यांच्या डोळयासमोर दिसु लागला.",mr,unknown,female
005419.wav,एके दिवशी राजा आपल्या रथात बसून वनविहार करून सूर्यास्तसमयी किल्ल्यात परतला.,mr,unknown,male
003986.wav,एकंदरीत वास्तवाचा आभास निर्माण करणारा शिल्पी व वास्त्वात इतकी तलम वस्त्रे निर्माण करणारा दोन्ही श्रेष्ठ होत.,mr,unknown,female
009626.wav,"लोकांना काय आवडेल, याकडे लक्ष देण्यापेक्षा भगवंताला आपण काय केलेले आवडेल, इकडे लक्ष द्या.",mr,unknown,male
007786.wav,असल्या पोराला कोणता गुरू जवळ करणार !,mr,unknown,male
010427.wav,त्याच्या बऱ्यावाईटाचा पाया लहानपणीच भरला जात असतो.,mr,unknown,female
007913.wav,"नाभा परत आल्यावर मनूने विचारले, `काय रे नाभा, गायी नाही मिळाल्या वाटते?'",mr,unknown,male
008989.wav,"जो धनी आपल्याबरोबर श्रम करणा-या बैलांनाही शिल्लक ठेवण्यास तयार नाही, तो भुकेने पिसाळल्यावर अखेर आपल्यावर देखील हात टाकणार नाही, याची शाश्वती कोणी सांगावी.",mr,unknown,male
010812.wav,"सगळी मुले खाली उतरल्यावर टिचरनी सांगितले, मुलांनो उंचावरची लेणी पाहण्यासाठी आपल्याला डोगंर चढायचा आहे.",mr,unknown,female
003821.wav,"तट्ट फुगून आलो प्रवासातून, कोजागिरीच्या चंद्रासारखा",mr,unknown,female
002647.wav,सिंहाने एका डाकूवर झडप घातली व त्याचा गळा तोंडात पकडला.,mr,unknown,female
008419.wav,"तो आईजवळ हसतो, रडतो, खातोपितो, खेळतो-खिदळतो, झोपतो, आईजवळ त्याची ऊठबस सुरू असते, म्हणूनच खरी शिक्षणदात्री आईच होय.",mr,unknown,male
009666.wav,त्यांच्या पाया पडला आणि राजाचा निरोप सांगितला.,mr,unknown,male
006160.wav,शिवसेना कमजोर करणे व मराठी माणसांची एकजूट भुसभुशीत करणे हे त्यांच्या पक्षाचे मुख्य ध्येय आहे.,mr,unknown,male
008367.wav,"ऋषीने शबरीचे वात्सल्याने अवघ्राण केले, व ऋषिपत्नीने तिला प्रेमभराने हृदयाशी धरिले.",mr,unknown,male
008317.wav,रानटी मनुष्यही आनंदाने हसतो व दुःखाने रडतो.,mr,unknown,male
004351.wav,मग उरलेल्या अर्ध्या दिवसात आम्ही अशाच दोन लिफ्टमधुन वरती जाउन आलो.,mr,unknown,female
007310.wav,"तिला मला भेटायचं नव्हतच, फक्त माल कसा आहे ते पाहून मग पटवणार होतो.",mr,unknown,male
002156.wav,"चिऊताईचे बाळ झोपल्यावर तिने दार उघडले, कावळा घरात आला.",mr,unknown,female
008084.wav,शेतकरी या हंगामात पुरेसा पाऊस मिळविण्यासाठी आनंदी होतात.,mr,unknown,male
003716.wav,"`तुम्ही मराठीचे प्राध्यापकच येऊन तुणतुणे वाजविता, इतर कोणाचीच तक्रार नाही.",mr,unknown,female
004058.wav,मळभमळभ कविता नवरे बर्याच दिवसांचं साचलेपण मनभर पसरुन राहिलेलं.,mr,unknown,female
007872.wav,पण कक्षीवान मात्र अजूनही आपली पिशवी घेऊन बसलाच होता.,mr,unknown,male
009093.wav,अशा व्यासांच्या असामान्य प्रतिभेने शब्दांकित झालेले महाभारत.,mr,unknown,male
008470.wav,"माहेरची गडीमाणसे कांडपिणी, पुढे मोठेपणीही जेव्हा माझ्या आईला 'बयो' म्हणून हाक मारीत, तेव्हा ती हाक किती गोड वाटे.",mr,unknown,male
005385.wav,त्याच्याजवळ एक आश्‍चर्यकारक कथा सांगण्याजोगी होती.,mr,unknown,male
003103.wav,"व सुदर्शन चक्र त्याच्या रक्षणार्थ सतत हजर राहील, असे विष्णूने सांगितले.",mr,unknown,female
000559.wav,परिक्षिती राजाने योजलेल्या त्या भागवत सप्ताहाची वार्ता ऐकून क्षमाशील शमीक ऋषींना आनंद झाला.,mr,unknown,female
009057.wav,"एक कोळी होता, रोज मासे पकडायचे, ते विकायचे, आणि जे पैसे येतील त्यावर उपजीविका करायची असा त्याचा जीवनक्रम होता.",mr,unknown,male
005278.wav,परंतु दर वेळेला आपला विश्‍वास खरा ठरतोच असं नाही हं!,mr,unknown,male
001437.wav,मिठूही आनंदाने मिनूच्या गादीवर बसली.,mr,unknown,female
000508.wav,"त्याने ऋषींना वंदन केले आणि नम्रपणे तो म्हणाला, मुनिवर्य, मला खूप तहान लागली आहे, पाणी द्यावं प्यायला!",mr,unknown,female
004473.wav,कूल व्हिप मात्र वापरू नये स्मित स्मित,mr,unknown,female
001870.wav,दोघांनी सुखरुप नदी पार केली.,mr,unknown,female
000756.wav,भगवान विष्णू प्रसन्न होऊन ’तू परमपदाला पोचशील’ असा वर दिला.,mr,unknown,female
008957.wav,दुष्टांचा नैसर्गिक दुष्टावा संस्काराने बदलून तो सज्जन होणे कधीच शक्य नाही.,mr,unknown,male
004051.wav,मायबोलीवर मलातरी नाही वाटत की कुणी अनोळखी असतांना चॅट करत असेल.,mr,unknown,female
006348.wav,त्यावर उपाय म्हणून जाड तारांचा फ्यूज म्हणून वापर केला जातो.,mr,unknown,male
003837.wav,एक शे एकसष्ठ काळ्याकुट्ट रात्रीनंतर उद्याची लख्ख पहाट असतेच.,mr,unknown,female
004387.wav,यदु-तुर्वश आणि अनु-द्रुह्यु हे वेदांत जोडीने आढळतात.,mr,unknown,female
005624.wav,दुसरे दिवशी सर्व कार्येकर्ते अध्यक्षांच्या घरी जमतात.,mr,unknown,male
002119.wav,एकदा गुरुजी यात्रेसाठी जायला निघाले.,mr,unknown,female
007817.wav,"शिष्यांनी त्यांची चांगली काळजी घेतली नसावी, त्यांचे सारे लक्ष वेद घोकण्यात होते.",mr,unknown,male
000730.wav,"एक स्त्री येऊन अमृत व सुरा पंक्तीत वाढेल, ज्याला जे मिळेल ते त्याने घ्यावे.”",mr,unknown,female
000502.wav,"या ठिकाणी आपणांस पाणी मिळेल, आपली तृष्णा शांत होईल.",mr,unknown,female
006605.wav,हीट एक्‍झॉर्शन सदर प्रकरण हे हीट क्रॅम्प्सचे तीव्र स्वरूप म्हणता येईल.,mr,unknown,male
007536.wav,या युद्धात आम्ही प्राणपणाने लढू आणि देवगिरीचे रक्षण करू.,mr,unknown,male
010563.wav,ताईंनी ह्या कोयींपासूनच मुलांना रोपे तयार करण्यास सांगितली होती.,mr,unknown,female
001540.wav,"मंजूला चित्रकलेची खूपच आवड होती, चित्र काढतांना तिला वेळेचे भान राहत नसे.",mr,unknown,female
007388.wav,तुम्ही आमच्या विद्यार्थांचे आणि ह्या महाविद्यालयाचे भवितव्य काय घडविणार ?,mr,unknown,male
001212.wav,"तो आईजवळ हसतो, रडतो, खातोपितो, खेळतो-खिदळतो, झोपतो, आईजवळ त्याची ऊठबस सुरू असते, म्हणूनच खरी शिक्षणदात्री आईच होय.",mr,unknown,female
009990.wav,पण जो `ऋचा’ म्हणतो आणि लगेच `साम’ ही गातो तो कवी अग्नीसारखा चेततो आणि त्याचा प्रकाश पडतो.,mr,unknown,male
000673.wav,कक्षीवानाने त्याला दुरून धावत येताना पाहिले तेव्हा त्याच्या येण्याचे कारण त्याने ताडले.,mr,unknown,female
004916.wav,"अयोध्या नगरींत चक्रवर्ती सम्राटांच्या मोठ्यामुलाच्या जन्मदिनोत्सवानिमित्त भव्य प्रमाणावर आनंदसोहळे, दानधर्मादि मंगल कार्ये झाली.",mr,unknown,male
005217.wav,डोंगराळ भागात पोचलेल्या जीवदन्त व खड्गवर्मा यांना चोर व स्वर्णाचारी दिसले.,mr,unknown,male
003378.wav,"तर असा आहे आर्किमीडीजचा सिध्दांत काहींना तारणारा, तर काहींना बुडविणारा वरील चित्रात एकच जहाज निरनिराळया प्रकारच्या पाण्यात",mr,unknown,female
004477.wav,"या भेदभावामुळे समाजात राजनैतीक रोग पसरत गेलाय, तो म्हणजे व्होटबॅंकेचा.",mr,unknown,female
009629.wav,तो प्रतिभावान आणि सूक्ष्मदर्शी विद्वानही होता.,mr,unknown,male
001465.wav,"कधी इडली, ढोकळा, थालिपीठ, नूडल्स अगदी रोज काहीतरी वेगळे असायचेच.",mr,unknown,female
004746.wav,आमच्या शेजारचे वाणी लोक स्वातंत्र्यावर विश्वास ठेवतात.,mr,unknown,male
009779.wav,"तेव्हा त्यांनी सांगितले, आम्हाला नमस्कार न करता त्यागराजांना नमस्कार करा, तरच आम्ही तुम्हाला सोडू.",mr,unknown,male
001193.wav,त्याच्या बऱ्यावाईटाचा पाया लहानपणीच भरला जात असतो.,mr,unknown,female
003794.wav,"त्या झाडावर गृध्रपक्ष्यांचे घरटं होते, त्यांत त्या पक्ष्याचा पिलं होतीं.",mr,unknown,female
001873.wav,माझ्या आधी बरेच घोडेस्वार येऊन गेले त्यांना सांगून तुम्ही नदी पार का केली नाही.,mr,unknown,female
003591.wav,एखाद्याची टिंगल करणे किंवा रागावणे अशा गोष्टी टाळायला हव्या.,mr,unknown,female
008553.wav,तिने हळूच जाऊन आईला विचारले.,mr,unknown,male
008860.wav,मागितलेली गोष्ट मिळाली नाही की रडून घर डोक्यावर घेत असे.,mr,unknown,male
000506.wav,तो आश्रमात पाणी शोधू लागला.,mr,unknown,female
000244.wav,बिचारा यांच्या वजनाने दबून जाईल.,mr,unknown,female
000507.wav,"तोच समोर स्वत: शमीक ऋषी बसलेले त्याला दिसले, त्याला आनंद झाला.",mr,unknown,female
008975.wav,"काटेरी झुडुप व त्याच्यावर चढून बसलेला साप पाहून कोल्हा म्हणाला, वा:! सुंदर! आत बसलेला तो प्रवासी आणि त्याला वाहून नेणारी ती नाव, दोन्हीही एकमेकांना कशी अगदी शोभून दिसतात.",mr,unknown,male
009863.wav,त्या थोर क्षमाशील शमीऋषींनी मला हा निरोप तुम्हाला सांगायला मुद्दाम पाठविलं आहे!,mr,unknown,male
006716.wav,त्यांनी तीव्र उष्म्यापासून शरीराच्या संरक्षणासाठी विविध उत्पादन बाजारात आणले आहे.,mr,unknown,male
005557.wav,"क्षण, अंगावरी बहरता जास्वंद मंद झाला",mr,unknown,male
009251.wav,मालकाने सेवकाला त्याला वर बोलावयाला सांगितले.,mr,unknown,male
006033.wav,"महाराष्ट्राला आपल्या ज्ञानाचा, अनुभवाचा फायदा करुन द्या.",mr,unknown,male
001774.wav,विश्वासघातासारखा जगात दुसरा भयंकर गुन्हा नाही.,mr,unknown,female
005199.wav,"ठीक आहे, चल, त्यांना जरा त्याची गंमत कळू देच.",mr,unknown,male
006832.wav,स्थलकालांच्या मर्यादा ओलांडून अनेकांची जीवनपद्धती बनून गेली.,mr,unknown,male
009594.wav,तो एक सारखे बें बें करून ओरडत होता.,mr,unknown,male
008965.wav,विश्रांती घेता घेता तिथे पहुडलेल्या एकाची नजर झाडाच्या फांदीकडे गेली.,mr,unknown,male
000798.wav,"वसुबारस ह्याचा अर्थ- वसु म्हणजे द्रव्य, धन, त्यासाठी असलेली बारस म्हणजे द्वादशी.",mr,unknown,female
003619.wav,आहारातील चोथ्यामुळे पदार्थांचे पचन योग्य पद्धतीने होते.,mr,unknown,female
002382.wav,असे म्हणत जमि-नीवर पडलेल्या मुलाच्या देहाला कवटाळून ती शोक करू लागली.,mr,unknown,female
002830.wav,"त्यांच्याकडून यासाठी जे पैसे मला मिळतात, त्यावरच मी पोट भरतो तो वृद्ध म्हणाला.",mr,unknown,female
010204.wav,अनावश्यक पाणी प्यायल्यामुळे शरिरात कफदोष वाढून पचनशक्ती मंद होते.,mr,unknown,female
009575.wav,"ज्या वेळी तो हे रागाने सांगत होता, त्या वेळी गुरु आनंदाने परमात्म्याला सांगत होते.",mr,unknown,male
004634.wav,त्याच्या दर्शनास जावे असा आमचा विचार आहे.,mr,unknown,male
000313.wav,राजाला शरण येण्यास सांगितले; पण पराक्रमी रामदेवने त्याचा धिक्कार केला.,mr,unknown,female
000747.wav,"पाताळाचा राजा हिरण्यकश्यपू फार उद्दाम झाला, तेव्हा नृसिंहावतार घेऊन विष्णूंनी त्याला मारले, इतर दैत्य घाबरून गेले.",mr,unknown,female
003570.wav,विष्ठेचा रंग पांढुरका असेल तर विशिष्ट प्रकारची कावीळ असण्याचा संभव असतो.,mr,unknown,female
000791.wav,"झाडाचे मुळे खूप खूप खोल अगदी जमिनीत जातात, मातीला पकडून ठेवतात.",mr,unknown,female
002477.wav,कोटीविघ्नें आली तरी विनायकाचे लग्न कांही थांबायचे नाही!,mr,unknown,female
010212.wav,जेवतांना मधे मधे थोडे थोडे पाणी पिणेच योग्य आहे.,mr,unknown,female
002571.wav,"एकाच पायावर उभा राहून थंडीमधें पाण्यांत, व उन्हाळ्यांत अग्नीच्या मधें, कांहीही न खाता पिता तो तपस्येंत मग्न होता.",mr,unknown,female
006392.wav,"क्षयरोगामध्ये पिंपळी, सुंठ, आवळा यांच्यासह जव, कुळीथ शिजवून तयार केलेले यूष सूप द्यायला सांगितलेले आहे.",mr,unknown,male
009166.wav,असचं एकदा सर्व शिक्षक व मित्रांना प्रशांतनं फराळाचं आमंत्रण दिलं.,mr,unknown,male
004356.wav,ह्या दैवतुल्य माणसांचा सविस्तर परिचय करुन दिल्याबद्दल मनापासुन धन्यवाद चिनुक्स.,mr,unknown,female
002164.wav,तो देवळात गेला तर त्याला मार मिळाला.,mr,unknown,female
008238.wav,"साऱ्या गावानं जरी मला दोषी ठरविलं तरी मला त्याची पर्वा नाही, परंतु मित्र दोषी न ठरवो.",mr,unknown,male
007624.wav,त्यांना पाहताच त्या तरुण स्त्रीला अतिशय आनंद झाला.,mr,unknown,male
000381.wav,दुसऱ्या दिवशी शाळेत जातांना गोपाळदादाने त्याला वाटीभर दूध आणून दिले.,mr,unknown,female
008455.wav,"आपल्या आश्रमात आता खाजगी असे काहीएक नाही, जे आहे, ते सर्वांच्या मालकीचे आहे.",mr,unknown,male
001293.wav,या राज्याच्या जुलमी राजाला ताळ्यावर आणण्यासाठी मी माझे प्राणही पणाला लावीन.,mr,unknown,female
001913.wav,"मग काय, उठलो, जिद्द आशा यांच्या प्रवाहात अंगांग न्हाऊन काढलं, आणि पर्णकुटीपाशी आलो.",mr,unknown,female
007498.wav,शेवटी राजा अध्यात्म शिकण्यासाठी आत्मानंदांच्या झोपडीत यायला सिद्ध झाला.,mr,unknown,male
000600.wav,"आईचे नाव जबाला, म्हणून मी सत्यकाम जबाला, ह्यापेक्षा जास्त मला ठाऊक नाही.’",mr,unknown,female
003893.wav,तिच्या भुकेने वासलेल्या ओठांकडे माझे लक्ष नसते,mr,unknown,female
004142.wav,भारतीय संस्कृतीत मुरलेल्या युवकवर्गाने मंदाकिनीच्या हॉट सीन्सना आपली दाद दिलेली असतानाच तिचा सिनेमा आला.,mr,unknown,female
001653.wav,मागितलेली गोष्ट मिळाली नाही की ती रडून घर डोक्यावर घेत असे.,mr,unknown,female
006313.wav,आता कंठीशिवाय जर मी घरी गेलो तर आईबाबा मला बेदम चोप देतील.,mr,unknown,male
001894.wav,त्यांच्या चेह-यावरचं तेज तर सदैव मनाला टवटवी देणारं आहे.,mr,unknown,female
001945.wav,"प्रत्येक धनुर्धा-याच्या अंगठयाने मीच पुढे चालवत राहीन, हा घेतलेला वसा.",mr,unknown,female
003396.wav,मात्र काम कोणते करावयाचे याची माहिती यंत्रमानवातील संगणकाला द्यावी लागते.,mr,unknown,female
010489.wav,"गावात सर्वत्र शांतता होती, आकाशात शांतता होती.",mr,unknown,female
004363.wav,"मधुकर, प्रतिकूल परिस्थितीत ज्या जिद्दीने तुम्ही शिक्षण घेतलत त्याचं कौतुक वाटतं.",mr,unknown,female
010691.wav,"मोंटू अरे उठ, शाळेत जायची वेळ झाली आहे, आईची हाक आली.",mr,unknown,female
000376.wav,एकदा गुरुजींकडे काही धार्मिक कार्यक्रम होता.,mr,unknown,female
001967.wav,सरांनाही वाईट वाटलं एवढा मधूर गाणारा मुलगा जो चंद्रावर जावू ईच्छितो तो साधं आपल्या सभोवतीचं जग बघु शकत नाही.,mr,unknown,female
003958.wav,या पार्श्वभूमीवर प्रस्तुत लेखामध्ये महाराष्ट्राच्या शतकानुशतकातील वस्त्रांचा इतिहास रेखाटण्याचा प्रयत्न केला आहे.,mr,unknown,female
009613.wav,"मुलाने वडिलांना सांगितले, तुम्ही घोड्यावर बसा, मी पायी चालतो.",mr,unknown,male
004424.wav,"जाहिर माफी वेळेत लिखाण पुर्ण न केल्याने, स्कॅनर बिघडेपर्यंत थांबावे लागले.",mr,unknown,female
001244.wav,"या जगात जपावे तेवढे थोडेच, ठायी ठायी मोहक मोह आहेत, कोसळावयास कडे आहेत.",mr,unknown,female
008846.wav,बरेच जण थांबत थांबत चढत होते तर काहीजण सारखे पाणी पीत होते.,mr,unknown,male
006973.wav,पिंपरीचिंचवडमध्ये सध्या दहा ठिकाणी हास्य क्‍लब चालू आहेत.,mr,unknown,male
008332.wav,मुलीला पोटाशी धरुन नंतर राजा निघून गेला.,mr,unknown,male
006395.wav,हिंग्वाष्टक चूर्ण भाताच्या पहिल्या घासाबरोबर घेतले जाते.,mr,unknown,male
001472.wav,आईला बरे नाही म्हणून संध्याकाळी बाबा स्वयंपाक करत होते.,mr,unknown,female
003347.wav,कचरा पेटीतच टाकणे व बाहेर सांडणार नाही याची काळजी घेणे.,mr,unknown,female
004523.wav,मॅक्झिम गॉर्कीची 'मदर' चार वेळा प्रामाणिकपणे प्रयत्न करुनही अर्धवटच राहिलीये अजून.,mr,unknown,female
007530.wav,अल्लाउद्दीन पुन्हा मागे फिरला आणि देवगिरीवर चालून आला.,mr,unknown,male
002854.wav,"मी तुला पुनःपुन्हा विचारलं की तुझं ध्येय काय आहे, पण तू कधीच उत्तर दिलं नाहीस.",mr,unknown,female
004507.wav,तरीच ती फारएण्ड ची जबरी परीक्षणे टणाटणा उड्या मारून वरती आलीत.,mr,unknown,female
010378.wav,"गाईगुरे बांधली होती, हरिणपाडसे शिंग अंगात खुपसून निजली होती.",mr,unknown,female
009847.wav,"नंतर शृंगीने झालेली सर्व हकीगत आपल्या पित्याला सांगितली, ती ऐकून शमीक ऋषी शांतपणे म्हणाले.",mr,unknown,male
010697.wav,"तिचे बाबा मासळी विकायचे आणि आई घरी पापड, लोणची करुन विकायची, ह्यावर त्यांच्या कुटूंबाचा उदर निर्वाह चालत असे.",mr,unknown,female
007772.wav,सत्यकामाशिवाय जबालेला कोणीही नव्हते.,mr,unknown,male
004063.wav,"गोष्ट सांगताना मी केलेले काही आविर्भाव, हातवारे बघून रिस्पॉन्सेस देतो.",mr,unknown,female
006265.wav,इंदिरा गांधी या भारतीय स्त्रीला सहस्त्रक पुरंध्री बहुमान बीबीसीच्या मतगणनेतून मिळाला.,mr,unknown,male
010860.wav,"डोंगराच्या वरच्या बाजूला घनदाट जंगल होतं, या डोंगरावर झुळझुळणारे झरे होते, तुडुंब भरलेल्या विहिरी होत्या.",mr,unknown,female
004307.wav,सुरजपोल ते चॉंदपोल हा रस्ता पूर्व-पश्चिम नसून सोळा अंश दक्षिणेकडे कललेला आहे.,mr,unknown,female
007999.wav,मग चंदनाचे झाड आपल्याला अत्तर देते.,mr,unknown,male
008704.wav,एके दिवशी झोपलेला असतांना त्याला कुणाचा तरी रडण्याचा आवाज आला.,mr,unknown,male
008453.wav,"अहंकाराचे रूप फार सूक्ष्म असते, सदैव सावध राहिले पाहिजे.",mr,unknown,male
010794.wav,भुवनने चक्क मोठी सायकल चालवून बघितली.,mr,unknown,female
003991.wav,"त्यावर तोडगा म्हणजे आयुर्वेदातील व्यापक असा पंचकर्म उपचार, स्वस्थ वृत्त, व ऋतकालीन दिनचर्या इत्यादी.",mr,unknown,female
001050.wav,"जगात देव नाही, धर्म नाही मरता येत नाही म्हणून जगायचे.",mr,unknown,female
007434.wav,"जेव्हा ते भेटले, तेव्हा त्यांनी एकमेकांना आपापल्या मनातील विचार सांगितले.",mr,unknown,male
006443.wav,या पार्टीच्यावेळी अभिनेता शक्ती कपूरचे आव चे आगमन झाले.,mr,unknown,male
010407.wav,"शबरी म्हणाली, लहानपणी मी तर शिकार करीत असे, माझे बाबा हरणे मारुन आणीत, शेळ्या, मेंढ्या आमच्याकडे मारल्या जायच्या.",mr,unknown,female
002036.wav,"घरी आला, शेठजींच्या हातावर आठ आणे ठेवले.",mr,unknown,female
004040.wav,पण भारतीयच खायचं असेल आणि थोडसं चालायची तयारी असेल तर ब्लॉकबहुतेक बर पडतं.,mr,unknown,female
006323.wav,"फ़ार तर पाचसहा रुपये, एवढीच किंमत आहे ना त्याची",mr,unknown,male
009858.wav,"विश्र्रांती घेतल्यानंतर तो विचार करू लागला, तेव्हा आपण केलेल्या अविचाराबद्दल त्याला आता पश्चाताप वाटू लागला.",mr,unknown,male
010243.wav,विनू मुकाट्याने आपल्या घरी जाऊन पडला.,mr,unknown,female
001973.wav,"प्रशांत, मनोज आणि त्याची आई यांचा निरोप घेवून ते निघाले.",mr,unknown,female
005759.wav,हे हृदयाला पाझर फोडणारे उद्गार अहेत.,mr,unknown,male
002100.wav,"अचानक तिथे एक गाडी थांबली व गाडीतून बाई खाली उतरल्या, त्यांनी शर्मांना त्या अवस्थेत पाहिले.",mr,unknown,female
001500.wav,त्याने नीट कानोसा घेतल्यावर लक्षात आले की आवाज तर त्याच्या तोंडातून येत आहे.,mr,unknown,female
005206.wav,आम्ही त्या भूतळाखालच्या दिशेकडे जाऊ लागलो.,mr,unknown,male
007501.wav,"राजाला वाटले, महाराज त्याच्या स्वागताला बाहेर येतील.",mr,unknown,male
000653.wav,"प्रियमेधा, माझे एक कोडे सोडव पाहू.",mr,unknown,female
000171.wav,तेव्हा त्या माणसाने लहान मुलाला नदीच्या खोलीबद्दल विचारले.,mr,unknown,female
004086.wav,गांधींनी त्यांची अहिंसा अशी पबभरो आंदोलन काढून नक्कीच वापरली नसती.,mr,unknown,female
000243.wav,"पुढे गेल्यावर लोक म्हणाले, हे दोघेही म्हसोबासारखे आहेत आणि छोट्याशा घोड्यावर बसले आहेत.",mr,unknown,female
006887.wav,"त्यानुसार, विशेष चौकशी विभाग स्पेशल इन्व्हेस्टिगेटिव्ह ब्यूरो एसकाळीआय.",mr,unknown,male
004372.wav,निमगिरी चढ़ताना पाठीमागे शहाजीसागर जलाशयाचे म्हणजेच माणिकडोहचे विहंगम दृश्य दिसत राहते.,mr,unknown,female
001645.wav,"टिचरनी कारण समजावत सांगितले, विनित अजिबात जंकफुड खात नाही.",mr,unknown,female
002757.wav,एक चौथर्यावर एक सुशोभित सिंहासनावर त्याला बसवून ते उत्सव साजरा करुं लागले.,mr,unknown,female
008244.wav,"मनू, मनुष्याच्या मनात केव्हा काय येईल त्याचा नेम नसतो, निर्मळ आकाशात केव्हा काळे ढग येतील ते काय सांगावं.",mr,unknown,male
008041.wav,"हिरण्यमयी, तेजस्वी, जीवनपोषक व चैतन्यमयी अशा लक्ष्मीला आणून तिचे गृहात वास्तव्य करणे व पूजन करणे म्हणजे लक्ष्मीपूजन.",mr,unknown,male
005232.wav,तरुणांना कायद्याचे ज्ञान देणे हा माझा व्यवसाय आहे.,mr,unknown,male
002077.wav,लोक हार घेऊन अभिनंदनासाठी तिष्ठत उभे होते.,mr,unknown,female
004104.wav,"तंग मांडचोळणा, बंडी, तीवर लपेटलेले उपंरणे, डोईवर पगडी असा दोघांचाही पोशाख.",mr,unknown,female
010466.wav,त्या वेळी स्वत:च्या जीवनातील तसल्याच स्मृती त्याला येत असत.,mr,unknown,female
007533.wav,काहीतरी विशेष सूचना मिळाल्याविना पराजित होऊन गेलेला शत्रू पुन्हा आक्रमण करत नाही.,mr,unknown,male
004802.wav,विष्णू अंबरीषाचा सर्वनाश करण्याचे ठरवून त्याला शाप द्यायला तयार झाला.,mr,unknown,male
005849.wav,"हरितक्रांती, श्वेतक्रांती झाली असे उत्पादक म्हणतात.",mr,unknown,male
005910.wav,तरीही माहेर सासरला बांधुन ठेव घट्ट दोरी,mr,unknown,male
006158.wav,मुकेश अंबानी व अनिल अंबानी हे दोन भाऊ त्यांचे साम्राज्य टिकविण्यासाठी एकत्र आले.,mr,unknown,male
007818.wav,"सत्यकाम म्हणाला, ह्या चारशेच्या हजार गायी होतील तेव्हाच मी परत येईन.'",mr,unknown,male
005808.wav,"आपल्यालासुद्धा या जगात, समाजात एक विशिष्ट प्रतिष्ठा आहे याची जाणीव प्रत्येक स्त्रीला होईल.",mr,unknown,male
010264.wav,"मित्र मित्राला ओळखतो, माझा स्वभाव विनूला माहीत आहे, विनू, तुझं काय मत आहे ते सांग.",mr,unknown,female
008753.wav,"त्यावर बाबा वैतागलेल्या सुरात म्हणाले, अगं, महागई किती वाढलेली आहे, शिक्षणाच्या भविष्याच्या द्रुष्टीने कितीतरी पैसा साठवायचा आहे.",mr,unknown,male
006462.wav,दरोडेखोरांचे संख्याबळ जास्त असल्याने मलुष्टे कुटुंबीय चांगलेच घाबरलेले होते.,mr,unknown,male
009690.wav,राजाला शरण येण्यास सांगितले; पण पराक्रमी रामदेवने त्याचा धिक्कार केला.,mr,unknown,male
009118.wav,"विचार असा होता, की जर तुम्ही माझे आहात, जर मी तुम्हाला पाहू शकतो, तर ती शिकवणी किती आगळीवेगळी किती थोर असेल!",mr,unknown,male
004662.wav,त्याचा राज्याभिषेक करून टाकला म्हणजे प्रजेच्या कल्याणाची मला फिकीर राहणार नाही.,mr,unknown,male
004079.wav,उर्ध्व दिशेकडून रक्षण कर नि अधर म्हणजे खालील दिशेकडून रक्षण कर.,mr,unknown,female
009253.wav,"त्याच्या मनांत आशा निर्माण झाली की, वर बोलावलं म्हणजे बरच काही देणार असेल.",mr,unknown,male
000641.wav,सत्यकाम अशा रीतीने पूर्ण ज्ञानी झाला व आश्रमात परत आला.,mr,unknown,female
001271.wav,"कशाला तोटा नव्हता, चांगले ल्यायला, चांगले खायला होते.",mr,unknown,female
002779.wav,खड्गवर्मा व जीवदत्त एका ठिकाणीं धूर येत होता त्या जागी पोंचले.,mr,unknown,female
010245.wav,"सर्व गावभर वार्ता गेली, कोणी केला तो खून? कोणी केले ते पाप?",mr,unknown,female
004933.wav,मगरीच्या पकडीतून गजेन्द्राला कसे सोडवायचे हे त्यांना कळेना.,mr,unknown,male
001986.wav,या अनपेक्षित प्रश्नाने मनोज क्षणभर गोंधळला.,mr,unknown,female
003862.wav,"नवऱ्यामुलाला मूर्च्छा आली, धाडकन भुईवर पडला.",mr,unknown,female
003481.wav,"खाण्यापिण्यात संयम माफक काम आणि श्रम, सुरक्षिततेसाठी काही विशेष काळजी उदाहरणार्थ घ्यावी.",mr,unknown,female
001535.wav,"आपला खर्च भागवण्यासाठी आम्ही इतरही उद्योग करायचे ठरवले आहेत, पण त्यासाठी निसर्गाची हानी मात्र अजिबात करायची नाही.",mr,unknown,female
000326.wav,ते वृत्त कानी पडताच राजा रामदेवाने त्वरेने हालचाल केली.,mr,unknown,female
002339.wav,"सरोवराच्या आंतून मधुर संगीत ऐकून व कोणते तरी वाद्य वाजत आहे, हे ओळखून राम चकित झाला.",mr,unknown,female
003981.wav,सिंदूरगिरी किंवा शेंदराचा डोंगर व तपोगिरी किंवा तपस्या करण्याचा डोंगर नामाभिधान या डोंगरास पूर्वी असावे.,mr,unknown,female
008241.wav,"माझे हात कोणाच्या उरात भोकसतील का सुरा, सुंदर वस्त्र विणणारे हे हात, ते का कोणाचं जीवनवस्त्र कापून टाकतील.",mr,unknown,male
005685.wav,तिच्या भुकेने वासलेल्या ओठांकडे माझे लक्ष नसते,mr,unknown,male
004055.wav,तू इतक्या निगुतीने रांधलेलं अन्न अक्षरशः नुसतं चिवडून पानावरून उठायचे.,mr,unknown,female
002238.wav,ती मादी आर्त चित्कार करुन विव्हळूं लागली.,mr,unknown,female
005230.wav,त्या वृद्धाचे केस संपूर्ण पिकले होते व सर्व शरीर सुरकुतलेले दिसत होते.,mr,unknown,male
008371.wav,"तिचे मन आता फुलासारखे हळुवार झाले होते, झाडांच्या फांदीलासुद्धा धक्का लावताना तिला आता वाईट वाटे.",mr,unknown,male
004572.wav,कारण पाणिनीच्या अष्टाध्यायीमध्ये दक्षिणेकडील कोणत्याही देशाचा उल्लेख नाही.,mr,unknown,female
010585.wav,केरळ भारतातला एक निसर्गरम्य प्रांत.,mr,unknown,female
009214.wav,"तिकडे सर्वजणं गात होते, तो झरा, ती पाने-फुले, ते पक्षी.",mr,unknown,male
000865.wav,समाजात भगिनींना समाजातील व राष्ट्रातील पुरुष वर्ग भगिनी समजून त्यांच्या संरक्षणाची जबाबदारी घेऊन त्यांना अभय देतील.,mr,unknown,female
006861.wav,"आम्हाला दिलेली ब्लॅंकेटस्‌, शीटस्‌ पसरून रात्री आम्ही गुरफटून झोपत असू!",mr,unknown,male
004943.wav,त्या धक्क्याने रावण लंकेत जाऊन पडला.,mr,unknown,male
006655.wav,राज्यात या ग्रुपकडे आदर्श दल म्हणून पाहिले जाते.,mr,unknown,male
009770.wav,एकदा त्याला दुसऱ्या शहरात जायचे होते.,mr,unknown,male
000372.wav,त्याने त्याला गावापर्यंत सुखरूप सोडले.,mr,unknown,female
007580.wav,"जटील न घाबरता प्रतिदिन शाळेत जातोय, याचेच तिला समाधान वाटायचे.",mr,unknown,male
006706.wav,पण या फीडरवरील लोकांना रात्री नऊ वाजता वीज मिळेल.,mr,unknown,male
010776.wav,त्या पाठोपाठ डोक्यावर सोनेरी मुकूट घातलेली दीड फूट उंचीची छोटी परी अवतरली.,mr,unknown,female
009136.wav,तुम्ही पाहिलीत तिथे तुमचीच प्रतिमा.,mr,unknown,male
007107.wav,"भुयारी गटारींच्या उभारणीसाठी फातर्फेकर अँड असोसिएट्‌स, बांद्रा मुंबई या कंपनीला सल्लागार म्हणून नेमण्यात आले होते.",mr,unknown,male
010168.wav,लक्ष्मीप्राप्तीसाठी नव्या वह्यांचे पूजन करून व्यापारी लोक वर्षाचा प्रारंभ करतात.,mr,unknown,male
006687.wav,यासाठी मराठे विद्यालयातील शिक्षकांची एक टीम नाटकाची स्क्रिप्ट तयार करत असून नाटक विद्यार्थीच साकारणार आहेत.,mr,unknown,male
002365.wav,जळाशय दोन्ही बाजुंनी गाढ जंगलाने आच्छादित असतात.,mr,unknown,female
003214.wav,हे लाकूड उष्णता निर्मितीसाठी बऱ्याचा ठिकाणी वापरले जाते.,mr,unknown,female
000912.wav,"दोघांपैकी एकाचा तोल बिघडला, तर त्याचा परिणाम पूर्ण सृष्टीचक्रावर होतो.",mr,unknown,female
009910.wav,"सत्यकाम खाली पाहात हळूच म्हणाला, `भगवन्, मला आपणांजवळ शिकायचे आहे.’",mr,unknown,male
009552.wav,"परंतु नदीच्या मध्यावर पोहोचल्यावर त्याच्या लक्षात आले की नदी खुप खोल आहे, आणि तो जवळ जवळ बुडायलाच आला.",mr,unknown,male
003790.wav,व्यंकटेश माडगूळकरांनी जणू याचा वस्तुपाठ घालून दिला.,mr,unknown,female
009288.wav,"एका पत्रकाराने विचारले, आपल्या जीवनातील सर्वोच्च आनंदाचा क्षण कोणता.",mr,unknown,male
009228.wav,"त्याचा तो मधूर आवाज पाने-फुले, झडे, पक्षी यांना स्पर्शून गेला, आणि सर्वजणं जागी झाली.",mr,unknown,male
008547.wav,आईचे बोलणे नीतूने व्यवस्थित लक्षात ठेवले आणि त्याप्रमाणेच शहाण्या मुलीसारखी वागू लागली.,mr,unknown,male
007760.wav,नंतर तो परिक्षिती राजा गंगातिरी जाऊन राहिला.,mr,unknown,male
005061.wav,उदाहरण म्हणून मी तुला अंगद नावाच्या एका मुनीची कहाणी सांगतो.,mr,unknown,male
001424.wav,मिठू घरात फिरुन आली की घरट्यात जाऊन बसायची.,mr,unknown,female
010730.wav,सकाळी काढलेले चित्र तिने फाडून टाकले.,mr,unknown,female
000480.wav,भागवत धर्माच्या प्रसाराची आणि प्रचाराची योजना सर्वांनी विचार करुन ठरवली.,mr,unknown,female
000663.wav,पण प्रियमेधाला काही इतके आयुष्य नव्हते.,mr,unknown,female
005404.wav,या धंद्यात बोधिसत्व उचित तेवढेच लक्ष घेत.,mr,unknown,male
009841.wav,नागराज तक्षक स्वत: येऊन परिक्षितीराजाला दंश करील!,mr,unknown,male
008912.wav,"कडक उन्हाळयात जेव्हा ऊन तापू लागतं, तेव्हा आम्ही आमची सारी पानं तुझ्यावर अंथरतो आणि आम्ही मात्र निष्पर्ण होऊन उन्हात तापत राहतो अतिशय आनंदाने!",mr,unknown,male
002989.wav,त्याने व्यापारांत भरपूर फायदा कमावला होता.,mr,unknown,female
001120.wav,"कन्येस ऋषींच्या स्वाधीन करुन राजा म्हणाला, महाराज, ही माझी मुलगी आपल्या स्वाधीन करत आहे.",mr,unknown,female
002777.wav,"कोणी झाडांमागे, तर कोणी नदीकडे पळूं लागले.",mr,unknown,female
004536.wav,बाथरूम-सिंगर्स कॉंपिटीशन अश्यासारखी स्पर्धा होत असेल तर काय लेव्हल राहिली ?,mr,unknown,female
008489.wav,उन्मत्तसिंग नावाचा एक अत्यंत जुलमी राजा होता.,mr,unknown,male
009768.wav,तो रामाची स्व-रचित भजने म्हणायचा.,mr,unknown,male
010369.wav,उषादेवीची सुंदर गाणी ते तिजकडून म्हणवीत.,mr,unknown,female
006591.wav,"चांदणे शिंपीत जा, ही श्रींची इच्छा अशी नाटके त्यांनी लिहिली.",mr,unknown,male
005270.wav,मी माझे तोंड धूतले व स्वतःला थोडे फार सावरले.,mr,unknown,male
004428.wav,शिकवुन झाल्यावर शब्दार्थ व त्याचे उच्चार शिकवायला सुरुवात झाली.,mr,unknown,female
008557.wav,"नीतूने घाईने कागद बाजूला केला तर लाल स्कूटर, अगदी तिच्या मनात होती तशीच.",mr,unknown,male
005248.wav,"राजा, या निबिड अंधारात तू कुठे जातो आहेस",mr,unknown,male
005768.wav,भारतीय संस्कॄतीमध्ये सणउत्सवांच्या परंपरांना कालचक्रानुसार होणाऱ्या ऋतुबदलांचेही परिणाम लाभलेले आहे.,mr,unknown,male
003982.wav,एखाद्या विशिष्ट अर्थ सांगण्यासाठी संबंधित वस्तूंवरील कलाकौशल्यात विशिष्ट चिन्ह आणि आकृतीबंध वापरला आहे.,mr,unknown,female
007647.wav,"वैराग्याचा थोडा विकास केला आणि माझा- भक्तीचा छंद घेतला, आम्हांला आनंद झाला.",mr,unknown,male
002894.wav,एका क्षणासाठी मी उदास झालो अंतरिक्ष यान हळूच जमिनीवर टेकले.,mr,unknown,female
002670.wav,त्याच्या आईखेरीज त्याला इतरांची कुणाचीही भिती वाटत नसे.,mr,unknown,female
003978.wav,एके काळी महाराष्ट्रात ते घोळक्याघोळक्याने एका आंबराईतून दुसऱ्या आंबराईत हंगांमाच्या दिवसात हिंडत असत.,mr,unknown,female
006988.wav,फक्त ज्ञानार्जन करून पढतमूर्ख बनणारे विद्वान खूप भेटतात.,mr,unknown,male
000280.wav,"त्याने आपले राज्य पुष्कळ वाढवले, त्याची प्रजाही सुखी होती.",mr,unknown,female
010043.wav,"एक स्त्री येऊन अमृत व सुरा पंक्तीत वाढेल, ज्याला जे मिळेल ते त्याने घ्यावे.”",mr,unknown,male
008107.wav,प्रदूषणामुळे जीवसृष्टीला किती मोठा धोका निर्माण झाला आहे.,mr,unknown,male
008348.wav,अशा प्रकारच्या गोड कविता शबरीला मतंग ऋषी शिकवीत असत.,mr,unknown,male
010930.wav,डोक्यावर भयंकर ऊन 'मी' म्हणत होते.,mr,unknown,female
005198.wav,रस्त्यात आम्हाला वाघाची डरकाळी आणि एका माणसाचे घाबरलेले ओरडणे ऐकू आले.,mr,unknown,male
007377.wav,"निश्चींतपणे जा, तुमचा घोडा नदी सहज पार करु शकेल.",mr,unknown,male
001695.wav,पाणी ऊंच उडू लागलं तर त्याचं कारंजं होतं.,mr,unknown,female
009765.wav,त्यानंतर ते स्वतः गोपाळदादाला भेटायला आले; पण तो भेटला नाही.,mr,unknown,male
005019.wav,उदाहरण म्हणून मी तुला सत्यकीर्ती नावाच्या राजाची गोष्ट सांगतो.,mr,unknown,male
003480.wav,विदर्भ मराठवाडा भागात उन्हाळयात उष्माघाताचे बळी झाल्याचे आपण ऐकतो.,mr,unknown,female
004417.wav,सहकारनगरमधल्या 'रिलॅक्स' मध्ये मोठी पाटी आहे 'ओल्या काजूची उसळ मिळेल.,mr,unknown,female
010192.wav,"अन्नाचे सेवन योग्य वेळेत केले नाही, तर देहाला अन्नशक्तीचा पुरेसा पुरवठा होत नाही.",mr,unknown,female
004156.wav,बुढ्ढा मिल गयाची हिरोईन अर्चना आडनाव बहुतेक जोगळेकर चुभूद्याघ्या.,mr,unknown,female
004884.wav,आम्ही काही तुमच्याहून कमी नाही असे सुचवीत शेपटीची बाजू धरून ओढायला सुरवात केली.,mr,unknown,male
007461.wav,कंबनचे रामायण लोकप्रिय झाले.,mr,unknown,male
006436.wav,रेणू दांडेकर यांना मातृस्मृती पुरस्कार,mr,unknown,male
009698.wav,त्याची मुलगी वीरमती हिला राजाने स्वतःच्या मुलीप्रमाणे सांभाळले.,mr,unknown,male
008750.wav,आईच्या बोलण्याचा मंजूवर खोलवर परिणाम झाला.,mr,unknown,male
004297.wav,पुन्हा एकदा अनेक सरकत्या जिन्यांवरून वर-खाली सरकून रेस्तरॉंपाशी पोचलो.,mr,unknown,female
008840.wav,"सगळी मुले खाली उतरल्यावर टिचरांनी सांगितले, मुलांनो उंचावरची लेणी पाहण्यासाठी आपल्याला डोगंर चढायचा आहे.",mr,unknown,male
004684.wav,भरत व शत्रुघ्न दोघे रामाची आठवण काढून अश्रू ढाळू लागले.,mr,unknown,male
005847.wav,"सध्याच्या महागाईमुळे काही गोरगरीब, मजूर एका वेळचे अन्न देखील खाऊ शकत नाही.",mr,unknown,male
002210.wav,ठोकली आणि लगेच शेवटच्या टेस्टमध्ये तर दाढदुखीच्या असह्य वेदना होत असताना खेळतो,mr,unknown,female
008719.wav,"अरे म्हणजे हे फक्त स्वप्न होते तर, मोंटूला अगदी हुश्श झाले.",mr,unknown,male
009819.wav,तो आश्रमात पाणी शोधू लागला.,mr,unknown,male
004564.wav,इथे प्रतिसाद देणारे तेच तरूण तुर्क असे आहे काय ?,mr,unknown,female
000185.wav,ठीक आहे तर मग मी ह्या महाविद्यालयाचे विश्वस्त जे भारताचे मंत्री आहेत त्यांच्याशी बोलतो.,mr,unknown,female
010904.wav,"उत्तरवारा व सूर्यनारायण यांची अधिक श्रेष्ठ व शक्तीमान कोण, याबद्दल एकदा खूप हमरी-तुमरी झाली.",mr,unknown,female
009344.wav,"गुरूजी हर्षलला म्हणाले, जपून ठेवण्याचा खरा अर्थ गौतमला उमगला.",mr,unknown,male
004517.wav,"बाथ गाव इंग्लंडातल्या सॉमरसेट परगण्यात ब्रिस्टल, मार्लबोरो वगैरे गावांजवळ आहे.",mr,unknown,female
002351.wav,"त्याने वशिष्ठांच्याकडे जाऊन दिव्य अस्त्रें, अक्षय भाता धनुष्य वगैरे मागून घेऊन यायला सांगितले.",mr,unknown,female
000554.wav,आपल्या हातून घडलेल्या अपराधाचे योग्य शासन आपणांस मिळणार याबद्दल त्याला आनंद झाला.,mr,unknown,female
001398.wav,होता होता पंधरा दिवस झाले.,mr,unknown,female
001385.wav,"बाबांनी तिला हापूस, पायरी, लंगडा, तोतापुरी, लालबाग, अशा आंब्यांच्या अनेक जाती ओळखायला शिकवल्या होत्या.",mr,unknown,female
005724.wav,तुम्ही याल तेव्हा परंपरेचे लाकूड मोडून बनवलेल्या,mr,unknown,male
006111.wav,"चंदूमामाला दुसरे कोडे आठवून तो म्हणाला, शंकरास पूजिले सुमनाने म्हणजे काय",mr,unknown,male
004904.wav,त्यांनी रेणुकेचे सांत्वन केले आणि आपल्या यौगिक शक्तीने जमदग्नीला जिवंत केले.,mr,unknown,male
000298.wav,"आत्मानंद महाराजांनी प्रधानाला सांगितले, राजांना घेऊन आपण माझ्या खोलीत या.",mr,unknown,female
000444.wav,पण कलियुगाचा जोर जसजसा वाढत गेला तसतसा आमचाही काळ फिरला.,mr,unknown,female
006954.wav,बालकांना एक मेपासून जंतुनाशक गोळ्यांचे वाटप करण्यात येत आहे.,mr,unknown,male
005216.wav,त्या वृक्षाच्या छायेत एक योगी राहात होता.,mr,unknown,male
008511.wav,संध्याकाळी फ़िरायला जाताना राजा व प्रधान यांच्याबरोबर अर्थातच तो गोसावीही होता.,mr,unknown,male
002078.wav,कॅमेरे सरसावुन फोटोग्राफर धावपळ करत होते.,mr,unknown,female
004752.wav,विष्णूने जगन्मोहिनी रूप धारण करून राक्षसांना फसविले आणि अमृत देवांना दिले.,mr,unknown,male
008766.wav,आठवडयाभराने नीनाचा वाढदिवस होता.,mr,unknown,male
002230.wav,इथं कृष्णेच्या तीरावर वाळुंज म्हणजे सॅलिक्स टेट्रास्पर्माची झाडी आहे.,mr,unknown,female
002843.wav,"पूर्वीं आपण ज्यांनाज्यांना इथें पकडून आणलं होतं, ते सगळेजण लांडग्यांचे ओरडणें ऐकून भीतीने थरथर कांपत होते.",mr,unknown,female
002538.wav,लंकानगरीसारखंच एक विशाल व सुंदर सरोवर होते.,mr,unknown,female
007534.wav,"याचा अर्थ आपल्यापैकीच कोणीतरी त्याला फितूर झालेला आहे; पण चिंतेचे कारण नाही, आपण त्याला पुन्हा हरवू.",mr,unknown,male
009264.wav,बरेच दिवस झाले दोन्ही भावांची भेट नव्हती.,mr,unknown,male
005994.wav,हे विषय शिकण्यासाठी लागणारी पाठ्यपुस्तके व संदर्भपुस्तके मराठीत उपलब्ध आहेत.,mr,unknown,male
007750.wav,"विश्र्रांती घेतल्यानंतर तो विचार करू लागला, तेव्हा आपण केलेल्या अविचाराबद्दल त्याला आता पश्चाताप वाटू लागला.",mr,unknown,male
003368.wav,याच्या स्मरणार्थ विद्युत-चुंबकीय प्रवर्तनाच्या एककाला युनिट `हेन्री' हे नांव दिले आहे.,mr,unknown,female
008491.wav,"त्याचा प्रधान चतूर व प्रामाणिक होता, पण राजाला काही सांगू जाणं, म्हणजे स्वत:चं मरण स्वत:च ओढवून घेण्यासारखं होतं.",mr,unknown,male
002579.wav,"त्या काळांत समाजांत वावरणार्या इंग्लिश स्त्रियांनी तो नागव्याने हिंडत होता, त्याला हरकत घेतली.",mr,unknown,female
001132.wav,"शबरी म्हणजे राणीच शोभे, मग शबरीने स्नान करावे, देवपूजेसाठी सुरेख फुले गोळा करुन आणावीत.",mr,unknown,female
008773.wav,तिच्या अशा स्वार्थी आणि अविचारी वागण्याचा त्यांना वाईटही वाटत होते.,mr,unknown,male
006530.wav,"बराच वेळ झाला, तरी वाहक जागचा उठेना, म्हणून प्रवाशांत चुळबूळ सुरू झाली.",mr,unknown,male
008487.wav,"सध्याच्या जगाला लाडीलबाडी व प्रत्येक क्षेत्रातील जीव घेणी स्पर्धा, या दोन गोष्टींनी ग्रासलं आहे",mr,unknown,male
000321.wav,त्याची मुलगी वीरमती हिला राजाने स्वतःच्या मुलीप्रमाणे सांभाळले.,mr,unknown,female
001372.wav,"अंधारात लोकांना काही दिसेनासे झाले, धडपडू लागले.",mr,unknown,female
004043.wav,सहा ते नऊ वयोगटातल्या मुली जेव्हा इश्क इश्क करना है करले गातात तेंव्हा बरं वाटत नाही.,mr,unknown,female
005555.wav,जवळी आलीस तेव्हा श्वासात कैफ आला,mr,unknown,male
006215.wav,याचा जाब आमच्या राज्यकर्त्यांनी दिल्लीला कधी विचारला,mr,unknown,male
000908.wav,"प्रदूषणामुळे पर्यावरण विस्कळीत झाले आहे, म्हणून प्रदूषण होण्याची कारणे शोधा.",mr,unknown,female
008896.wav,झ-यातले गोड गार पाणी पिऊन ताजेतवाने व्हायचे.,mr,unknown,male
003951.wav,मराठाकालीन मंदिरांच्या साधेपणातील सौंदर्य हे ती बांधणाऱ्यांच्या सांस्कृतीक व सौंदर्यवादी मूल्यांचे प्रतीकच म्हणायला हवे.,mr,unknown,female
005689.wav,"आपला संसार बिघडणार नाही, रेडिमेड लुगड्यातला.",mr,unknown,male
009739.wav,पण तिने धीर सोडला नाही.,mr,unknown,male
008062.wav,व्यापारी लोकांच्या जमा-खर्चाच्या कीर्द खतावणीच्या नवीन वह्या ह्या दिवशी सुरू होतात.,mr,unknown,male
006007.wav,"दत्ता पवार, तरुन भारत बारा मे, एकोणीसशे त्र्याण्णव",mr,unknown,male
008268.wav,"पुन्हा एकदा गावाकडे वळून त्याने प्रणाम केला, बहुळेला प्रणाम केला आणि वेगाने निघाला.",mr,unknown,male
007332.wav,विश्वास ठेऊन नात्यांत आणल्या गेलेल्या जवळीकतेचा गैरफायदा घेणारे आणखी जन्मायला नकोत.,mr,unknown,male
009203.wav,"मुख्याध्यापकांना मनोजने वाकून नमस्कार केला, आपल्या चिमुकल्या हाताने त्यांना पेढा दिला.",mr,unknown,male
000927.wav,आईनस्टाईनची `पिडा तरंग’ थिअरी असाच निष्कर्ष सांगते.,mr,unknown,female
010478.wav,"या जगात जपावे तेवढे थोडेच, ठायी ठायी मोहक मोह आहेत, कोसळावयास कडे आहेत.",mr,unknown,female
000016.wav,राजाचे हे बोल ऐकून सदाचार राजवाड्यातच थांबला.,mr,unknown,female
000144.wav,"खाली आता न्याय बरेचदा विकत मिळतो, कोणीही आपल्या गाडीखाली गरिबांना चिरडतो.",mr,unknown,female
002364.wav,"हे क्षेत्र वर्षभर हिरवळ, नैसर्गिक सौन्दर्य व सुंदर वातावरण आणि मनमोहक हवामानामुळे आकर्षित करतं.",mr,unknown,female
000130.wav,"स्वर्गात जाताच टिळक भेटले, नमस्कार म्हणताच प्रसन्न हसले.",mr,unknown,female
001162.wav,शबरीच्या गंगायमुना थांबल्या व ऋषिपत्नीच्या मांडीवर डोके ठेवून ती झोपी गेली.,mr,unknown,female
007077.wav,या प्रकल्पांद्वारे विद्यार्थ्यांमधील ऊर्जेचा उपयोग खेड्यांच्या विकासासाठी करण्यात येणार आहे.,mr,unknown,male
010030.wav,रुद्राचा हा दयाळूपणा पाहून नाभाला फार नवल वाटले.,mr,unknown,male
009357.wav,"एवढयात त्याला आठवल, चिमणीच घर शेजारीच आहे.",mr,unknown,male
006227.wav,मुंबईत मराठी माध्यमांच्या संस्था चालकांनी इंग्रजी माध्यमांच्या शाळा सुरू केल्या आहेत.,mr,unknown,male
006084.wav,आता लोक म्हणतील की एक दोन टक्के असणारे हे अधिकारी बाकीच्या अठ्ठ्याण्णव टक्के लोकांवर इंग्रजी का लादतात,mr,unknown,male
006674.wav,विटंबनेच्या घटनेमागे जातीयवादी शक्‍ती कवाडे,mr,unknown,male
005309.wav,"सायन्सच्या वर्गात मी ह्यापूर्वी जास्त लक्ष द्यायला हवे होते, असे कडवटपणे वाटले.",mr,unknown,male
001877.wav,या ह्रदयस्पर्शी बोलण्याने घोडेस्वाराला भरून आले.,mr,unknown,female
002489.wav,अशाच तर्हेने अनेक प्रकारे नारायणाचा स्तुतिपाठ केला.,mr,unknown,female
005734.wav,"वाकल्या पाठीवरी ह्या, सोबत्यांचे घाव आहे.",mr,unknown,male
004480.wav,डिस्ने कोव्ह हा प्रकार चांगला आहे असं ऐकलंय.,mr,unknown,female
001183.wav,"शबरी म्हणाली, तात, मला हे पाय सोडून दूर जाववत नाही, मी इथेच तुमची सेवा करुन राहीन.",mr,unknown,female
007382.wav,"पण माझी बदके तर खुप लहान आहेत आणि ते दररोज नदी पार करतात, त्यांचे पाय तर तुमच्या घोड्यापेक्षा खुप लहान आहेत.",mr,unknown,male
006473.wav,प्रस्तावित भाडे व प्रत्यक्ष भाडे यांच्यात मोठी तफावत आहे.,mr,unknown,male
001171.wav,"हे फूल तुझ्यासारखेच आहे, तेही हसते व कोमजते, त्यालाही जीव आहे.",mr,unknown,female
007423.wav,"तेव्हा रानातला वाघ म्हणाला, कळले ना आता, अरे, जो मी आहे तोच तू आहेस, चल आता माझ्यासह वनात.",mr,unknown,male
002183.wav,इथे सुंदर बाग बगीचा केल्यास पंढरपूर च्या सौंदर्यात निश्चितच भर पडेल.,mr,unknown,female
009053.wav,"त्याला पाहाताच, एका गरूडाने त्याच्यावर झेप टाकली व त्याला उचलून तो आकाशात उंच उडाला.",mr,unknown,male
003372.wav,अठयाण्णव विमानाच्या खिडक्या कायमच्या बंद केलेल्या असतात.,mr,unknown,female
008891.wav,फक्त पावसाळयातच कोसळणारा पांढराशुभ्र धबधबा होता.,mr,unknown,male
001860.wav,"झाडातल्या दोन पाखरांच्या मागे लागून, हातातले एक गमावून बसण्यात अर्थ नाही.",mr,unknown,female
010770.wav,"भुवनला त्यांच्या सारखे झाडावर चढणे, मोठयांची सायकल चालवणे व गावाकडचे खेळ खेळणे अजिबात जमत नसे.",mr,unknown,female
005762.wav,मुलांना दिली जाणारी खेळणीसुद्धा न्यूनगंडाची भावना निर्माण करतात.,mr,unknown,male
008871.wav,आता टीना गौरीला रोज गणित शिकवू लागली.,mr,unknown,male
007798.wav,"अरे, बघशील तर ते ध्यान! असे हेटाळणीचे शब्दही सत्यकामाच्या कानी आले.",mr,unknown,male
009213.wav,त्याच्या आवाजाने त्या सृष्टीत जणू एक एक व्याक्तीत्व उतरले असावेत.,mr,unknown,male
003589.wav,असा रुग्ण असल्यास श्वसनोपचार देऊन ताबडतोब डॉक्टरकडे पाठवावे.,mr,unknown,female
006791.wav,औरंगाबाद येथील सेक्‍स स्कॅंडलमध्ये वरिष्ठ पोलिस अधिकाऱ्यांचा समावेश,mr,unknown,male
003122.wav,एकोणीस शे अठरा मध्ये लंडनच्या रॉयल सोसायटीचा सभासद म्हणून निवड.,mr,unknown,female
000388.wav,त्यानंतर ते स्वतः गोपाळदादाला भेटायला आले; पण तो भेटला नाही.,mr,unknown,female
001312.wav,"मग वधूचा बाप घासाघीस करुन, आंदण म्हणून द्यावयाच्या गावांची संख्या पन्नास पाऊणशेवर आणू पाहत असेल नाही का.",mr,unknown,female
001033.wav,"तुझ्यामुळं मी जगलो आहे, या जीवनात तुझाच काय तो एक स्नेहबंध मला आहे.",mr,unknown,female
009461.wav,"ह्या अनोळखींच्या जगात तिथे मी एकटाच होतो जो प्रत्येक येणाऱ्या, जाणाऱ्यांकडे टक लाऊन पाहत होतो.",mr,unknown,male
008848.wav,विनितच्या मागोमाग सगळे पोहोचल्यावर सार्‍यांनी फिरुन डोंगर आणि लेणी पाहिली.,mr,unknown,male
004937.wav,असे सांगून लक्ष्मीनारायणांचे अनेक प्रकारे स्तोत्र गात निघून गेले.,mr,unknown,male
000932.wav,"आता मात्र कामाच्या वेळा, धावपळ, स्पर्धेच्या युगात रात्री एकत्र जेवणे तसे अवघडच आहे.",mr,unknown,female
004020.wav,"दोन शे बारा जगात सारी सोंगे करता येतात, पण पैशाच सोंग करता येत नाही.",mr,unknown,female
000692.wav,"मनू शांतपणे म्हणाला, `बाळ, काही हरकत नाही, भांडू नकोस, घेऊ दे तुझ्या भावांना सारी मिळकत, मी तुला आणखी मिळवून देतो.",mr,unknown,female
006884.wav,"के, तर तांत्रिक पदासाठी बारावी/पीयूसी फिजिक्‍स, केमिस्ट्री, इंग्रजी, गणित उत्तीर्ण असावा.",mr,unknown,male
008020.wav,लग्नानंतर चवथा दिवस हा तो मृत्युमुखी पडण्याचा दिवस असतो.,mr,unknown,male
000830.wav,म्हणून धन्वंतरीचीही या दिवशी पुजा केली जाते.,mr,unknown,female
003499.wav,अशा लक्षणांवरून मेंदूसुजेची शंका घेऊन रुग्णालयात पाठवणे आवश्यक आहे.,mr,unknown,female
002082.wav,"ते म्हणाले, 'आज सकाळीच एका अपरिचिताने येऊन माझ्या गळयात हार घातला, माझ्या पायावर डोकं ठेवलं.",mr,unknown,female
009764.wav,तो चमत्कार पाहून गुरुजींनी त्याची क्षमा मागून सत्य स्थिती विचारून घेतली.,mr,unknown,male
010337.wav,रानातील हरिणीच्या डोळ्यांसारखेच तिचे डोळे खेळकर व पाणीदार असून ती हरिणीप्रमाणेच चपळही होती.,mr,unknown,female
000045.wav,एका गावात रथोत्सव चालू असतो.,mr,unknown,female
003940.wav,ह्यापलीकडे सामूहिक संपादक मंडळ ह्यांनी ग्रांमीण जीवनाचे परीक्षण अत्यंत सहृदय आणि सुसंस्कृत नागरे साहित्याच्या निकषांवर केले.,mr,unknown,female
010899.wav,"मुले नाचत नाचत डोंगरावर गेली, बागेत खेळली, मातीत लोळली, विहिरीत पोहली.",mr,unknown,female
009105.wav,"ठाऊक आहे, वनात बागडणं, मनसोक्त गीते गाणं, पोहणं आणि त-हेत-हेची फळं औषधी यांचे जतन करणं, झाडांवर प्रेम करणं.",mr,unknown,male
004320.wav,प्राणी निरुपयोगी झाला तरी त्याचा मेंटेनन्स खर्च हा वजा होईल.,mr,unknown,female
002966.wav,ते वयांत आले तोपर्यंत त्यांच्या कुटुंबाची प्राप्ती आणखी जास्तच वाढली.,mr,unknown,female
003970.wav,"याशिवाय राज्यातील तीन शे पंचवीस ठिकाणी कम्प्युटराइज्ड आरक्षण, इलेक्ट्रॉनिक्स तिकीट मशीन बसविण्यात येणार आहे.",mr,unknown,female
001188.wav,"शबरीला पित्याच्या स्वाधीन करताना त्याने तिला शेवटचा उपदेश केला, देव तुझे मंगल करो व तुला सत्पथावर ठेवो.",mr,unknown,female
009814.wav,फिरत फिरत राजा परिक्षिती त्या शमीक ऋषींच्या आश्रमात आला.,mr,unknown,male
006415.wav,शेवटी भास्करराय नमः झाले की हुश्‍शचा एक आनंदी निःश्‍वास टाकते!,mr,unknown,male
000285.wav,आपल्या राजधानीच्या जवळच रानामध्ये एका झोपडीत आत्मानंद महाराज राहतात.,mr,unknown,female
009725.wav,"तिला ‘त्याने पुष्कळ शिकावे आणि नाव कमवावे’, असे मनापासून वाटायचे.",mr,unknown,male
004160.wav,"पराग, मैत्रेयी म्हणतेय ते खरय, स्टीफ पेक्स येण्यासाठी मिक्सरला पर्याय नाही.",mr,unknown,female
003093.wav,रामाने चकित होऊन धर्मभृत मुनींना विचारले.,mr,unknown,female
006885.wav,सध्या उन्हाळ्याचा महत्त्वाचा उष्ण महिना चालू आहे.,mr,unknown,male
004557.wav,"छब दिखलाजा रे बाँके सावरिया, यावर अधारीत, मधुमधुरा तव गिरा आहे.",mr,unknown,female
005530.wav,त्यांच्या निवासाची व भोजनाची व्यवस्था त्यांच्या कप्प्यांच्या रंगाहून कर्तव्यदक्ष स्वयंसेवक सावकाश करित असतात.,mr,unknown,male
004324.wav,अनिल बर्वेंच्या पुस्तकांची यादी काय चार-दोन आहेत ती टाका कुणीतरी.,mr,unknown,female
006650.wav,जळगाव पीपल्स बॅंक बारा टक्के,mr,unknown,male
006434.wav,नियमित पाणीपुरवठा होत नसल्याने एकाच नळकोंडाळ्यावर गर्दी दिसून येते.,mr,unknown,male
003365.wav,शून्य चिन्हाचा उपयोग करून केलेलें संख्या-लेखन म्हणजेच आजची दशमान-पध्दति होय.,mr,unknown,female
001405.wav,निसर्गाने जणू आपला सर्व खजिना या प्रांतावर अगदी मुक्तहस्ते उधळलाय.,mr,unknown,female
003196.wav,जाड भिंतीचा उपयोग उष्णता रोधक म्हणून केला जातो.,mr,unknown,female
006202.wav,"तो आपला, हे तत्त्व तर सर्वच पक्षातील पुढाऱ्यांचे आहे.",mr,unknown,male
000970.wav,अनावश्यक पाणी प्यायल्यामुळे शरिरात कफदोष वाढून पचनशक्ती मंद होते.,mr,unknown,female
003735.wav,"‘संगम’, ‘साहब’, ‘सुजाता’, व ‘ब्रम्हचारी’ या चित्रपटातून ती प्रगल्भ होत गेली.",mr,unknown,female
000926.wav,"हे क्रौर्य, हे कत्तलखाने बंद करा, म्हणजे भूकंप व्हायचे नाहीत.",mr,unknown,female
010398.wav,"तिचे मन आता फुलासारखे हळुवार झाले होते, झाडांच्या फांदीलासुद्धा धक्का लावताना तिला आता वाईट वाटे.",mr,unknown,female
007764.wav,परिक्षिती राजाने योजलेल्या त्या भागवत सप्ताहाची वार्ता ऐकून क्षमाशील शमीक ऋषींना आनंद झाला.,mr,unknown,male
004726.wav,पण लक्ष्मण का ते कबूल करणार,mr,unknown,male
006796.wav,तिचे शास्त्रीय नाव फॅलिनोप्सिस मेमोरियम महात्मा गांधी असे आहे.,mr,unknown,male
002852.wav,या आकस्मिक घटनेने माधव अतिशय दुःखी झाला.,mr,unknown,female
009122.wav,तुमच्या व्यक्तित्त्वाचा एक एक पैलू आठवत राहीलो.,mr,unknown,male
006259.wav,"शैवपंथियांचे, पवित्र धर्मग्रंथ असलेल्या मध्ययुगीन भारतातील हिंदू तंत्रग्रंथांना आगम म्हणतात.",mr,unknown,male
010815.wav,मधून मधून उत्साह वाढावा म्हणून टिचर त्यांना 'हर हर महादेव' म्हणायला सांगत होत्या.,mr,unknown,female
009717.wav,"मरता मरता कृष्णराव म्हणाला, मी देशद्रोही असलो, तरी तुझा पती आहे.",mr,unknown,male
008765.wav,"आईला घटट मिठी मारत मंजू म्हणाला, हो आई, जर विल्मा करु शकते तर मी का नाही.",mr,unknown,male
004472.wav,त्यांच्यात 'कुरवैकूत्तू' हे रासलीलेशी साधर्म्य असणारे नृत्य प्रचलित होते.,mr,unknown,female
008128.wav,'झाडांचे गोपनीय जीवन' हा पीटर टोम्पकिन्स आणि क्रिस्टोफर बर्ड या शास्त्रज्ञांचा ग्रंथ त्या नियमांचे विश्लेषण करून ते सिद्ध करतो.,mr,unknown,male
004349.wav,कदाचित लिहीताना गोंधळ उडालाय किंवा मी नसत्याच भानगडीत पडलोय.,mr,unknown,female
009838.wav,आपल्या पित्याची विटंबना त्या राजाने केलेली पाहून शृंगीला खूपच राग आला.,mr,unknown,male
008814.wav,आईने स्पर्धेच्या दिवसासाठी खास म्हणून डब्यात दिलेला पाईनऍपल केक सगळ्या मुलात वाटला.,mr,unknown,male
003627.wav,"या पदार्थामधून पोषण कमी होते आणि विष्ठा कडक, कोरडी होते असे आयुर्वेदाचे सांगणे आहे.",mr,unknown,female
001790.wav,देवळाच्या दारातच दवंडीवाला दवंडी पिटत होता.,mr,unknown,female
009081.wav,माझ्या आधी बरेच घोडेस्वार येऊन गेले त्यांना सांगून तुम्ही नदी पार का केली नाही.,mr,unknown,male
002060.wav,समोर शंखाच्या आश्रमातील आंब्याच्या झाडाला खूप आंबे लागले होते.,mr,unknown,female
008288.wav,या लोकांचा व ऋषींचा संबंध येऊ लागला.,mr,unknown,male
009020.wav,माकडीणीने आपल्या चिमुकल्याला हृदयाशी अधिकच कवटाळून धरले.,mr,unknown,male
004014.wav,पण रंगमंचावर जेव्हा मुळात गायक असलेला नटांचा गाण्याच्या मैफली रुजू व्हायला लागल्या.,mr,unknown,female
001903.wav,तुमच्याचकडून मला धनुर्विद्या शिकायची होती.,mr,unknown,female
004687.wav,सकाळी मीच त्यांना गंगेपलीकडे पोचता करून आलो.,mr,unknown,male
006735.wav,तारखांमधील हा असमतोल विदर्भातील विद्यार्थ्यांचा शैक्षणिक अभ्यासक्रम माघारण्यास कारणीभूत ठरायचा.,mr,unknown,male
004923.wav,लंकानगरीसारखंच एक विशाल व सुंदर सरोवर होते.,mr,unknown,male
008622.wav,"अगं आई, लवकर बागेत ये, बघ काय आहे, मिनू जोरात हाका मारत आईला बोलवत म्हणाली.",mr,unknown,male
000076.wav,"कोणत्या ना कोणत्या रूपात तो आपल्याला भेटत असतो, आणि आपल्यातल्या लोखंडाचे सोने करीत असतो.",mr,unknown,female
002346.wav,सामान्य माणसाने ते ऐकले असते तर त्याला कैकेयीचा रागच आला असता.,mr,unknown,female
006624.wav,सदस्यांनी दोन मिनिटांनी स्तब्ध राहून येल्त्सिन यांना आदरांजली अर्पण केली.,mr,unknown,male
000431.wav,"आमची आबाळ सुरु झाली, लोक स्वार्थाच्या मागं लागले.",mr,unknown,female
004587.wav,गंगाबाईनेही संगीताची जादू संपता संपता तिला मांढरेशेठसमोर सादर करायचे ठरवले होते.,mr,unknown,female
005484.wav,"ह्या व्यतिरिक्त आणखी पण नियम आहेत, जे ह्या खेळाला जास्त मनोरंजक बनवतात.",mr,unknown,male
005965.wav,"डॉक्टर, वकील, व्यापारी या सर्वांनाच वाटते की इंग्रजी भाषेची चलती आहे.",mr,unknown,male
006086.wav,एवढा सबळ पुरावा असताना राजसत्तेने ज्ञानेश्वरांच्या वंशजांचेमराठीच्या पुरस्कर्त्यांचे काय म्हणून ऐकावे,mr,unknown,male
008577.wav,त्यावर उपाय म्हणून देवाने सूर्याला बारा तासांनंतर अस्त व्हायला सांगितले आणि बरोबर बारा तासांनी परत उदय व्हायला सांगितले.,mr,unknown,male
008953.wav,"धनगर मात्र बेसावध होता आणि मुख्य म्हणजे, त्या लांडग्यावर विश्वासून होता.",mr,unknown,male
008417.wav,"आईच्या पोटातच मुळी जीव राहिला, आईशी एकरूप होऊनच जीव बाहेर पडला, जणू तिचाच होऊन बाहेर आला.",mr,unknown,male
001554.wav,तुला माहिती आहे विल्मा रुडाल्फ ही अमेरिकन खेळाडू पोलिओमुळे दोन्ही पायांनी अपंग होती.,mr,unknown,female
000241.wav,आपण तरुण धडधाकट असूनही घोड्यावर बसला आहे आणि बापाला पायी चालवतो आहे!,mr,unknown,female
000784.wav,माझ्या मामाच्या गावाला तर नारळाची उंच उंच झाडे आहेत.,mr,unknown,female
009120.wav,"निराश होणं कधी मंजूर नव्हतंच, हारही मानायची नव्हती.",mr,unknown,male
003067.wav,सर्वांची दृष्टी या हत्तीवरच खिळली आहे.,mr,unknown,female
000978.wav,जेवतांना मधे मधे थोडे थोडे पाणी पिणेच योग्य आहे.,mr,unknown,female
004906.wav,त्याने आपला देह सोडला आणि तो सुदर्शन चक्रात विलीन झाला.,mr,unknown,male
002942.wav,"बाजारांतून जड पिशव्या भरून सामान आणायचे व स्वयंपाक करायचा, ही कामेंही तेजीमाला करीत होती.",mr,unknown,female
006495.wav,कॉंग्रेसाध्यक्षा सोनिया गांधी यांच्याबद्दल शिवसेनाप्रमुखांनी काढलेले वक्‍तव्य निषेधार्ह आहे.,mr,unknown,male
006422.wav,"तहसीलदार भारदे, कंखरे, महाजन, परदेशी व सुवर्णकारागीर योगेश चोपडेकर, छायाचित्रकार अमर साळी, घटनास्थळी आले.",mr,unknown,male
006544.wav,शेखर औद्योगिक वसाहतीत फॅब्रिक्‍स कंपनीत कामाला आहे.,mr,unknown,male
001621.wav,"भुवनला म्हणाली, भुवन आज तुला मी मुलांशी मैत्री करायला मदत केली, आता तू स्वतःहून मित्र जोडले पाहिजेस.",mr,unknown,female
002147.wav,"कावळयाच घर होत शेणाच, तेही पाण्यात वाहून गेल.",mr,unknown,female
001802.wav,थकला भागला तो घोडा असाच एकदा रस्त्यावरून जात असताना पूर्वीचे ते गाढव त्याला भेटले.,mr,unknown,female
002096.wav,एका चौकातून भरधाव गाडी धावत असताना एका मोटारवाल्याची धडक गाडीला बसली.,mr,unknown,female
009874.wav,फार प्राचीन काळी उत्तर हिंदुस्थानात जबाला नावाची एक गरीब मोलकरीण राहत असे.,mr,unknown,male
008377.wav,"आपण दुष्ट आहोत, मनुष्यप्राण्याला आपल्या प्रियजनांच्या संगतीत मरणे आवडते, ह्या फुलांनाही तसेच नसेल का वाटत.",mr,unknown,male
001358.wav,एकदा देवबाप्पाने पृथ्वीवरच्या माणसांची भेट घ्यायचे ठरवले.,mr,unknown,female
008904.wav,पायवाट मोठी झाली की त्याचा मोठा रस्ता होतो.,mr,unknown,male
009051.wav,बिचा-याने लाजेने चूर होऊन एका अडगळीमध्ये तोंड लपविले.,mr,unknown,male
009161.wav,अभ्यासातही या मुलांनी नंबर सोडला नव्हता.,mr,unknown,male
008903.wav,पाणी ऊंच उडू लागलं तर त्याचं कारंजं होतं.,mr,unknown,male
006607.wav,टिक फिवर हा असाच एक प्रकारच्या जंतूमुळे उद्‌भवणारा प्राणघातक ज्वर.,mr,unknown,male
007247.wav,तेव्हापासून ते एकजुटीने वागू लागले.,mr,unknown,male
010861.wav,"एक छोटसं पण काठोकाठ भरलेलं तळ होतं, तळयात सुळसुळणारे मासे होते.",mr,unknown,female
009612.wav,एकदा एक पिता-पुत्र एका घोड्याला घेऊन जात होते.,mr,unknown,male
006576.wav,ग्लोबलायझेशनची भाषा कारखान्यापासून शेताच्या बांधापर्यंत केली जात आहे.,mr,unknown,male
001610.wav,"इतक्यात आदित्य आणि ऋषी तेथे आले आणि म्हणाले, भुवन तुझे टॅटू तू आमच्या कंपासमध्ये टाकलेस का, आम्हाला कितीतरी दिवसांपासून ते हवे होते.",mr,unknown,female
003097.wav,"ती आदिशक्ती होय, असे पुत्र विनायकाने सांगितले आहे.",mr,unknown,female
006686.wav,त्यानंतर सुरेश मेंगडे व सुरेश भोसले यांनी सी आय.,mr,unknown,male
002416.wav,"ही असली नाती सांगून आपले काम साधण्याची कला तूच शिकविली आहेस,; कमलनयना!",mr,unknown,female
002018.wav,"त्या अश्रूंचे थेंब त्या झ-यात पडले, आणि झरा थोडा सावरला.",mr,unknown,female
007248.wav,एका गावात रथोत्सव चालू असतो.,mr,unknown,male
004126.wav,सर्वांच्या प्रेमळ प्रोत्साहनाचे मनःपुर्वक आभार ही कथा प्रतिसादकांनीच लिहवून घेतलेली आहे.,mr,unknown,female
005376.wav,ते वयात आले तोपर्यंत त्यांच्या कुटुंबाची प्राप्ती आणखी जास्तच वाढली.,mr,unknown,male
010725.wav,त्या रात्री आईबाबांचे बोलणे मंजूच्या कानावर पडले.,mr,unknown,female
010492.wav,"माझ्या आईचे माहेर फार श्रीमंत नव्हते, तरी सुखी होते, माहेरी खाण्यापिण्याची ददात नव्हती.",mr,unknown,female
003247.wav,ग्लोबल वॉर्मिंग ओझोन हे शब्द रोज कानावर पडू लागले आहेत.,mr,unknown,female
000125.wav,त्यांची कदरही तितकीच करायला पाहिजे.,mr,unknown,female
007728.wav,नंतर शृंगीसह ते ऋषिकुमार त्या आश्रमात आले आणि पाहतात तो काय!,mr,unknown,male
010225.wav,"त्याच्याकडे सारे लोक ‘हा तो अपराधी’ अशा दृष्टीने बघत, हीच शिक्षा.",mr,unknown,female
009811.wav,"दुपारची वेळ होती, कडक उन्हामुळे अंगाची लाही लाही होत होती.",mr,unknown,male
000841.wav,सर्व देवतांची सुटका झाली व लक्ष्मीचे वर्चस्व अबाधित झाले.,mr,unknown,female
010029.wav,"तो कौतुकाने म्हणाला, `बाळ, ज्या अर्थी तू खरे बोललास त्या अर्थी ह्या सर्व गायी तुला मी बक्षीस देतो, जा घेऊन आपले धन.’",mr,unknown,male
003342.wav,"परिणामी त्याची साठवण, वाहतूक व्यवस्था व त्यावरील प्रक्रिया यांचे डिझाईन करण्यासाठी सांख्यिकी पद्धतींचा वापर करावा लागतो.",mr,unknown,female
000599.wav,"सत्यकाम मान खाली घालून म्हणाला, `भगवन्, माझे नाव सत्यकाम.",mr,unknown,female
002124.wav,हर्षल रोज गुरुजींनी दिलेले चणे नीट आहेत की नाहीत बघून त्यांची पुजा करत असे.,mr,unknown,female
005513.wav,"लाच लुचपतीवर बरेच, बदमाष लाल झाले",mr,unknown,male
008632.wav,"शाळे व्यतिरिक्त मिनूचा संपूर्ण वेळ मिठूशी खेळण्यात जायचा, तिला मिठूचा खूपच लळा लागला होता.",mr,unknown,male
007553.wav,"तिला 'त्याने पुष्कळ शिकावे आणि नाव कमवावे', असे मनापासून वाटायचे.",mr,unknown,male
010708.wav,दुसर्या दिवशी सकाळी उठल्यावर नेहमीप्रमाणे समुद्रावर जाण्याची तयारी झाली.,mr,unknown,female
010578.wav,त्यामुळे त्याही कोयींना कोंब फुटण्याची वाट पहात होत्या.,mr,unknown,female
002198.wav,"होता, त्यीची बोयकोही खूष होती आणि त्याच्या पोरीच्या हर्षाला तर पारावार उरला नव्हता",mr,unknown,female
004052.wav,पण मीच मायबोलीवर माझे स्टॅंडर्ड सेट केलय ना.,mr,unknown,female
007291.wav,"अनेकांची नावं घेतली, पण नाकारार्थी हुंकार कानावर पडले.",mr,unknown,male
003363.wav,"विषय समजण्यास कठीण, आकडेमोड अतिशय त्यामुळे या शास्त्राची आबाळ झाली, आणि कुडमुडे ज्योतिषी निर्माण झाले.",mr,unknown,female
002502.wav,विष्णूने मोठ्या कांसवाचे रूप घेऊन कूर्मावतार धारण केला आणि मंदार पर्वतांच्या बुडाखाली जाऊन बसला.,mr,unknown,female
000726.wav,"पुढे समुद्रमंथनातून लक्ष्मी, कौस्तुभ, पारिजातक, सुरा, धन्वंतरी, चंद्र, रंभा, ऐरावत, अमृत, विष, उच्चैःश्रवा नावाचा घोडा, कामधेनू, शंख व हरिधनू अशी चौदा रत्ने निघाली.",mr,unknown,female
007131.wav,पण मात्र प्रकृती आणि तंदुरुस्ती लक्षात घेतली तर निवृत्ती पत्करणेच ईष्ट आहे.,mr,unknown,male
000979.wav,जेवणात द्रव पदार्थ भरपूर असल्यास वेगळे पाणी पिण्याची आवश्यकता नसते.,mr,unknown,female
000809.wav,स्त्रिया बाजरीची भाकरी व गवारीच्या शेंगाची भाजी खाऊन उपवास सोडतात.,mr,unknown,female
009200.wav,"प्रशांतने तर त्याला चक्क मिठीच मारली, त्याची आई हा सारा प्रसंग डोळे भरून पहात होती.",mr,unknown,male
001476.wav,बाबाही बराच वेळापासून स्वयंपाकघरात होते पण त्यांच्या फक्त पोळया आणि भाजी करुन झाली होती.,mr,unknown,female
010879.wav,डोंगर आपल्याच विचारात गढून गेला.,mr,unknown,female
007681.wav,"आणि त्यांच्या कानाशी मोठ्याने ओरडून ते म्हणाले, गीता ! वेदांचं सार, भगवद्गीता पठन करा, उठा !",mr,unknown,male
006682.wav,विर्क महाराष्ट्रात येण्याविषयी पंजाब सरकार अनभिज्ञ,mr,unknown,male
004907.wav,दशरथ राजाने कोणत्याही तर्‍हेच्या विघ्नबाधांविना पुत्रकामेष्टि यज्ञ पूर्ण केला.,mr,unknown,male
007146.wav,येथील ज्ञानविकास मंडळाच्या वतीने आयोजित केलेल्या वसंत व्याख्यानमालेत होमिओपॅथी परदेशातील अनुभव या विषयावर ते बोलत होते.,mr,unknown,male
009898.wav,"माझे नाव जबाला, म्हणून तुझे नाव सत्यकाम जबाला असेच गुरुजींना सांग.",mr,unknown,male
004931.wav,पेटी उघडून पाहिली तर आत एक सुंदर मुलगी.,mr,unknown,male
004543.wav,"किश्या, नींव ही हिंदी मालिका होती, शिमला डेहराडुन भागात चित्रिकरण झालेलं.",mr,unknown,female
003963.wav,"लक्ष्मीकांत बेर्डे, अशोक सराफ, रमेश देव आणि सीमा देव आदी कलाकारांवर आधारित कार्यक्रम प्रक्षेपित करीत आहोत.",mr,unknown,female
007725.wav,"पिताजी ध्यानमग्न आहेत, आलेल्या राजाचं स्वागत आपण केलं पाहिजे!",mr,unknown,male
005921.wav,घरापासून ऑफिस खुपच लांब असल्याने तिला रेल्वेने प्रवास करावा लागतो.,mr,unknown,male
001236.wav,"गतायुष्यातील चांगल्याबरोबर वाईट आठवते, पुण्याबरोबर पापही आठवते.",mr,unknown,female
001226.wav,"आईबापांनी, शेजा-यांनी, गुरूजींनी-सर्वांनी लहान मुलांचा विकास सदैव डोळयांसमोर ठेवून त्यांच्याजवळ वागावे.",mr,unknown,female
001765.wav,कसेबसे तो त्याच्यावर चढून बसण्यात यशस्वी झाला आणि मग ते सारे लाटांवर वेगाने खाली वाहात जाऊ लागले.,mr,unknown,female
007846.wav,सत्यकाम अशा रीतीने पूर्ण ज्ञानी झाला व आश्रमात परत आला.,mr,unknown,male
009536.wav,"हे सर्वजण रात्री मला एकत्र भेटले, आजच्या माणसाची व्यथा ऐकुन रागाने पेटले.",mr,unknown,male
006148.wav,"'माणूस हा साहित्याचा केंद्र बिंदू असावा, मानवता हीच मराठी लेखकाची जात आहे.",mr,unknown,male
005663.wav,सेक्स विषयी सजग असणारी ही माणसं,mr,unknown,male
003218.wav,भारतामध्ये सुध्दा आधुनिक तंत्राच्या सहाय्याने सूर्यशक्तिचे प्रकल्प अनेक ठिकाणी सुरू आहेत.,mr,unknown,female
000288.wav,प्रधान आत्मानंद महाराजांकडे गेला.,mr,unknown,female
006062.wav,न्यायासाठीच शिवाजी महाराजांना स्वतंत्र राज्याचा संकल्प सोडावा लागला होता.,mr,unknown,male
002967.wav,"कुळांकडून त्यांना यावयाचे खंडाचे पैसे, धान्य, वगैरे वसूल केले.",mr,unknown,female
003165.wav,"ती पुरविण्यासाठी मोठी दुकाने, मॉल यांचीही त्यात भर पडते.",mr,unknown,female
007779.wav,"जबाला विचारात पडली, छोट्या सत्यकामाला इतक्या लांब ठेवायचे?",mr,unknown,male
009740.wav,"जटीलच्या पाठीवरून प्रेमाने हात फिरवत ती त्याला म्हणाली, या जगात ज्याला कोणी नाही, त्याला देवच सांभाळतो, त्याचे रक्षण करतो.",mr,unknown,male
001658.wav,परीक्षेत गणितात गौरी नापास झाली आणि टीनाला मात्र पैकीच्या पैकी मार्कस मिळाले.,mr,unknown,female
001976.wav,"वर्ग आठचेच विद्यार्थी ते, अगदी खुषीने तयार!",mr,unknown,female
002398.wav,"माझ्या नाकावरच्या शिंगाने मी तुम्ही ज्या नावेत असाल ती नाव बुडू नये व तिचे रक्षण व्हावे, यासाठी सर्व प्रयत्न करीन.",mr,unknown,female
000453.wav,"ज्ञान आणि वैराग्य हे माझ्यापेक्षा वृध्द, पण माझे ते दास आहेत.",mr,unknown,female
002711.wav,राज्याकडे दुर्लक्ष करून तू उगीच इकडे आपला वेळ वांया दवडतो आहेस.,mr,unknown,female
008381.wav,"ऋषी म्हणाले, शबरी, ते तू आता विसरुन जा, आता निराळे आचरण ठेवावयास तू शिक.",mr,unknown,male
003682.wav,"एवढंच नाही, तर आपल्या घरातल्यांशी उगीचच गप्पाटप्पा करण्याचही ती टाळायला पाहाते.",mr,unknown,female
000423.wav,आम्हाला पुन: चांगले दिवस येतील अशी खात्री वाटत आहे !,mr,unknown,female
007285.wav,ठरल्या ठिकाणी अगदी वेळेच्या आधीच पोचायची माझी सवयच होती.,mr,unknown,male
005317.wav,"मला काचेच्या, छोट्या छोट्या खिडक्यांजवळचे चेहरे, अस्पष्ट दिसू लागले होते.",mr,unknown,male
000658.wav,माझ्या वंशात पुढे कोणीतरी विद्वान निपजेल आणि तो तुला ह्याचे उत्तर देईल.’,mr,unknown,female
003302.wav,या ग्रंथांचे वैशिष्ट्य म्हणजे तत्कालीन गणितावरील प्रमाणभूत ग्रंथ मानला जात असे.,mr,unknown,female
010171.wav,घरोघरी सायंकाळी पाटाभोवती रांगोळी काढून पत्नी पतीला औक्षण करते व पती पत्नीला ऒवाळणी घालतो.,mr,unknown,male
002846.wav,"राजा, या निबिड अंधारात तू कुठे जातो आहेस?",mr,unknown,female
010126.wav,आपला पुत्राने जीवनाची सर्व सुखे उपभोगावीत म्हणुन राजा व राणी त्याचे लग्न करतात.,mr,unknown,male
008935.wav,"रस्त्याने जाणा-या एका प्रवाशाला त्याच्या अंगावरील कपडे काढायला लावण्यात जो यशस्वी होईल तोच श्रेष्ठ व विजयी होय, असे दोघांनी ठरविले.",mr,unknown,male
005245.wav,"पूर्वी आपण ज्यांना ज्यांना इथे पकडून आणलं होतं, ते सगळेजण लांडग्यांच ओरडणे ऐकून भीतीने थरथर कापत होते.",mr,unknown,male
001002.wav,ते दु:खाचे वस्त्र पांघरून मनू घरी कोपर्यात बसे विनू येई तेव्हा मात्र तो जरासा हसे.,mr,unknown,female
004199.wav,महाळुंग हा शब्दच आता वापरत नाही कुणी गणपतिला ते हवच.,mr,unknown,female
002419.wav,त्या बरोबर कुमार-स्वामीने आपल्या भाल्याचा नेम लंबोदराच्या पोटावर धरला.,mr,unknown,female
000876.wav,"हवा थंड आणि आरामदायक होते, या हंगामात हवा धूळीपासून मुक्त असते.",mr,unknown,female
006390.wav,आड्रेनल ग्रंथीत डिहैड्रो टेस्टोस्टिरॉन डीएचटी सामान्य अवस्थेत सोळा ते वीस असते.,mr,unknown,male
003848.wav,तो मार्ग मात्र कुठे थडकणार हे मला ठाऊक नाही.,mr,unknown,female
000962.wav,पाणी किती आणि कधी प्यावे याविषयी पुष्कळ मतभेद आढळतात.,mr,unknown,female
001581.wav,त्या क्षणी नीनाने कपाटातून फ्रॉक काढून सीमाला दिला आणि तिची माफी मागितली.,mr,unknown,female
009850.wav,"तो आपल्या या आश्रमात आला होता, पण त्याचा सत्कार करण्याचे पुण्य आपणांस लाभले नाही.",mr,unknown,male
002207.wav,वीस ओव्हर्सनंतर अंपायर ने खूण केल्याबरोबर सगळे प्लेअर्स खाली बसून आपापल्या जागी शांत राहिले,mr,unknown,female
008123.wav,"पंचतत्त्वात तमोगुण वाढला आहे, म्हणजे पंचतत्त्व क्षीण झाले आहे.",mr,unknown,male
007086.wav,एन स्टेनचे केवळ तीन दिवसांचे प्रशिक्षण गडचिरोली येथील जिल्हा सामान्य रुग्णालयात देण्यात आले आहे.,mr,unknown,male
010852.wav,"टीनाला गौरीच्या चांगूलपणाची जाणीव झाली, तिने गौरीचे आभार मानले.",mr,unknown,female
004232.wav,तसेच बृहदअरण्यक उपनीषदात सर्व सृष्टीला उद्देशुन केलेली सर्वेपिसुखिनःसंतु.,mr,unknown,female
000758.wav,"अशा स्थितीत पुष्कळ काळ लोटला, त्या वेळी दानवांनी त्याला जागृत करण्याचा प्रयत्न केला.",mr,unknown,female
004867.wav,इतर हत्ती भूकतहान भागवायला इतर ठिकाणी जाऊन आले व किनार्‍यावर उभे राहून डोळ्यांतून पाणी काढीत राहिले.,mr,unknown,male
005407.wav,त्या आंध्रपुर गावात एका वाण्याचे घर होते.,mr,unknown,male
005314.wav,"साइबेरियन चित्ता, आपल्या समुद्रासारख्या निळ्या डोळ्यांनी, मला, रागीटपणे बघत होता.",mr,unknown,male
002285.wav,तेव्हां राणीसरकारांनी रथ युद्धभूमीपासून दूर नेऊन महाराजांचे रक्षण केले होते.,mr,unknown,female
008025.wav,ती त्यास वेगवेगळी गाणी व गोष्टी सांगुन जागे ठेवते.,mr,unknown,male
005736.wav,"नेक कारागीर येथे, राबुनी बेनाव आले.",mr,unknown,male
005508.wav,"मलाच सावरतो माझे, मी अश्रु ढाळताना",mr,unknown,male
005310.wav,"पण रॉबिन, झुरळ मात्र नेहमीसारखेच आनंदी होते.",mr,unknown,male
004828.wav,गणपतीने आपल्या सोंडेने कार्तिकस्वामीची कंबर धरली व त्याला वर उचलले.,mr,unknown,male
008914.wav,हे ऐकून डोंगराचं मन भरून आलं.,mr,unknown,male
000808.wav,"ह्या दिवशी गहू, मूग खात नाहीत.",mr,unknown,female
007140.wav,"राजेंद्रसिंह सच्चर, सैय्यद हमीद, डॉक्टर अब्दुल सालेह शरीफ, डॉक्टर टी.",mr,unknown,male
008724.wav,रोज सकाळी पहाटे उठून मिताही त्यांच्या बरोबर समुद्र किनारी जात असे.,mr,unknown,male
001957.wav,या कार्यात वर्गाचा वर्गनायक प्रशांत याचा सिंहाचा वाटा असे; त्याला नेहमी प्रोत्साहन आणि सहकार्य मिळायचं ते शाळेच्या मुख्याध्यापकांचं.,mr,unknown,female
002446.wav,"आम्ही सास्वासुनांचा दुरावा सुखाने सोडून, अशाच याच्या दोहों बाजूस उभ्या राहातो!",mr,unknown,female
008882.wav,"तेव्हापासून दोघींची छान गट्टी तर जमलीच पण टीनाने सर्वांना मदत करायला, मिळून मिसळून वागायला सुरूवात केली.",mr,unknown,male
008958.wav,"धुळीने भरलेले दोन प्रवासी, थकलेले, भागलेले, वणवण उन्हामध्ये उघडया रखरखीत रस्त्यावरून चालत होते.",mr,unknown,male
007385.wav,भारतातील सर्वात मोठ्या महाविद्यालयातील मुख्यधापकाकडे नोकरी मागण्यासाठी गेला.,mr,unknown,male
009426.wav,"भाविक पर्यायी म्हणून बैलगाडी, घोडागाडी शोधतात; पण काहीही उपलब्ध होत नाही.",mr,unknown,male
002403.wav,सूतमुनी नारदाच्या तपश्चर्येची कथा सांगू लागले: पूर्वी नारद एका दासीच्या पोटी जन्मला.,mr,unknown,female
007633.wav,"पण मी त्यांच्यावर अगदी मुलांसारख प्रेम करते, यांचा मी प्रतिपाळ करते.",mr,unknown,male
001074.wav,"तीन आचमने करुन त्याने सात समुद्र प्राशन केले, यातील अर्थ हा असेल की, तीन पर्यटनांत तो सात समुद्र ओलांडून आला.",mr,unknown,female
008849.wav,संध्याकाळ होत आल्यामुळे खाली उतरणे आवश्यक होते.,mr,unknown,male
004241.wav,हो तरी सवय झाली आता तो बिचारा खूपच गांगरून गेल्यासारखा वाटला.,mr,unknown,female
005437.wav,"मुलाला समजूत येऊ लागली, तेव्हा राजाने त्याला गांधार देशाच्या तक्षशिला नगरीतील एका सुप्रसिद्ध गुरुकुलात विद्याभ्यासासाठी पाठविले.",mr,unknown,male
009314.wav,मिटिंगच्या ठिकाणीही कळवायला हवं फोन नंबर सांगा.,mr,unknown,male
002092.wav,"खांडेकर म्हणाले, कोणालातरी जगायला आपण मदत करू शकतो ही गोष्ट माझ्या दृष्टीने फार मोठी आहे, तोच क्षण माझ्या जीवनातला अनमोल क्षण होय.",mr,unknown,female
004528.wav,नुकतीच थोडीशी सूट दिल्याने ऑफिसर्स बंकरमधून घरी परतले होते.,mr,unknown,female
001699.wav,"मी अशाने हळू हळू खचूनच जाईन, माझी कुणालाच काळजी नाही.",mr,unknown,female
008182.wav,"जेवणापूर्वी पाणी प्यायल्यास भूक मंदावते, जेवण न्यून जाते आणि व्यक्ती कृश होते.",mr,unknown,male
009191.wav,आठवडयानंतर आज डॉक्टर मनोजच्या डोळयावरील पट्टी काढणार होते.,mr,unknown,male
008768.wav,"चॉकलेट केक, दहा मेणबत्त्या, पावभाजी आणि हो त्या दिवशी घालण्यासाठी खास सीमाचा निळा टिकल्यांचा फ्रॉक.",mr,unknown,male
007284.wav,"काल रात्री एका मित्राने सकाळी भेटण्याचं वचन माझ्याकडून घेतल होत, त्यालाच भेटण्यासाठी म्हणून मी घराबाहेर पडलो.",mr,unknown,male
008218.wav,"सर्व गावभर वार्ता गेली, कोणी केला तो खून? कोणी केले ते पाप?",mr,unknown,male
001004.wav,"त्याच्याजवळ बरेचसे पैसे होते, विनूला पैसे पाहिजे होते.",mr,unknown,female
009964.wav,"पुढे सत्यकाम मोठा प्रख्यात ऋषी झाला, आणि त्याच्याजवळ शिकून पुष्कळ शिष्य ज्ञानी झाले.",mr,unknown,male
009245.wav,"दोन दिवसाप्रमाणेच शेठजींनी ते विहीरीत फेकले, हा चवताळून उठला.",mr,unknown,male
007424.wav,एक राजा आणि शेठजी यांची गाढ मैत्री होती.,mr,unknown,male
004652.wav,पण ते न रागावता तिला म्हणाले.,mr,unknown,male
006423.wav,शेक्‍सपिअरचे नाट्यलेखन आजही अजरामर प्राती हातकणंगलेकर,mr,unknown,male
001486.wav,चिन्यमचे हे बोलणे ऐकून आईने त्याला जवळ घेतले.,mr,unknown,female
010107.wav,"वेलदोडे, लवंग, मिरी, दालचिनी, जिरे, तमालपत्रे ही सगळी मसाल्याचे पदार्थ झाडेच देतात.",mr,unknown,male
005369.wav,आपल्याला आज मस्त जेवण मिळणार आहे.,mr,unknown,male
001412.wav,एवढी वर्ष सुप्त असलेली इच्छा पूर्ण होण्याची संधी अशी सहजासहजी चालून येईल असं वाटलं नव्हतं.,mr,unknown,female
010328.wav,हळूहळू ते त्यांची भाषा शिकू लागले आणि आपले उन्नत व उदात्त विचार त्यांना सांगू लागले.,mr,unknown,female
009949.wav,सूर्य हा आकाशात उडणारा जणू काय एक सोन्याचा हंसच आहे.,mr,unknown,male
006490.wav,"मात्र, या शिवारातील एका कॅनॉलपर्यंतच हे पथक जाऊ शकले.",mr,unknown,male
000710.wav,"मनू म्हणाला, `अरे हो ! यज्ञात उरलेल्या धनावर हक्क रुद्राचाच असतो, हे माझ्या लक्षातच नव्हते.",mr,unknown,female
006503.wav,"जळगाव, तारीख पंचवीस जळगाव मर्चंट सहकारी बॅंकेच्या संचालक मंडळाची निवडणूक बिनवरिध झाली आहे.",mr,unknown,male
003604.wav,शरीरात कोठेही दीर्घकाळ जंतुदोष राहणे पू-गळू क्षयरोग विषमज्वर इत्यादी आजारांत रक्तपांढरी होते.,mr,unknown,female
000986.wav,"पाप करणाऱ्याचे मन त्याला खातच असते, आणखी त्याला शिक्षा कशाला, असेही कोणी म्हणत.",mr,unknown,female
003077.wav,हा दोन्ही बाजुंनी खेळला जातो आणि त्यात अमुक क्लिष्ट नियम असतात.,mr,unknown,female
009360.wav,"थोडावेळ थांबून पुन्हा कावळयाने कडी वाजवली 'चिऊताई, चिऊताई, दार उघड'.",mr,unknown,male
005078.wav,तेंव्हा प्रेताच्या आत बसलेला वेताळ त्याला म्हणाला .,mr,unknown,male
004102.wav,मेल्यानंतर्चे विधी हे प्लसेबोप्रमाणे दुख विसरायला मदत करतात.,mr,unknown,female
010511.wav,खोत म्हणजे गावचा ठरीव शेतसारा वसूल करून सरकारकडे पाठवणारा बिनपगारी दलाल.,mr,unknown,female
002723.wav,परंतु साध्या दगडाची बरोबरी मौल्यवान हिर्याशी थोडीच होऊ शकेल?,mr,unknown,female
010682.wav,"त्याला अजिबात कळेना म्हणून त्याने आरश्यासमोर आ करुन मोठे तोंड उघडले, तर चक्क त्याचे मागचे चार दात म्हणजेच दाढा रडत होत्या.",mr,unknown,female
001269.wav,"भरल्या घरात, भरल्या गोकुळात ती पडली होती.",mr,unknown,female
002463.wav,"तूं गजासुराचा जो विनाश केलास, त्याची आठवण लोक ठेवतील.",mr,unknown,female
006602.wav,"पण हा प्रसंग त्याच्या भाग्याचं, त्याला समाजाने झिडकारल्याचं प्रतीक आहे.",mr,unknown,male
000269.wav,"त्यावर कूत्तन म्हणाला, तुझ्यापुढे मी काजवा आहे.",mr,unknown,female
003581.wav,याबद्दल भयगंड बाळगल्याने अनेकांचे लैंगिक आयुष्य उद्ध्वस्त होते.,mr,unknown,female
004751.wav,देवादानवांनी मिळून क्षीरसागराचे मंथन केले व समुद्रातून अमृत निघाले.,mr,unknown,male
007842.wav,इतक्यात एक पाणबुडा पक्षी तेथे उडत आला.,mr,unknown,male
007370.wav,बोलून बोलून थकले आणि झाले सगळे शांत.,mr,unknown,male
008790.wav,भुवनचे आईबाबा बंगलोर सारखे मोठे शहर सोडून चिकमगलूर सारख्या छोट्या गावी राहायला आले.,mr,unknown,male
007953.wav,भगवान विष्णू परत गेल्यावर प्रल्हादाने दैत्यांचे सांत्वन करून त्यांना बोध दिला.,mr,unknown,male
002822.wav,"जरूर विश्वास ठेवतील, बघाच तुम्ही दाऊद आत्मविश्वासाने म्हणाला.",mr,unknown,female
006570.wav,मेणबत्त्या पेटवून पहाऱ्यावर असलेल्या पोलिस कर्मचाऱ्यांनी आठवडा काढला.,mr,unknown,male
000590.wav,गौतमांची शांत मूर्ती ध्यानमग्न अशी बसलेली होती.,mr,unknown,female
007172.wav,गिलख्रिस्टच्या या गौप्यस्फोटामुळे श्रीलंकेतील क्रिकेट रसिक नाराज झाले.,mr,unknown,male
009844.wav,"इतक्यात शमीक ऋषींची समाधी उतरली, त्यांनी डोळे उघडून त्या कुमारांकडे पाहिले.",mr,unknown,male
006351.wav,हाताला मार्किंग इंक लावणाऱ्या बाईंपुढे उभा राहिलो.,mr,unknown,male
008023.wav,महालाचे प्रवेशद्वार ही असेच सोन्या चांदीने भरून रोखले जाते.,mr,unknown,male
008686.wav,"आई रोज सकाळ, दुपार, संध्याकाळ इतके पदार्थ कसे करत असेल, ते सुध्दा आपली अजिबातच मदत नसतांना.",mr,unknown,male
002038.wav,बाबा अहो तेवढे आठ आणे मिळवायला मला किती वणवण करावी लागली आणि तुम्ही ते फेकून दिलेत.,mr,unknown,female
009441.wav,"ज्या क्षणी अहंकार बळावतो, त्या वेळी आपली स्थिती गाढवापेक्षा वेगळी राहत नाही.",mr,unknown,male
007586.wav,दुसऱ्या दिवशी शाळेत जातांना गोपाळदादाने त्याला वाटीभर दूध आणून दिले.,mr,unknown,male
006339.wav,दुसऱ्यासाठी खड्डा खणला आणि आपण त्यात पडला.,mr,unknown,male
002029.wav,"काहींतरी काम करून पैसे मिळवुन आण तरच तुला जेवायला मिळेल, मुलाला काहीच कळेना.",mr,unknown,female
008202.wav,"परंतु ती बहीणही देवाघरी गेली, मनूला अपार दु:ख झाले.",mr,unknown,male
000678.wav,साकमश्वाला जेव्हा `साम’ स्फुरले व त्याने ते म्हटले तेव्हा त्याला `सामा’चे तेज कळून चुकले.,mr,unknown,female
006946.wav,"बुधवारी, सांयकाळी साडेपाच वाजताच्या सुमारास महाकुर्ला जिनिंगला आग लागली.",mr,unknown,male
001233.wav,"श्याम, तू सर्वांचे ऐकून घेतोस, पण स्वत:चे मात्र का काहीच सांगत नाहीस, असे त्याचे मित्र पुष्कळदा त्याला म्हणत.",mr,unknown,female
005455.wav,दुसर्‍या दिवशी सकाळी राजाने माहुताला बोलाविले.,mr,unknown,male
006404.wav,सेहवागला मात्र तेंडुलकरची मोजपट्टी लावण्यात आलेली नाही.,mr,unknown,male
008563.wav,त्यांना विश्रांती कधी घ्यावी हे समजत नसे.,mr,unknown,male
006076.wav,"वाणिज्यशाखेचे, अर्थशाखेचे, मेडिकल, इंजिनियरींग शाखेचे प्राध्यापक पाहा.",mr,unknown,male
004857.wav,श्वेत रंग उत्तम स्वभाव व विवेकाचा द्योतक आहे.,mr,unknown,male
010754.wav,"अगं, पण नीना आज हे बूट सीमा घालणार आहे, तिने तसे आम्हाला अधीच सांगून ठेवले आहे, आईने शांतपणे नीनाला समजावले.",mr,unknown,female
002433.wav,मी रामावतार घेईन ते लोककल्याणार्थच होणार!,mr,unknown,female
010670.wav,"मोंटूचा मामाही अमेरिकेत होता, त्यामुळे सतत मोंटूला चॉकलेटचे विविध प्रकार खायला मिळत.",mr,unknown,female
007362.wav,कस सांगु तूम्हाला खाली आता शिक्षणाचा काळा बाजार थाटला.,mr,unknown,male
009416.wav,पाच जणांनी पाच काठ्या आणून वडिलांपुढे ठेवल्या.,mr,unknown,male
007508.wav,"जातांना त्याने आत्मानंद महाराजांना नम्रपणे विचारले, महाराज, मी राज्यकारभार बघण्यात व्यस्त असतो.",mr,unknown,male
006101.wav,संदीपचा अमेरीकेत कायम रहाणारा चंदूमामा पुण्याला त्याच्या बहिणीकडे मीनाताईकडे महिन्याच्या रजेत रहायला आला होता.,mr,unknown,male
000897.wav,"निसर्गावर प्रेम करा, त्याचा सहयोग घ्या आणि त्याला सहयोग करा.",mr,unknown,female
001612.wav,नंतर खेळाच्या तासाला राघव भुवनला मोठी सायकल चालविण्याचा आग्रह करत होता.,mr,unknown,female
007795.wav,गौतमांची शांत मूर्ती ध्यानमग्न अशी बसलेली होती.,mr,unknown,male
005903.wav,आयुष्यात माझ्या तु गंध प्रीतीचा भरशील का,mr,unknown,male
006659.wav,इंतिखाब आलम यांनीही मियॉंदाद यांच्या वक्तव्याला दुजोरा दिला आहे.,mr,unknown,male
001720.wav,"मुले नाचत नाचत डोंगरावर गेली, बागेत खेळली, मातीत लोळली, विहिरीत पोहली.",mr,unknown,female
003807.wav,कांही पैठण्यावर जरतारी बुट्टी विणल्याचे आढळते.,mr,unknown,female
007250.wav,"मध्येच रथाचे एक चाक तुटून जाते, त्यामुळे भाविक चिंतित होतात.",mr,unknown,male
006693.wav,अशा थोर महात्म्यांचा जन्म ही घटनादेखील असामान्यच.,mr,unknown,male
004702.wav,राम म्हणतो आहे तसे करणेच बरोबर होईल.,mr,unknown,male
003962.wav,एकोणिसाव्या शतकाच्या आरंभीच्या काळातील मलबार हिलवरील राजभवनांतर्गत बॅंक्वेट हॉल हा एक रमणीय बंगला.,mr,unknown,female
006983.wav,व्यवस्थापन परिषदेच्या आजच्या बैठकीत वेंकटरमनी यांच्या नेमणुकीवर शिक्कामोर्तब करण्यात आले.,mr,unknown,male
005558.wav,तुमच्या कुशीत माझा पाषाण मोम झाला,mr,unknown,male
005565.wav,अवाढव्य शरीर यष्टीची माणसे अशा नाजुक प्रसंगी कशी धावत येतात,mr,unknown,male
009801.wav,"अनेक उपाय करुन भक्ती, मुक्ती, ज्ञान आणि वैराग्य यांच्या कथा सांगून त्यांचे महत्त्व वाढविले.",mr,unknown,male
000891.wav,अजूनही आमच्या पवित्र देशात गोवंश हत्याबंदी होत नाही.,mr,unknown,female
008222.wav,यानंच या प्रवाशाचा खून केला असेल आणि स्वत: साळसूदपणा दाखवीत आहे.,mr,unknown,male
010013.wav,"अंगिरसांना स्वर्गास गायी घेऊन जायचे नव्हते, म्हणून ते ताबडतोब तयार झाले.",mr,unknown,male
004007.wav,"शेंगदाणे, तूप, तेल, खरबूज, पेरु, जांभळे, काकडी, गरम दुध किंवा गरम भोजन घेऊ नये.",mr,unknown,female
007803.wav,"गौतम कौतुकाने म्हणाले, उत्तम आहे, बाळ; पण तुझे गोत्र काय?",mr,unknown,male
006154.wav,"श्रम, त्याग व निष्ठा या भांडवलावर ती पंचेचाळीस वर्षे उभी आहे.",mr,unknown,male
008275.wav,उत्तर हिंदुस्थानात आर्यांच्या वसाहती सर्वत्र होण्यापूर्वी ओढ्या प्रांतातून गलबतात बसून काही धाडसी आर्य खाली सिलोन ऊर्फ लंका बेटात गेले.,mr,unknown,male
008189.wav,"गावात बहुधा भांडण होत नसे, मारामारी होत नसे कोणी कोणाचा हेवादावा करीत नसे, सारे गुण्यागोविंदाने नांदत.",mr,unknown,male
010095.wav,"पण बाबा म्हणतात की कडूनिंब तोडायचा नाही, तो फार औषधी असतो, हवा स्वच्छ करतो.",mr,unknown,male
002800.wav,"खड्ग, हे बीळ लहान आहे अशी आपली चुकीची समजूत होती.",mr,unknown,female
008771.wav,नीनाला तो फ्रॉक खूपच आवडल्यामुळे वाढदिवसाच्या दिवशी तो घालायचा म्हणून हट्ट करत होती.,mr,unknown,male
000585.wav,"माझे नाव जबाला, म्हणून तुझे नाव सत्यकाम जबाला असेच गुरुजींना सांग.",mr,unknown,female
003269.wav,के असूनही पवनचक्क्या उभारण्यात आल्या आहेत.,mr,unknown,female
003933.wav,आख्यायिकेप्रमाणे हिरण्यकशिपूरचा नाश केल्यावर नरसिंहाने येथे आपली गदा फेकली व त्यायोगे देवळाजवळ हे तळे निर्माण झाले.,mr,unknown,female
004966.wav,"त्यांच्या एकसष्ठ रचनांचा; शिखांच्या पवित्र ग्रंथ, गुरु ग्रंथ साहिबांमधे समावेश झालेला आहे.",mr,unknown,male
001261.wav,"माझ्या आईला माहेरी कोणी आवडी म्हणत, कोणी बयो म्हणत.",mr,unknown,female
008085.wav,"पाऊस पाणी भरपूर आहे, तर तो जलविद्युत-वीज आणि सिंचन हेतूसाठी धरणे ठेवलेले आहे.",mr,unknown,male
000311.wav,चौदाव्या शतकात देवगिरी राज्यावर राजा रामदेव राज्य करत होता.,mr,unknown,female
001717.wav,"हा सारा गाव सुध्दा तुझ्यावरच प्रेम करतो ना, रे डोंगरा.",mr,unknown,female
010199.wav,शरद आणि ग्रीष्म ऋतू वगळता निरोगी माणसाने दिवसभरात थोडेच पाणी प्यावे.,mr,unknown,female
009523.wav,आमचं केविलवाण जग पाहून डोळ्यात पाणी तरारले.,mr,unknown,male
007090.wav,केंद्रीय आरोग्यमंत्री डॉक्टर अंबुमणी रामदास यांनी त्यांची भेट नाकारली.,mr,unknown,male
004669.wav,त्या शंभर राक्षसांपेक्षा तूच जास्त वस्ताद दिसतेस की ग!,mr,unknown,male
004299.wav,"दोघांना मिळणार्या पैशांवरुन लायकी ठरवत असाल, तर मला तुमची किव वाटते.",mr,unknown,female
003784.wav,संधिकालात दुष्प्रवृत्तींची होणारी वाढ संध्यावंदनाने खुंटते.,mr,unknown,female
001009.wav,विनू मुकाट्याने आपल्या घरी जाऊन पडला.,mr,unknown,female
009857.wav,शमीक ऋषींच्या आश्रमातून गेल्यावर परिक्षिती राजा वेगाने आपल्या राजधानीत पोचला.,mr,unknown,male
002186.wav,करताना मध्य सप्तकातील निषादावरून जोरकस पणे धैवत घेण्यातच या रागाचे सौंदर्य आहे,mr,unknown,female
003624.wav,मात्र आरोग्य-सेवका मागील तात्त्वि भूमिका डॉक्टर नसेल तेथे अशी हवी असे मला वाटते.,mr,unknown,female
010709.wav,मिताने बघितले की तिच्या आईने मासे ठेवण्याच्या नेहमीच्या टोपलीपेक्षा आकाराने लहान टोपली घेतली होती.,mr,unknown,female
007470.wav,"त्याने पाहिले, तेव्हा कूत्तन, स्वतः रचलेल्या रामायणाच्या पोथीचा, स्वाहाकार करत होता.",mr,unknown,male
010590.wav,एक दिवस सकाळी सकाळी ऑफिसमधला टेलिफोन खणखणला.,mr,unknown,female
007353.wav,चुकिची शिक्षा गर्दन मारलीच म्हणुन समज.,mr,unknown,male
006694.wav,नागपूर विमानतळावरील बेकन लाईट्‌स' यंत्रणेत बिघाड,mr,unknown,male
004835.wav,सिद्धीबुद्धी विनायक असे अजून एक नामाभिधान मिळाले.,mr,unknown,male
007192.wav,"प्रभाग सहा, आंजेला आल्फ्रेड बार्रेटो एक शे अठ्ठेचाळीस, आंतोनेता विवेंतो नोरोन्हा एक शे एकवीस.",mr,unknown,male
004757.wav,असे म्हणत जमिनीवर पडलेल्या मुलाच्या देहाला कवटाळून ती शोक करू लागली.,mr,unknown,male
006663.wav,घटप्रभा नदीत बुडून इनाम म्हाळुंगेच्या तरुणाचा मृत्यू,mr,unknown,male
000091.wav,मी काही बोलण्याचा अगोदरच ती उत्साहाने बोलली.,mr,unknown,female
007499.wav,"राजा झोपडीत आला, त्या वेळी झोपडीतील एका बाजूच्या खोलीत आत्मानंद महाराज बसलेले होते.",mr,unknown,male
007720.wav,"पाय आपटीतच तो आश्रमाबाहेर आला, रागाने तो तणतणत होता.",mr,unknown,male
001327.wav,आपल्याकडेही कार ऐवजी स्कूटर असती तर बरं झाल असतं असे नीतूला वाटल.,mr,unknown,female
009005.wav,"हमरस्त्याने एक ओझे लादलेला गाढव चालला होता, तो त्या घोडयाला वाट करून द्यायला जरा बाजूला झाला.",mr,unknown,male
010689.wav,"दात पुढे म्हणाले, आता तू कुठलाही गरम किंवा गार पदार्थ खाल्ला की आम्हाला किती त्रास होतो माहिती आहे, जोरदार ठणका बसतो.",mr,unknown,female
002118.wav,"शर्माजींना वाटले ह्या जणू, कणभरही अहंकार नसलेली शांत देवता.",mr,unknown,female
002938.wav,"एक माळी उन्हातान्हांत झाडांना पाणी घालीत होता, तो राजाला दिसला.",mr,unknown,female
007744.wav,म्हणूनच अविचाराने त्याने हे असे क्षुल्लक अपराधाचे कार्य केले असेल!,mr,unknown,male
000984.wav,"सायगावची एक विशिष्ट परंपरा होती, त्या गावचे लोक कधी राजाकडे न्याय मागायला जात नसत.",mr,unknown,female
008292.wav,रानटी लोकांच्या हृदय मंदिरात ज्ञानाचा दिवा प्रकाशू लागला.,mr,unknown,male
006420.wav,"अन्‌ ते काय, शी नावांना नावं ठेवत चमन व्हेज दिल बहार टाइप नवीन डिश मागवते !",mr,unknown,male
009424.wav,"मध्येच रथाचे एक चाक तुटून जाते, त्यामुळे भाविक चिंतित होतात.",mr,unknown,male
002926.wav,"जिथें जाईन, तिथें मी सांगीन त्या किंमतीला माल विकून टाकता येईल.",mr,unknown,female
006504.wav,मध्येच कोणी आमटीवरील झणझणीत कटाचा आग्रह धरत असतो.,mr,unknown,male
003215.wav,आधुनिक तंत्रज्ञान वापरून पवनचक्कीव्दारें मोठ्या प्रमाणात वीज निर्मिती करणे आता शक्य झाले आहे.,mr,unknown,female
007754.wav,"तो शाप खोटा होणार नाही, तरी तुम्ही तोपर्यंत पुण्यकृत्ये करुन ईशचिंतनात काळ घालवावा!",mr,unknown,male
007600.wav,त्यागराज स्वत:च्याच नादात भजने गुणगुणत चालला होता.,mr,unknown,male
009597.wav,एक राजा आणि शेठजी यांची गाढ मैत्री होती.,mr,unknown,male
008333.wav,"शबरी आश्रमात वाढू लागली, ऋषिपत्नी तिचे कितीतरी कोडकौतुक करी.",mr,unknown,male
008662.wav,पाश्चात्यांची प्रथा असली तरी आईसाठी मुले काम करता आहेत हे पाहून आजोबांना खूप आनंद झाला होता.,mr,unknown,male
005913.wav,आज प्रगतीसाठी आकाशही ठेंगण पडत असताना तिने घरात बसणे योग्य न्हवे.,mr,unknown,male
000628.wav,"अग्नी प्रसन्न झाला व म्हणाला, `सत्यकामा, मी तुला ईश्वरज्ञानाचा चौथा भाग सांगतो.",mr,unknown,female
006621.wav,संकेत स्थळावर या विद्यापीठाच्या अभ्यासक्रमाची माहिती उपलब्ध आहे.,mr,unknown,male
004948.wav,तेंव्हा त्याला तो चक्रपुरुष असल्याचे व शापमुक्त झाल्याचे आठवले.,mr,unknown,male
005081.wav,जेंव्हा ते चौघे जंगलातून जाऊ लागले तेव्हा दोन चित्त्यांनी त्यांच्यावर हल्ला केला.,mr,unknown,male
004245.wav,गरम पाण्याचा चटका बसल्याबरोबर तो तडफडत बाहेर सिंकमध्ये आला.,mr,unknown,female
006190.wav,"शिवसेनेची ताकद श्रमात, त्यागात व निष्ठेत आहे व ती शक्ती राहणारच.",mr,unknown,male
004766.wav,सरोवरात हत्ती व मगरीची झुंज चालूच होती.,mr,unknown,male
001602.wav,"स्पर्धेसाठी खास त्याच्या बाबांनी त्याला नवीन रंगपेटी बक्षीस दिली होती, पण आज भुवनने वेगळाच निश्चय केला होता.",mr,unknown,female
010508.wav,"वडीलच सारा कारभार पाहू लागले, देवघेव तेच पहात.",mr,unknown,female
001270.wav,"सासरचे तिचे नाव यशोदा ठेवण्यात आले होते, सासरी ती लहानाची मोठी होत होती.",mr,unknown,female
000129.wav,"परवाच एका स्फोटात मेलो, पहिल्याच झटक्यात स्वर्गात गेलो.",mr,unknown,female
007091.wav,अशा कंडक्‍टेड टुर्सना या उन्हाळ्यात अगदी उत्तम प्रतिसाद लाभला आहे.,mr,unknown,male
001712.wav,हे ऐकून डोंगराचे डोळे पाणावले.,mr,unknown,female
004183.wav,"क्लार्कपण गेला, ऑसीजची पाचवी विकेट गेली.",mr,unknown,female
010724.wav,आईच्या बोलण्याचा मंजूवर खोलवर परिणाम झाला.,mr,unknown,female
004236.wav,जवळच सिद्धेश्वर येथे तलावाकाठी असलेले शंकराचे पुरातन मंदिरही बघण्यासारखे आहे.,mr,unknown,female
006271.wav,परंतु इंग्रज शासक याबाबतीत उदासीन होते.,mr,unknown,male
002399.wav,येणार्या कल्पांत तू वैवस्वत या नांवे मनू होशील!,mr,unknown,female
007959.wav,"प्रल्हादाच्या भक्तीमुळे घाबरू नये, त्याचा हा अखेरचा जन्म असून, तो मोक्षार्थी आहे.",mr,unknown,male
008537.wav,तिच्या डोक्यातून स्कूटरचे भूत काही गेले नव्हते.,mr,unknown,male
007294.wav,मी काही बोलण्याचा अगोदरच ती उत्साहाने बोलली.,mr,unknown,male
009222.wav,इकडे दिवसेंदिवस स्वराचा आवाज खराब होऊ लागला.,mr,unknown,male
001187.wav,ऋषीने राजाचे स्वागत केले व त्याला फलाहार दिला.,mr,unknown,female
007800.wav,एका क्षणात जिकडे तिकडे शांत झाले.,mr,unknown,male
010716.wav,"आपला खर्च भागवण्यासाठी आम्ही इतरही उद्योग करायचे ठरवले आहेत, पण त्यासाठी निसर्गाची हानी मात्र अजिबात करायची नाही.",mr,unknown,female
007236.wav,त्याने आपल्या मुलांना बराच उपदेश केला; पण उपड्या घडावर पाणी.,mr,unknown,male
001978.wav,"विद्यार्थ्यांनी आपल्या खाऊचे पैसे, रूपये आणून मुख्यध्यापकांजवळ दिले.",mr,unknown,female
005315.wav,"त्याचे काळे पट्टे, मंत्रमुग्ध करण्यासारखे होते.",mr,unknown,male
010816.wav,मुलांनाही आरोळया देतांना अगदी शिवाजीचे मावळे झाल्यासारखे वाटत होते.,mr,unknown,female
004248.wav,अभ्यंकर आजी अजून काही बातमीय की काय गं निगडीण बाई ?,mr,unknown,female
008694.wav,बाबाही समाधानाने स्वयंपाकघरात जेवणाची पान घ्यायला वळला.,mr,unknown,male
000916.wav,त्यामुळे योग्य उपचार करणे अशक्यच झाले आणि जिवाची क्षमता कमी झाली.,mr,unknown,female
001306.wav,"त्यांच्याकडे बोट दाखवून राजाने त्या गोसाव्याला विचारलं, बैरागीबुवा, हे दोन पक्षी एकमेकांशी काय बोलत आहेत हो.",mr,unknown,female
008262.wav,"त्याला वाईट वाटलं, त्याच्या डोळ्यांतून पाणी आलं, परंतु शेवटी प्रणाम करून त्याने घराबाहेर पाऊल ठेवले.",mr,unknown,male
003050.wav,असे त्या हत्तीच्या गुणांचे कौतुक करुं लागले.,mr,unknown,female
010424.wav,"आज दहा वर्षांनी शबरी राजवाड्यात परत आली होती, ती गेली त्या वेळी लहान होती, आज ती नवयौवनसंपन्न झाली होती.",mr,unknown,female
001274.wav,"वडीलच सारा कारभार पाहू लागले, देवघेव तेच पहात.",mr,unknown,female
005699.wav,शेजारच्या मांजरीची पिल्लं मोठी होऊन सैरभैर झालीयत,mr,unknown,male
008898.wav,"मुलं बागेत खेळायची, कारंज्यात भिजायची, मजा करायची.",mr,unknown,male
002797.wav,रस्त्यांत आम्हाला वाघाची डरकाळी आणि एका माणसाचे घाबरलेले ओरडणे ऐकूं आले.,mr,unknown,female
001399.wav,सकाळी नम्रता झाडांना पाणी घालायला गेली तर तिला दोन पिशव्यांमध्ये चक्क कोंब फुटलेले दिसले.,mr,unknown,female
003359.wav,स्त्रोतापासून निघालेले संपूर्ण ऊर्जा वापरात आणता येत नाही.,mr,unknown,female
000184.wav,तुम्ही आमच्या विद्यार्थांचे आणि ह्या महाविद्यालयाचे भवितव्य काय घडवणार?,mr,unknown,female
006102.wav,तिथल्या दिवाणावर चंदूमामा सकाळी आठ वाजता कामवाली मोलकरीण येईपर्यंत जोपून राही.,mr,unknown,male
006871.wav,त्यासाठी बारा ते चौदा दिवसांची ट्रॉलरची ट्रीप असते.,mr,unknown,male
007366.wav,माणसाच्या स्वार्थी वृत्तीमूळे सामान्य माणूस पूरता बेजार झाला.,mr,unknown,male
006425.wav,"मात्र, या परंपरेला दशकभराचा इतिहास असल्याचे जाणकरांचे मत आहे.",mr,unknown,male
009391.wav,"तुझ्यासाठीच मी लक्ष्मी, दान आदींचा त्याग केला आहे, मी तुला जाऊ देणार नाही.",mr,unknown,male
008310.wav,रानातील हरिणीच्या डोळ्यांसारखेच तिचे डोळे खेळकर व पाणीदार असून ती हरिणीप्रमाणेच चपळही होती.,mr,unknown,male
004568.wav,म्हणजे भूंकला असेल पण मला तरी ते भूंकण रडल्या सारख वाटल.,mr,unknown,female
008411.wav,मायबापच कळत वा नकळत मुलाला लहान किंवा मोठा करीत असतात.,mr,unknown,male
008889.wav,"डोंगराच्या वरच्या बाजूला घनदाट जंगल होतं, या डोंगरावर झुळझुळणारे झरे होते, तुडुंब भरलेल्या विहिरी होत्या.",mr,unknown,male
002657.wav,"तुझे मौन हे जास्तीच कोड्यांत टाकणारे आहे, त्या राजा सुशांत सारखेच !",mr,unknown,female
009098.wav,द्रोणाचार्यांकडून धनुर्विद्या संपादन करण्याची त्याची महत्त्वाकांक्षा होती.,mr,unknown,male
004306.wav,भारताचि लोकशाहि शासनव्यवस्था व येथलि अर्थव्यवस्था यांच्यात आफ्रिकन देशांना इन्टरेस्ट आहे.,mr,unknown,female
001962.wav,"प्रशांतला एक भाऊ होता, त्याचं नाव मनोज, वयानं अगदी दहा बारा वर्षाचा.",mr,unknown,female
004993.wav,माझी अशी दयनीय अवस्था पाहून माझे शिष्य मला नक्की मदत करतील.,mr,unknown,male
004892.wav,लक्ष्मीने श्रीवत्स कौस्तुभादि मणी ओवून त्यांची वैजयंती माला विष्णूला घालून त्याला वरले.,mr,unknown,male
005816.wav,"पुरूषाचे लक्ष्य मात्र भौतिकतेकडे, जडत्वावर अधिकार गाजविण्याकडे अधिक असते.",mr,unknown,male
005870.wav,परंतु दिसायला अतिशय कोमल व सडपातळ बांधा असल्यामुळे तिचे तारुण्य चारचौघात उठून दिसत होते.,mr,unknown,male
009702.wav,"विजय मिळाल्यावर अल्लाउद्दीनने त्यास ‘देवगिरीचा राजा बनवावे, या अटीवर त्यास देवगिरी गडाचे रहस्य आणि त्यावरील सैन्यबलाची संपूर्ण माहिती दिली.",mr,unknown,male
010377.wav,"एक दिवस रात्रीची वेळ झाली होती, मतंग ऋषींची सायंसंध्या केव्हाच आटपली होती.",mr,unknown,female
008269.wav,"लांब लांब जाण्यासाठी मनू निघाला, जेथे त्याला कोणी खुनी असे म्हणणार नाही, मातृभूमीला रामराम करून, तेथे जावयास तो निघाला.",mr,unknown,male
010912.wav,हळुहळू आपली प्रखरता वाढवीत सूर्य तेजाने तळपू लागला.,mr,unknown,female
007387.wav,"इथे अतिशय उच्चशिक्षित लोकांना सुद्धा नोकरी मिळणे अवघड आहे, तसेच तुम्ही तर एका गुंडा सारखे दिसता.",mr,unknown,male
001252.wav,"सध्याच्या निष्प्रेम अशा काळात, असे प्रेमळ संघ म्हणजे परम आशा होय.",mr,unknown,female
003177.wav,प्रकाशलहरी या विद्युतचुंबकीय लहरीच होत अशी संकल्पनाही दृढ झाली होती.,mr,unknown,female
005073.wav,कुणाचेतरी भले होण्याऐवजी त्याचे नुकसान होईल.,mr,unknown,male
003360.wav,त्यामुळे इमारतीच्या बांधणीचा आराखडा तयार करणेच्या प्रक्रियेपासूनच किती क्षमतेचा प्रकाश कोणत्या ठिकाणी आवश्यक आहे ?,mr,unknown,female
006344.wav,मुलीवर म्हैसमाळच्या ढाब्यात प्रथम बलात्कार,mr,unknown,male
008884.wav,या डोंगरावर वेगवेगळया फळांच्या फळबागा होत्या,mr,unknown,male
008512.wav,"ते तिघे त्या राजधानीच्या शहराबाहेर जातात न जातात, तोच राजाने एका झाडाच्या फ़ांदीवर बसलेले पक्षी आपापसात चिवचिवत असलेले पाहिले.",mr,unknown,male
007880.wav,"माझे कोडे सोडवून मला खाली पाहावयास लावणारा माणूस हा पाहा मला दिसतो आहे, आता काय कारायचे मला जगून?'",mr,unknown,male
003290.wav,"यात्रा, उत्सव, विवाह याकरितां ज्योतिष लागें, पण त्याचीहि पुढें पुढें व्हावी तशी जोपासना झाली नाहीं.",mr,unknown,female
007755.wav,त्या थोर क्षमाशील शमीऋषींनी मला हा निरोप तुम्हाला सांगायला मुद्दाम पाठविलं आहे!,mr,unknown,male
009564.wav,तुमच्या सारखे लोक विद्यार्थांचे व ह्या महाविद्यालयाचे भवितव्य कसे घडवू शकणार?,mr,unknown,male
003191.wav,अमेरिकेतील ``द गिझर्स'' या ठिकाणी भूऔष्णिक ऊर्जेचे दोन निरनिराळे साठे आहेत.,mr,unknown,female
009701.wav,पराभव पत्करून अल्लाउद्दीन मागे परतत असतांना या कृष्णरावने त्याची भेट घेतली.,mr,unknown,male
008247.wav,खुनी माणसाचा मित्र असं आता लोक मला म्हणतील व हिणवतील.,mr,unknown,male
001052.wav,"मध्यरात्रीचा समय, सर्वत्र अंधार होता, मनूच्या मनात बाहेरच्या अंधाराहूनही अधिक काळाकुट्ट असा अंधार पसरला होता.",mr,unknown,female
004070.wav,ही भाजी कचोड्यांबरोबर बिहार्-युपी मध्ये कचोर्या किंवा कचोड्या म्हणतात पुर्यांना खातात.,mr,unknown,female
007252.wav,"भाविक पर्यायी म्हणून बैलगाडी, घोडागाडी शोधतात; पण काहीही उपलब्ध होत नाही.",mr,unknown,male
006707.wav,ग्रीसच्या दौऱ्याहून परतताना विमानात ते पत्रकारांशी बोलत होते.,mr,unknown,male
000273.wav,हा स्वाहाकार करायच्या आधी मला बोलायचेस तरी !,mr,unknown,female
002043.wav,मालकाने सेवकाला त्याला वर बोलावयाला सांगितले.,mr,unknown,female
004764.wav,प्रथम पूजेचा मानकरी होशील हो लंबोदरा !,mr,unknown,male
006364.wav,"त्यामुळे कर्जाला कंटाळून आत्महत्या केली असावी, असा अंदाज वर्तविण्यात येत आहे.",mr,unknown,male
006283.wav,"पण त्या शिक्षिकेनं, त्याचप्रमाणे त्या मुलाच्या आईनंही त्याचं मन वळविण्याचा बराच प्रयत्न करूनही, तो त्यांच ऐकेना.",mr,unknown,male
006388.wav,गेल्या काही वर्षांमध्ये ऍवॉर्डस्‌ सेरीमनीजच्या निमित्तानं होणाऱ्या इव्हेंटस्‌ प्रचंड चर्चेत असतात.,mr,unknown,male
001087.wav,आजूबाजूला रमणीय व विशाल वनराजी होती.,mr,unknown,female
006999.wav,या सगळ्याबरोबरच स्पायडरमॅनच्या या तिसऱ्या अवतारात आणखी एक मोठ्ठा बदल आहे.,mr,unknown,male
007638.wav,खरं ज्ञान सोडून नकली ज्ञानाला लोक भुलले.,mr,unknown,male
006606.wav,मिलॅनोमा हा एक दुष्ट अगर घातक त्वचाबुर्द.,mr,unknown,male
008043.wav,लक्ष्मी ही फार चंचल असते असा समज आहे.,mr,unknown,male
009707.wav,ते ऐकून सर्वांनी आपापल्या तलवारी बाहेर काढल्या.,mr,unknown,male
004323.wav,असाच कंटाळा ललिता गौरी कवळींच्या ऍना कॅरनीना अनूवाद वाचताना आला होता.,mr,unknown,female
008284.wav,"चित्रकूट हे पर्वताचे नावच त्या पर्वताची सुंदरता पटवून देते, तेथे भारद्वाज ऋषी राहिले.",mr,unknown,male
008894.wav,"पाहुणे जंगलात फिरायचे, रानमेवा खायचे, विहिरीत पोहायचे.",mr,unknown,male
005832.wav,सत्तरच्या दशकानंतर स्त्रीप्रधान चित्रपटांची लाटच आली.,mr,unknown,male
008422.wav,"बालकाचे रिकामे मन जे जे आजूबाजूला असेल, त्याची निवडानिवड न करता अधाशासारखे भराभर त्याचा संग्रह करीत असते.",mr,unknown,male
010480.wav,"अहंकाराचे रूप फार सूक्ष्म असते, सदैव सावध राहिले पाहिजे.",mr,unknown,female
006179.wav,शिवरायांनी ज्याप्रमाणे मुसलमान बादशाही तोडली त्याप्रमाणे शिवसेनाप्रमुखांनीही धर्मांध मुसलमानांच्या दाढीस आग लावली.,mr,unknown,male
009431.wav,काही भाविक गाढवावरील देवाला हार घालू लागतात.,mr,unknown,male
004710.wav,आमच्या रक्षणाचा व लालन पालनाचा भार तुझ्यावर टाकून आम्ही आपली धर्मकार्ये निश्‍चिंतपणे करू,mr,unknown,male
006833.wav,घामाने निथळत असलेल्या तोंडात एकच घोषणा होती.,mr,unknown,male
008934.wav,शेवटी ते सिध्द करण्याचा एक मार्ग त्यांनी निश्चित केला.,mr,unknown,male
010532.wav,"तो राजाला म्हणाला, महाराज, पक्ष्यांची भाषा जाणणारा एक बैरागी बाहेर आला असून, तो आपली भेट घेऊ इच्छितो.",mr,unknown,female
008170.wav,आयुर्वेदामध्ये पाणी कधी प्यावे याविषयी पुढील सूत्र दिलेले आहे.,mr,unknown,male
003479.wav,बाळ जन्मल्यावर लगेच अर्ध्या तासात पाजण्यासाठी अंगावर घेणे महत्त्वाचे असते.,mr,unknown,female
008378.wav,"हे फूल तुझ्यासारखेच आहे, तेही हसते व कोमजते, त्यालाही जीव आहे.",mr,unknown,male
003925.wav,`मंच' म्हणजे व्यासपीठ आणि मंचक म्हणजे पलंग.,mr,unknown,female
001749.wav,दुष्टांचा नैसर्गिक दुष्टावा संस्काराने बदलून तो सज्जन होणे कधीच शक्य नाही.,mr,unknown,female
000733.wav,त्या वेळी राहू कपटाने देवांच्या पंक्तीला बसून अमृत प्यायला.,mr,unknown,female
002554.wav,त्याने विष्णूवर विजय मिळविण्याची प्रतिज्ञा केली.,mr,unknown,female
007389.wav,ठीक आहे तर मग मी ह्या महाविद्यालयाचे विश्वस्त जे भारताचे मंत्री आहेत त्यांच्याशी बोलतो.,mr,unknown,male
005968.wav,"काहीही हो, तुम्हांला या उठाठेवी हव्यात कशाला",mr,unknown,male
002663.wav,सोसाट्याच्या वार्याने अरण्यांतली झाडें हलत होती.,mr,unknown,female
006568.wav,त्यापैकी अठ्ठावन्न पदवीधर किंवा द्विपदवीधर आहेत.,mr,unknown,male
007037.wav,"यासाठी पोव्हिडोन, पेरॉक्‍साईड, सुपर ऑक्‍साईड सोल्युशन, युसोलसारख्या औषधांचा वापर.",mr,unknown,male
003114.wav,तिथें जरा तर्क-शक्तीचा अभाव आहे.,mr,unknown,female
003304.wav,ज्योतिबिंदू व फलज्योतिषी असून उज्जयिनीच्या वेधशाळेचा संचालक होता.,mr,unknown,female
001345.wav,नीतूला मात्र आश्चर्य वाटले की कुणीही तिला वाढदिवसाचे गिफ्ट दिले नाही.,mr,unknown,female
009640.wav,त्याच्या जीवनात सर्वत्र निराशेचा अंधार पसरला.,mr,unknown,male
001691.wav,"सगळे कौतूकाने म्हणत, अजबच डोंगर आहे.",mr,unknown,female
008485.wav,सरकारी शेतसा-याच्या जवळजवळ चौथा हिस्सा खोताला फायदा असतो.,mr,unknown,male
010154.wav,सर्व देवतांची सुटका झाली व लक्ष्मीचे वर्चस्व अबाधित झाले.,mr,unknown,male
005049.wav,या गोष्टीवरून तरी तू तसाच मूर्खपणा करणार नाहीस.,mr,unknown,male
006087.wav,"सायन्स इन्स्टिट्युटमधल्या अतिशय मेहनती प्राध्यापक आणि तेही गणिताचे, म्हणाले होते.",mr,unknown,male
003309.wav,हा वेधशाळेचा संचालक असल्याने नेत्रवेध घेण्यांत पटाईत होता.,mr,unknown,female
001505.wav,त्यामुळे चॉकलेट आणि अन्नाचे सगळे कण आमच्या दातात अडकून रहातात.,mr,unknown,female
001807.wav,ही सूचना ऐकल्यावर सर्व पशु आपापल्या मुलांना घेऊन प्रतियोगितेच्या ठिकाणी हजर झाले.,mr,unknown,female
010551.wav,त्यावर उपाय म्हणून देवाने सूर्याला बारा तासांनंतर अस्त व्हायला सांगितले आणि बरोबर बारा तासांनी परत उदय व्हायला सांगितले.,mr,unknown,female
006487.wav,स्मृती सागरिका कानुनगो सकाळ न्यूज नेटवर्क,mr,unknown,male
003792.wav,उद्धव व राज ठाकरे यांच्या जन्मापासून हा संघर्ष आहे व सुरूच राहणार.,mr,unknown,female
005218.wav,पण आजपर्यन्त त्यांनी अशा नरभक्षकांना पाहिले नव्हते किंवा त्यांच्याबद्दल काही ऐकले नव्हते.,mr,unknown,male
010838.wav,"टीनाच्या आईला कळल्यावर आई म्हणाली, टीना, अग तुला गौरीला मदत करायला हवी, तुला जर एखादी गोष्ट येत नसेल तर तू तिला समजावून सांगायला हवीस.",mr,unknown,female
010423.wav,"शबरी सद्गदित झाली होती, ऋषिपत्नीने तिला पोटाशी धरले व म्हटले, बाळे शबरी, अधूनमधून येत जा हो आश्रमात, आम्हाला आता हे घर खायला येईल.",mr,unknown,female
001068.wav,उत्तर हिंदुस्थानात आर्यांच्या वसाहती सर्वत्र होण्यापूर्वीच ओढ्या प्रांतातून गलबतात बसून काही धाडसी आर्य खाली सिलोन ऊर्फ लंका बेटात गेले.,mr,unknown,female
007964.wav,"दानवांना कोणी शासक राहिला नाही, देवांना असुरांची भीती राहिली नाही.",mr,unknown,male
010391.wav,"तू त्या ताऱ्यांची प्रार्थना कर व म्हण, आजपासून हरणांना, मोरांना मी दुखवणार नाही.",mr,unknown,female
008844.wav,मुलांनाही आरोळया देतांना अगदी शिवाजीचे मावळे झाल्यासारखे वाटत होते.,mr,unknown,male
002697.wav,सर्व जमीनजुमला विकून दुसर्या गांवी रहायला जावे म्हणून निघाला.,mr,unknown,female
001849.wav,"एक कोळी होता, रोज मासे पकडायचे, ते विकायचे, आणि जे पैसे येतील त्यावर उपजीविका करायची असा त्याचा जीवनक्रम होता.",mr,unknown,female
004513.wav,"त्यामुळे, आणि विमलच्या एकंदर लाघवी स्वभावामुळे सर्वजण मनाने तिच्या जवळ जातात.",mr,unknown,female
010116.wav,घरातील सवाष्ण बायका गाईच्या पायावर पाणी घालतात.,mr,unknown,male
002432.wav,तुझ्या मुखांतून जे शब्द बाहेर पडले आहेत ते अमोघ आहेत.,mr,unknown,female
004661.wav,राज्याचा भार संभाळणे मला शक्य नाही.,mr,unknown,male
003436.wav,कधीकधी त्या मानेत हनुवटीखाली हाताच्या कोपराजवळ किंवा गुडघ्याच्या मागे येऊ शकतात.,mr,unknown,female
009229.wav,"ती पण त्याचं सांत्वन करू लागली, मग आनंदाच्या अश्रूंचा पूर आला.",mr,unknown,male
010269.wav,"सांग, मित्रा, तुझं मत सांग, तुला जे खरोखर वाटत असेल ते सांग.",mr,unknown,female
000143.wav,ब्र म्हणायचा अवकाश लगेच गाढवाचे नांगर फिरवतात.,mr,unknown,female
005587.wav,"याचनेस, गळफास म्हणालो, चुकले का हो",mr,unknown,male
009602.wav,"शेठजीला असे वाटले की, राजा जर मेला, तर त्याला जाळण्याकरता चंदनाच्या लाकडांची आवश्यकता लागेल.",mr,unknown,male
006724.wav,"व्यक्तिस्वातंत्र्याचा अतिरेक, स्वैराचार, चंगळवाद याही गोष्टी अशा हिंसाचाराला खतपाणी घालतात.",mr,unknown,male
006685.wav,"केरळ आणि राजस्थानी लोकांचे व्यवसाय, त्यांचा विकास केवळ पर्यंटनावर झाला आहे.",mr,unknown,male
005291.wav,"आपल्या मिशांवर हात फिरवीत, शड्डू ठोकत ते ओरडले.",mr,unknown,male
006365.wav,दोघांनाही समान हक्‍क असून त्यांच्या संरक्षण करणाऱ्या वनकर्मचाऱ्यांवर असे भ्याड हल्ले कदापि करण्यात येऊ नये.,mr,unknown,male
003410.wav,लठ्ठपणाप्रमाणे उपासमारीमुळे होणा-या कुपोषणानेही मधुमेह होतो असे सिध्द झाले आहे.,mr,unknown,female
001118.wav,उभयता मातापितरांनी मुलीला आश्रमात पाठविण्याचा निश्चय केला.,mr,unknown,female
001757.wav,विश्रांती घेता घेता तिथे पहुडलेल्या एकाची नजर झाडाच्या फांदीकडे गेली.,mr,unknown,female
000498.wav,"दुपारची वेळ होती, कडक उन्हामुळे अंगाची लाही लाही होत होती.",mr,unknown,female
009060.wav,"तो मासा, कसेबसे श्वास घेत कोळयाला म्हणाला, बाबा रे, मी तुझ्याकडे माझ्या प्राणांची भीक मागतो.",mr,unknown,male
000871.wav,झाडे अधिक आणि अधिक हिरवी दिसतात.,mr,unknown,female
003358.wav,इमारतीच्या अंतर्गत सजावटीमध्ये रंगीत प्रकाश मिळविताना बहुधा रंगीत काच फिल्टर म्हणून वापरली जाते.,mr,unknown,female
000913.wav,सध्याच्या काळात पर्यावरणात तमकणांचे प्रमाण वाढल्यामुळे तमोगुणाशी निगडित झाडांची उत्पत्ती जास्त प्रमाणात झाली.,mr,unknown,female
000722.wav,"तेव्हा ते सांगू लागले, राजा, पूर्वी देव व दैत्य यांनी समुद्रमंथन करून अमृत व इतर रत्ने काढायचे ठरवले.",mr,unknown,female
002806.wav,"लौकरच, आम्ही एक प्रचंड भूभागाला लागलो.",mr,unknown,female
010875.wav,पायवाट मोठी झाली की त्याचा मोठा रस्ता होतो.,mr,unknown,female
000887.wav,निसर्गाशी सहकार्य करूनच आम्हाला आमचा उत्कर्ष साधता येईल.,mr,unknown,female
010506.wav,"उत्साही परिस्थितीत, सहानुभूतीच्या वातावरणात काम करावयास मनुष्य कंटाळत नाही, उलट चार धंदे करण्यात धन्यता व आनंद मानतो.",mr,unknown,female
007933.wav,वरील चौदा रत्नांची वाटणी होत असता अमृत व सुरा याबद्दल वाद सुरू झाला.,mr,unknown,male
009773.wav,"पाच घंट्यांनंतर दुसरे शहर जवळ आले, त्या वेळी दोन्ही चोर त्यागराजच्या पाया पडले.",mr,unknown,male
010246.wav,"मनू जागा झाला, त्याच्या उशाशी रक्ताने माखलेला सुरा होता; तो दचकला.",mr,unknown,female
001521.wav,तिचे बाबा मासे पकडत तेंव्हा जाळ्यात अडकलेल्या माश्यांची तडफड तिला अस्वस्थ करुन जात असे.,mr,unknown,female
010188.wav,पावसाळा अनेक प्रकारे आम्हाला उपयोगी आहे.,mr,unknown,male
002747.wav,असे म्हणत त्याने मांत्रिकाचा हात पकडून त्याला जोरांत खाली ओढले.,mr,unknown,female
006849.wav,विदर्भ यूथ वेल्फेअर संस्था एक शे पाच,mr,unknown,male
006963.wav,स्पार्कची रचना आंतरराष्ट्रीय मोटार रचनाकार जिओगेट्टो जिऊजिएरो यांनी केली आहे.,mr,unknown,male
000315.wav,देवगिरीचा गड अभेद्य होता आणि त्यावरील सैन्य युद्ध पारंगत होते.,mr,unknown,female
001800.wav,काही दिवसांनी तो घोडा म्हातारा व निकामी झालेला पाहून त्याच्या मालकाने तो एका शेतकऱ्याला विकला.,mr,unknown,female
000328.wav,काहीतरी विशेष सूचना मिळाल्याविना पराजित होऊन गेलेला शत्रू पुन्हा आक्रमण करत नाही.,mr,unknown,female
009158.wav,"अन्यायाला हसत हसत सामोरा जाणारा आणि जीवनापेक्षाही भव्य असा एकलव्य आजही आपल्या स्मृतीमध्ये हुरूप उत्साह, कष्टांचा पायंडा आणि एक ठसठस बनून राहीला आहे.",mr,unknown,male
004205.wav,एल जी ट्रॉम ला माझे पण मत.,mr,unknown,female
005851.wav,महागाईमुळे कौटुंबिक सौख्य लाभत नाही तर तणाव वाढतो मुलांच्या लहानमोठ्या गरजादेखील पूर्ण करणे पालकांना अशक्य होते.,mr,unknown,male
005448.wav,खाऊन पिऊन झाल्यानंतर बोधिसत्व नदीकाठावर एक पंचा अंथरून झोपले.,mr,unknown,male
003130.wav,"पूर्वीचे खेडेगाव म्हणजे एक रम्य, निसर्गाच्या सान्निध्यात असणारे वसतीस्थान असायचे.",mr,unknown,female
001997.wav,त्याची चंद्रावर जाण्याची महत्वाकांक्षा तो आता पुर्ण करू शकणार होता.,mr,unknown,female
008113.wav,"मानवाचे स्वास्थ्य पर्यावरणावर अवलंबून आहे, त्यामुळे पर्यावरणाच्या स्वास्थ्याकडे लक्ष देणे अत्यावश्यक आहे !",mr,unknown,male
003969.wav,अंशात्मक रीत्या परशुरामाचे वास्तव्य चिपळूण जवळील महेंद्र पर्वतावर आहे असा भक्तांचा समज आहे.,mr,unknown,female
006923.wav,"पावस, गणपतीपुळे, हेदवी, वेळणेश्‍वर आणि मार्लेश्‍वर दर्शन घडविले जाईल.",mr,unknown,male
008409.wav,"मी निर्दोष होत आहे, हळूहळू उन्नत होत आहे, ही ज्याला जाणीव आहे, तो मोठाच होत आहे.",mr,unknown,male
001974.wav,दुसऱ्या दिवशी मुख्याध्यापकांनी वर्ग आठच्या विद्यार्थ्यांची बालसभा घेतली.,mr,unknown,female
000337.wav,तो अल्लाउद्दीनला मिळाल्याचे समजताच तिच्या तळपायाची आग मस्तकात गेली होती.,mr,unknown,female
002765.wav,"उंटावर स्वारी करणारा डाकू खाली पडला होता, त्याचा उंट घाबरुन क्षत्रिय तरुणांच्या झोंपडीच्या मागच्या बाजूला पळायला लागला.",mr,unknown,female
008688.wav,ताप आलेला असतांनाही आपण आईशी किती वाईट बोललो हे आठवून त्याला खूप वाईट वाटले.,mr,unknown,male
000276.wav,"माझ्या रामायणाला तुझे हे उत्तरकांड जोडीन, म्हणजे रामायण पूर्ण होईल.",mr,unknown,female
002986.wav,"त्याच्या जोडीला, आपल्या सेवकांपैकी अर्धे सेवकही त्याच्या ताब्यात दिले.",mr,unknown,female
006819.wav,अगदी छिन्नविछिन्न अवस्थेत रूपालीचा मृतदेह पडला हो तारीख सिगारेट पाकीट व लायटरही पडले होते.,mr,unknown,male
007051.wav,प्राण्यांच्या कातडी साठाप्रकरणी काही कागदपत्रे संशयास्पद आहेत.,mr,unknown,male
003478.wav,अशा जंतूंचा प्रसार झाला तर हळूहळू सर्व कार्यक्रमालाच खीळ बसू शकते.,mr,unknown,female
006330.wav,गुणे गुरुजींच्या या चातुर्यपूर्ण हल्ल्याने सगळे टवाळखोर भुईसपाट झाले.,mr,unknown,male
003559.wav,ज्या शहरात मैलापाणी योजना आहे तिथे सेप्टिक टँक त्याला जोडलेले असतात.,mr,unknown,female
006743.wav,म्हणजे ते चित्र पायदळी तुडवल्याचा आक्षेप नको.,mr,unknown,male
002810.wav,डायनॉसॉरने त्याला हळूंच गुहेच्या तोंडाशी ठेवले आणि माझ्याकडे बघून रॉबिनने मिशा हलवल्या.,mr,unknown,female
009979.wav,अशा रीतीने प्रियमेधानंतर नवव्या पिढीत साकमश्व जन्मला.,mr,unknown,male
004862.wav,लग्नानंतर आपल्या भोळ्या पतीला अर्धे खाणारी महापातकी आहेस नं,mr,unknown,male
007932.wav,"समुद्रमंथनाच्या वेळी मंदराचल पर्वत खाली जाऊ लागला, तेव्हा विष्णूंनी कूर्मरूप धारण करून तो वर उचलला.",mr,unknown,male
005247.wav,त्या बोलण्यावर अस्वलाचे कातडे पांघरलेला माणूस जोराने हसायला लागला आणि म्हणाला.,mr,unknown,male
003417.wav,गुदद्वारातून बोट घालून तपासले असता प्रॉस्टेट ग्रंथींची वाढ आणि निबर-घट्टपणा जाणवतो.,mr,unknown,female
000308.wav,झोपडीत आल्यावरही चार फूट उंचीच्या दरवाजातूनवाकून माझ्याकडे आलास.,mr,unknown,female
003909.wav,"एकोणीस वे शतक, प्रिन्स ऑफ वेल्स म्युझियम",mr,unknown,female
008345.wav,"ही उषा लवकर उठणाऱ्याला संपत्ती देते, ही आकाशदेवतेची मुलगी आहे.",mr,unknown,male
000349.wav,त्या वेळी त्यांच्या गावात शाळा नव्हती.,mr,unknown,female
005919.wav,ति घरातल्यांसाठी त्यांचा गरजा पुर्ण व्हाव्यात म्हणून राबराब राबते.,mr,unknown,male
000827.wav,असुरांबरोबर इंद्रदेव यांनी महर्षि दुर्वास यांच्या शाप निवाराणास समुद्र मंथन केले.,mr,unknown,female
005297.wav,मयुरी औरोच्या जवळ उभी होती आणि तिच्या चेहेर्‍यावर वेगळच हसु खेळत होतं.,mr,unknown,male
010403.wav,"सकाळच्या वेळी फुलांचे हृदय, भीतीने कापत असते, आपली मान मुरगळण्यास कोण खाटीक येतो, इकडे त्यांचे लक्ष असते.",mr,unknown,female
008826.wav,रात्री घरी जाऊन त्याने परीला बोलावले पण ती काही आली नाही.,mr,unknown,male
004483.wav,"माधुरी ताईंचे पालकांसाठीचे उपक्रम ही छान असतात, तेवीस दा अटेंड केलेले.",mr,unknown,female
007922.wav,रुद्राचा हा दयाळूपणा पाहून नाभाला फार नवल वाटले.,mr,unknown,male
003683.wav,म्हातारीची पाटी डिकीत टाकलि आणि तिला आपल्या बाजूच्या सीटवर बसायला सांगितलं.,mr,unknown,female
007745.wav,"त्याच्या अपराधाबद्दल क्षमा करण्याचे सोडून त्याला शापाने मृत्यूची शिक्षा देणे, हे आपणासारख्या ब्रह्मनिष्ठांना शोभत नाही!",mr,unknown,male
009834.wav,झपाझप पावले टाकीत निघून चाललेल्या राजाला त्या ऋषिकुमारांनी हाका मारल्या.,mr,unknown,male
002054.wav,संपूर्ण वेद वेदांगाचा अभ्यास करून गुरूची परवानगी घेऊन हे दोघे घरी परत आले.,mr,unknown,female
010520.wav,एकदा तो प्रधान शिकारीसाठी रानात बराच दूरवर गेला असता त्याला एका झाडाखाली जप करीत बसलेला साधू दिसला.,mr,unknown,female
000072.wav,ती साखळी सोन्याची झाली होती.,mr,unknown,female
006654.wav,यापूर्वीही बाळेजवळ अशीच जबरी चोरी झाली होती.,mr,unknown,male
009159.wav,"हा वर्ग आठवा, वर्गात एकंदर पस्तीस विद्यार्थी-विद्यार्थिनी आहेत.",mr,unknown,male
007557.wav,जटीलला अभ्यासाची फारच आवड होती.,mr,unknown,male
008952.wav,"इतकेच नाही, तर बाहेरचे कोणी कळपातून मेंढरू न्यायला आले नाही तर, तो कळपांत वाढलेला लांडगा, स्वत:च गुपचूप एखादे मेंढरू ठार करी, व मेजवानीचा आनंद लुटी.",mr,unknown,male
005357.wav,असे तो नोकर भयंकर चिडलेल्या आवाजात म्हणाला.,mr,unknown,male
001667.wav,निर्मळ मनाची गौरी टीनाला मदतीची परतफेड कशी करता येईल हयाची संधी शोधत होती.,mr,unknown,female
005571.wav,"श्रोत्यांचा ओघ एकएक करून सुरू असतो, मांडवात आता व्यवस्थीत गर्दी झालेली असते.",mr,unknown,male
007445.wav,आपण तरुण धडधाकट असूनही घोड्यावर बसला आहे आणि बापाला पायी चालवतो आहे!,mr,unknown,male
007787.wav,"सत्यकाम म्हणाला, `आई, पण गुरुजी माझे सबंध गोत्र विचारतील ना, काय ग माझं गोत्र?'",mr,unknown,male
010501.wav,"सासरची मंडळी गावात सरदार म्हणून मानली जात, निदान ते तरी स्वत:ला तसे समजत.",mr,unknown,female
001446.wav,आजोबांनी हा प्रश्न विचारल्यावर आदितीने घाबरुन खोलीत आई नाही ना ह्याची खात्री करुन घेतली.,mr,unknown,female
006316.wav,तेव्हा त्यांच्यापेक्षा तू मलाच आधिक मानले पाहिजेस.,mr,unknown,male
008444.wav,मी माझ्या एकेका दुर्गुणाला खोल खड्डे खणून गाडून टाकत आहे.,mr,unknown,male
001696.wav,पायवाट मोठी झाली की त्याचा मोठा रस्ता होतो.,mr,unknown,female
002893.wav,मयुरी औरोच्या जवळ उभी होती आणि तिच्या चेहेर्यावर वेगळच हसु खेळत होतं.,mr,unknown,female
010936.wav,विश्रांती घेता घेता तिथे पहुडलेल्या एकाची नजर झाडाच्या फांदीकडे गेली.,mr,unknown,female
001575.wav,"अगं, पण नीना आज हे बूट सीमा घालणार आहे, तिने तसे आम्हाला अधीच सांगून ठेवले आहे, आईने शांतपणे नीनाला समजावले.",mr,unknown,female
003204.wav,फ्लुरोसंट दिव्यामध्ये पाऱ्याचा वापर करण्यात येतो.,mr,unknown,female
004406.wav,नीरजा त्या फोटुत तु आहेस हे शोधत बसलो.,mr,unknown,female
001631.wav,अनिकेत मात्र कोल्डड्रिंक्स आणि भलमोठं वेफर्सच पाकीट खात होता.,mr,unknown,female
009215.wav,"मग झ-याने या स्वराला सांगितले, 'हे स्वरा, तू जेव्हा जेव्हा माझ्याजवळ येशील तेव्हा तेव्हा तुला एक उत्सफूर्तता येईल गाणे गायला.",mr,unknown,male
001882.wav,"गुरूंच्या आशीर्वादासाठी, त्यांच्या शिकवणीसाठी तसेच गुरूंच्या प्रति निष्ठा व्यक्त करण्याचा हा दिवस आहे.",mr,unknown,female
005113.wav,"आपल्या राज्यात न्यायव्यवस्था समाधानकारक नाही, असे तुला वाटते का",mr,unknown,male
005709.wav,राहुटीच्या खाली प्रत्येकाने आपला डाव सजविलेला असतो.,mr,unknown,male
005075.wav,केयूर देशात वीरदत्त नावाचा एक तरुण होता.,mr,unknown,male
007402.wav,"ज्या वेळी तो हे रागाने सांगत होता, त्या वेळी गुरु आनंदाने परमात्म्याला सांगत होते.",mr,unknown,male
009669.wav,"त्याला खरीच तळमळ असेल, तर त्याने माझ्या झोपडीत शिकायला यावे.",mr,unknown,male
006750.wav,म्हटल्यावर भैय्याच्या नावानं आपल्या तोंडून अर्वाच्च शिव्या बाहेर पडू लागतात.,mr,unknown,male
000849.wav,तिलाच लक्ष्मी मानून तिच्यावर पाणी घालून हळद-कुंकू वाहून घरात वापरण्यास सुरूवात करतात.,mr,unknown,female
010078.wav,त्यासाठी प्रल्हादाला सावध केले पाहिजे.,mr,unknown,male
010625.wav,आज त्यांनी त्याबद्दल मुलांना विचारायचे ठरवले.,mr,unknown,female
007075.wav,पोलिसांच्या क्रेन मागणीचा प्रस्ताव निधी अभावी धूळ खात पडून आहे.,mr,unknown,male
002878.wav,मग दरबारी निघून गेले व हकीमने राजवाड्याकडे धाव घेतली.,mr,unknown,female
000187.wav,तुमच्या सारखे लोक विद्यार्थांचे व ह्या महाविद्यालयाचे भवितव्य कसे घडवू शकणार?,mr,unknown,female
003780.wav,"आपल्या बायकांमुलांना ताकीद दिली कीं, हिला कोणीं चावूं नका.",mr,unknown,female
001831.wav,चांगल्या हेतूने होणा-या मैत्रीलाही परिस्थितीच्या नैसर्गिक मर्यादा असतात.,mr,unknown,female
008122.wav,त्यामुळे योग्य उपचार करणे अशक्यच झाले आणि जिवाची क्षमता कमी झाली.,mr,unknown,male
002960.wav,आपल्याला आज मस्त जेवण मिळणार आहे.,mr,unknown,female
010120.wav,पुष्कळ स्त्रियांचा या दिवशी उपवास असतो.,mr,unknown,male
009685.wav,झोपडीत आल्यावरही चार फूट उंचीच्या दरवाजातूनवाकून माझ्याकडे आलास.,mr,unknown,male
005447.wav,बोधिसत्वांनी सवयीप्रमाणे खायला घेतलेल्या फराळाच्या सामानापैकी थोडे उरविले आणि ते नदीच्या पाण्यात फेकून दिले.,mr,unknown,male
001235.wav,"श्याम भरल्या आवाजाने म्हणाला, माझ्या स्वत:च्या पूर्वजीवनाची स्मृती करणे मला फार शोकदायक वाटते.",mr,unknown,female
007190.wav,"प्रभाग पाच, फ्रान्सिस्को जुवांव रिबेलो एक शे तेरा, रोकोझिनो सांतान फर्नांडिस, एक्केचाळीस.",mr,unknown,male
003916.wav,धग ओढुनी संधेवानी आभाळ पसरले होते,mr,unknown,female
000447.wav,मग आम्ही गुर्जर प्रांतात निवास केला.,mr,unknown,female
005840.wav,अतिपरिचयात अवज्ञा एखादी गोष्टा चिरपरिचित झाली की तिचे महत्त्व वाटेनासे होते.,mr,unknown,male
000845.wav,"पाटावर रांगोळी काढून तांदूळ ठेवतात, त्यावर वाटी किंवा तबक ठेवतात.",mr,unknown,female
005202.wav,इतके लोक आत राहू शकतील असं बाहेरच्या लोकांना समजणार देखील नाही.,mr,unknown,male
006959.wav,स्थानिक पातळीवर हा उपक्रम राबविण्यासाठी इश्‍यूसहित दोन संस्थांची निवड झाली.,mr,unknown,male
006527.wav,असे नानाविध टोमणे मालेगावकरांच्या कपाळावर लिहिली गेली आहेत.,mr,unknown,male
002441.wav,पार्वती मोठया कष्टाने आपले सगळे दुःख विसरली व मुलास कडेवर उचलून घेवून तिने त्याची दृष्ट काढली.,mr,unknown,female
003104.wav,"रावणाने तिचा बुचडा धरला, म्हणून ती योगाग्नीने जळून गेली आणि लंकेत जन्मली.",mr,unknown,female
009403.wav,"पुजारी तर देवाला काहीच देत नाही, तरी त्याला देव कसा दर्शन देतो.",mr,unknown,male
008178.wav,ते पाणी रोग्याने एकाएकी न पिता दिवसभरातून थोडे थोडे प्यावे.,mr,unknown,male
006823.wav,डॉक्टर कराड यांनी अध्यक्षीय मनोगत व्यक्त केले.,mr,unknown,male
006095.wav,"मुंबईतील हिन्दी, गुजराती इतर भाषिक विद्वानांना मात्र ही गोष्ट पटलेली आहे.",mr,unknown,male
001295.wav,त्याने ती हळूच त्या गोसाव्याला सांगितली.,mr,unknown,female
008263.wav,"तो रस्ता चालू लागला, बहुळा नदीच्या तीरावर तो आला.",mr,unknown,male
005519.wav,झोप पुर्ण न झाल्याची ब्रेकींग न्यूज दिवसभर कवटीच्या आतबाहेर रेंगाळणार होती.,mr,unknown,male
009877.wav,जबाला गरीब असूनही फार प्रामाणिक होती.,mr,unknown,male
005068.wav,तुला मी उदाहरण म्हणून कनकसेन राजाची गोष्ट सांगतो.,mr,unknown,male
003443.wav,जुलै मध्ये हरियाणा पोलिसांना भेसळयुक्त दुग्धजन्य पदार्थांचे साठे सापडले.,mr,unknown,female
009247.wav,"शेठजींनी त्याला जवळ घेतले, पाठीवरून हात फिरवला, 'बाळा आता मला काहीं काळजी नाहीं कारण खर्‍या कष्टाची किंमत तुला आज कळली.",mr,unknown,male
009513.wav,त्यांनाच विचारले तात्या इथे शिवराय कुठे राहतात.,mr,unknown,male
009134.wav,"तुम्ही आश्चर्यचकित होऊन विचारलंत मला, की कोणाकडे ही विद्या शिकलास?",mr,unknown,male
007347.wav,ब्र म्हणायचा अवकाश लगेच गाढवाचे नांगर फिरवतात.,mr,unknown,male
000777.wav,आजी आजोबांचे औषध पण झाडांपासून बनते.,mr,unknown,female
010635.wav,आजोबांनाही ही माहिती नवीनच होती.,mr,unknown,female
002154.wav,"इकडे कावळयाला खूप भूक लागली होती, पण सगळीकडे पाणीच पाणी झाले",mr,unknown,female
005559.wav,"श्वासांच्या शर्यतीत जिंकण्याच्या विलक्षन ध्यासाने पेटलेलो,",mr,unknown,male
004921.wav,तर तुला त्या माकडांचीच मदत घ्यावी लागेल!,mr,unknown,male
009240.wav,"बारा वाजे पर्यंत हिंडला, काम मिळेना, पोटात कावळे कोकलायला लागले.",mr,unknown,male
010393.wav,"माझ्यासाठी तुम्ही वाईट वाटून घेऊ नका, मी आजपासून बाणाच्या टोकाने हरणांना टोचणार नाही, पक्ष्यांची पिसे उपटणार नाही.",mr,unknown,female
009160.wav,"या वर्गाल विद्यार्थी सर्व कार्यात पुढेच पुढे, ती वर्गसजावट असो वा ग्रामसफाई, वर्गातील कार्यक्रम असोत वा स्नेहसंमेलनातील स्पर्धा.",mr,unknown,male
003137.wav,संगणकाने कलेत प्राविण्य मिळविणे सोडा त्याला साधी कला समजली तरी त्याला बुध्दीमान म्हणावयास हवे.,mr,unknown,female
009227.wav,मग स्वर आपल्या स्वरात आपण केलेल्या चूक सावरून आपल्या झ-याकडे आल्याचे एक मधूर गाणे गाऊ लागला.,mr,unknown,male
005463.wav,आपत्काळी तू योग्य ठिकाणीच आलेला आहेस!,mr,unknown,male
007801.wav,"गौतम मृदु स्वराने म्हणाले, `काय पाहिजे तुला बाळ?'",mr,unknown,male
008890.wav,"एक छोटसं पण काठोकाठ भरलेलं तळ होतं, तळयात सुळसुळणारे मासे होते.",mr,unknown,male
003184.wav,पृथ्वीवरील वातावरणातील हवेच्या हालचालीमुळे आपल्याला पवन ऊर्जा मिळते.,mr,unknown,female
009104.wav,"मी भिल्लाचा पोर आहे, मला तुमच्या ऋचा ठाऊक नाहीत.",mr,unknown,male
008179.wav,"ज्यांना पाव, ब्रेड यांसारखे मैद्याचे पदार्थ खाणे टाळता येत नाहीत, त्यांनी असे पदार्थ खातांना मध्ये मध्ये कोमट पाणी प्यावे, म्हणजे ते पदार्थ पचतात.",mr,unknown,male
003200.wav,त्यामुळे स्त्रोतापासूनच आपल्याला हव्या त्या रंगाचा प्रकाश मिळवणे शक्य होते व ऊर्जेचा संपूर्णत वापर करता येतो.,mr,unknown,female
010371.wav,"ती पहा, अमृताची जणू काय ध्वजाच, अमर जीवनाची जणू पताकाच अशी उषा येत आहे.",mr,unknown,female
001290.wav,प्रजा घरेदारे सोडून दुसऱ्या राज्यात जाऊ लागली असताना तुम्ही केवळ राम राम म्हणत राहून स्वत:चीच मुक्ती साधणार आहात काय.,mr,unknown,female
004582.wav,साधारणपणे एसआयपी फंड्स वर्षाला वीस ते चाळीस टक्के डिव्हिडंड देतात.,mr,unknown,female
007454.wav,"सगळ्या जगाला प्रसन्न करणे कठीण आहे, भगवंताला प्रसन्न करणे सोपे आहे.",mr,unknown,male
009791.wav,एक सुंदर तरुण स्त्री मोठ्या काळजीत बसली होती.,mr,unknown,male
010447.wav,"आई देह देते व मनही देते, जन्मास घालणारी तीच व ज्ञान देणारीही तीच.",mr,unknown,female
008160.wav,"वेळेवर न जेवल्यास शरीरस्वास्थ्य आणि मनस्वास्थ्य बिघडू शकते, तसेच आध्यात्मिक स्वास्थ्यही बिघडते.",mr,unknown,male
004107.wav,भारी तीक्ष्ण नजरेची पोर आहे होऽऽऽ आणि तुझ्या काकीबायची आवडती पण.,mr,unknown,female
004127.wav,शिवाय स्वयंपाकघराला बाहेरच्या पॅसेजमध्ये उघडणारी एक उंचावरची खिडकी होती झडप असलेली.,mr,unknown,female
008995.wav,कोणीही काही त्याबाबत माहीत असल्याचेही सांगेना.,mr,unknown,male
003967.wav,"त्यांचे कर्ज माफ व्हावे यासाठी उद्धव ठाकरे यांनी विदर्भासह महाराष्ट्रात अक्षरशः रान उठविले, झंझावती दौरे केले.",mr,unknown,female
001880.wav,असं बोलून घोडेस्वाराने घोडयाला टाच् मारली.,mr,unknown,female
009298.wav,मागून मला कळले मला वाचवणारे सुप्रसिध्द लेखक खांडेकर होते.,mr,unknown,male
010181.wav,सायंकाळी चंद्राची कोर दिसल्यानंतर बहीण प्रथम चंद्रकोरीस व नंतर भावाला ओवाळते.,mr,unknown,male
006538.wav,"फझान हुसेन या छायाचित्रकाराला चित्रपट बनताना जे जग, वातावरण निर्माण केले जाते, त्याबद्दल कुतूहल आहे.",mr,unknown,male
005458.wav,मगधचे राज्य सुसंपन्नस्थितीत असताना एकदा बोधिसत्व त्या राजाच्या दरबारी कोषाध्यक्ष म्हणून काम करीत असत.,mr,unknown,male
006217.wav,सुब्रह्‌मण्यम्‌ यांच्या मतदारसंघात ते हा कर रद्द करण्याचे आश्वासन देतात.,mr,unknown,male
003588.wav,लहान मुलांना जंत होऊ नये म्हणून वावडिंगाचा वापर करावा.,mr,unknown,female
009630.wav,"त्याला ओटूक्कूत्तन नावाचा मित्र होता, तोही मोठा विद्वान होता.",mr,unknown,male
003866.wav,तीन-तीन घड्यांच्या वळकुटी गळ्यात अन्न न मांस लोटण्याचा,mr,unknown,female
002149.wav,"एवढयात त्याला आठवल, चिमणीच घर शेजारीच आहे.",mr,unknown,female
004132.wav,वरच्या पालेभाज्यांध्ये मी अशीही करते एक-दोन वेळा,mr,unknown,female
001037.wav,"मनू, मनुष्याच्या मनात केव्हा काय येईल त्याचा नेम नसतो, निर्मळ आकाशात केव्हा काळे ढग येतील ते काय सांगावं.",mr,unknown,female
000637.wav,इतक्यात एक पाणबुडा पक्षी तेथे उडत आला.,mr,unknown,female
010567.wav,त्यामुळे आंब्यांचा चट्टा मट्टा झाला की नम्रता आंब्यांच्या जातीप्रमाणे त्यांची वर्गवारी करुन ठेवायची.,mr,unknown,female
004135.wav,अशा या निसर्गरम्य हेदवी गावास स्वच्छ व सुंदर समुद्रकिनारा लाभला आहे.,mr,unknown,female
006453.wav,"या शिवाय सुमो, ट्रॅक्‍स किंवा खासगी वाहनातूनही प्रवासी वाहतूक होते.",mr,unknown,male
001084.wav,प्रेमाने व निर्लोभतेने येथील लोकांची हृदये वश करुन घेऊन सुंदर ज्ञान व पवित्र आचार हे ऋषी त्यांस शिकवू लागले.,mr,unknown,female
000862.wav,"तेव्हा बिजेच्या कोरीप्रमाणे बंधूप्रेमाचे वर्धन होत राहो, ही त्यामागची भूमिका आहे.",mr,unknown,female
005213.wav,निदान जराशी कृतज्ञता वाटू दे कीं!,mr,unknown,male
000904.wav,आपल्या अवतीभोवतीचे वातावरण म्हणजे पर्यावरण !,mr,unknown,female
000192.wav,कृपया भारत देशाला महाविद्यालया एवढेच महत्व देऊन उच्चशिक्षित लोकांची भरती आपल्या सरकार मध्ये करावी.,mr,unknown,female
000110.wav,"बऱ्याच दिवसांच्या टाइम पास नंतर, आज इथे तिला प्रत्यक्ष पहायचं होत.",mr,unknown,female
006027.wav,मुंबईची मराठी भाषा हल्ली खिचडी भाषा झाली आहे.,mr,unknown,male
004456.wav,आणि दसरा दिवाळीचे दिवसातील लवकर येणारी सांयकाल तर विलक्षण असते,mr,unknown,female
001943.wav,टाळून टळण्यातला शिष्य मी नाही.,mr,unknown,female
006393.wav,जेवणाच्या आधी तसेच नंतर औषध घेण्याला सामुद्‌ग औषध घेणे म्हणतात.,mr,unknown,male
004332.wav,पण तिला मुळातच स्ट्रेंजर्स एंक्झाईटी होती.,mr,unknown,female
009703.wav,ते वृत्त कानी पडताच राजा रामदेवाने त्वरेने हालचाल केली.,mr,unknown,male
010052.wav,पण राहूच्या पोटातील अमृतामुळे ते धड नाश पावेना.,mr,unknown,male
005928.wav,कवितेमधील प्रत्येक ओळ ही आपल्या जागी एक संपूर्ण अभिव्यक्ती असलेली स्वतंत्र आणि सार्वभौम कविताच असते.,mr,unknown,male
002041.wav,स्वकष्टाची कमाई तीच खरी कमाई.,mr,unknown,female
009593.wav,आधी तो गवत्या वाघ मांस खायला सिद्ध होईना.,mr,unknown,male
008225.wav,"मनूला काही समजेना, तो वेड्याप्रमाणे बघू लागला.",mr,unknown,male
004879.wav,पुढे काही दिवसांनी त्याचा मालक भागवत्तोम ब्राह्मणसुद्धा निवर्तला.,mr,unknown,male
004660.wav,राजधानीतले प्रमुख नागरिक व काही शेतकरी पण आले.,mr,unknown,male
009633.wav,दोघांचीही रामायणे स्वतंत्रपणे चालू झाली आणि यथावकाश ती पूर्णही झाली.,mr,unknown,male
002776.wav,” असे म्हणून चार चोर नदीच्या बाजूला पळायला लागले.,mr,unknown,female
004146.wav,स्पेनमध्ये प्रसिद्ध असलेली एक स्कॉच ओपन होण्याच्या प्रतीक्षेत टीपॉयवर थांबलेली होती.,mr,unknown,female
002324.wav,उलट दोघांनी त्यांच्या आज्ञेचा भंग केल्यासारखे होईल!,mr,unknown,female
000763.wav,अशा स्थितीत पृथ्वीवरील यज्ञयागादी क्रिया बंद पडतील.,mr,unknown,female
005922.wav,एका सुशिक्षीत पुरुषाने केलेला हा मानसीक छळच नाही का,mr,unknown,male
002618.wav,पुष्पानगरचा राजा सुशांत एक सूज्ञ आणि सुस्वभावी राजा होता.,mr,unknown,female
002412.wav,भूदेवीने विष्णूचे स्मरण करुन; तिचा उद्धार करायला त्याची करुणा भाकली.,mr,unknown,female
001095.wav,"जरी त्या रानटी लोकांना प्रथम प्रथम विशेष समजत नसे, तरी त्या पावन वातावरणाचा, ऋषींच्या व्यक्त्तिमाहात्म्याचा त्यांच्या मनावर संस्कार झाल्याशिवाय राहत नसे.",mr,unknown,female
006066.wav,आमच्या मराठी बांधवांनीही हे लक्षात ठेवावे की आम्ही इंग्रजी भाषेचा निःपात करायला सज्ज झालो आहे.,mr,unknown,male
010521.wav,"प्रधानाने घोडयावरुन उतरुन व त्या साधूजवळ जाऊन त्याला नमस्कार केला असता साधूनं त्याला विचारलं, कोण तुम्ही.",mr,unknown,female
004590.wav,पण प्रत्येकाच्या वयाप्रमाणे रिटर्न गिफ्ट आणणे माहीच्या आई बाबांना शक्य नव्हते.,mr,unknown,female
006035.wav,अशी धोरणे रेटणाऱ्यांची प्रजा ही संस्कृतीहीन व केवळ पोटभरुच असणार.,mr,unknown,male
006752.wav,सध्या सोसायटीकडे तेरा कर्मचारी असून यात टोंक येथील पशू इस्पितळातील सर्जनचाही समावेश आहे.,mr,unknown,male
003136.wav,कारण आपले संगणक फक्त तर्कावर आधारिलेल्या माहितीचाच विचार करू शकतात.,mr,unknown,female
006862.wav,"ट्रेक्‍समध्ये गावं, फॉरेस्ट, ऑरचार्डस्‌, फार्मस्‌मधून सैर करणं.",mr,unknown,male
005041.wav,ते पदार्थ चांगले बनले नाहीत म्हणून राजाने त्या आचार्‍यांना नोकरीवरूनच नाही तर राज्याबाहेर ताबडतोब हाकलून दिले.,mr,unknown,male
010090.wav,आजी आजोबांचे औषध पण झाडांपासून बनते.,mr,unknown,male
005429.wav,"त्याचे सौंदर्य पाहून त्याच्या मालकाला तर आनंदच झाला, इतर लोकांनाही तो हवाहवासा वाटे.",mr,unknown,male
003806.wav,जगप्रसिध्द निग्रो कृषितज्ज्ञ जॉर्ज वॉशिंग्टन कार्व्हर जन्मदिन.,mr,unknown,female
000885.wav,मराठी भाषा ही इसवी सनाच्या आधीही होती असे सिद्ध करण्याचा प्रयत्न हरी नरके करित आहेत.,mr,unknown,female
002655.wav,"त्याच झाडाखाली गण्डकमृग जमातीचे चार लोक होते, ते तर भीतीने थरथर कापूं लागले.",mr,unknown,female
006419.wav,कुरकुरे फॅमिलीत फिट होईल असं दुसरं पात्रं म्हणजे कुरकुरे वहिनी!,mr,unknown,male
007446.wav,हे ऐकून दोघेही घोड्यावर बसले.,mr,unknown,male
010100.wav,"नारळपाणी रक्तविकार नाशक, वात-पित्त नाशक आणि शक्तीवर्धक असते.",mr,unknown,male
000465.wav,"आता ह्याला एक उपाय आहे, तो असा की, भागवत धर्माचं आचरण पुन: या जगानं केलं पाहिजे.",mr,unknown,female
008119.wav,सध्याच्या काळात पर्यावरणात तमकणांचे प्रमाण वाढल्यामुळे तमोगुणाशी निगडित झाडांची उत्पत्ती जास्त प्रमाणात झाली.,mr,unknown,male
008664.wav,आजोबांचे आश्वासन ऐकून मुलांनाही उत्साह आला.,mr,unknown,male
006856.wav,"हे मुखवटे पांगारा, वड यांसारख्या प्रजातींच्या झाडांपासून बनवले गेले आहे.",mr,unknown,male
004275.wav,झोप लागावी म्हणुन त्यांनी रात्री फिनार्गंद द्यायला सांगितलेय्.,mr,unknown,female
005193.wav,डोळची पापणी न हलवता जीवदन्त त्या पडक्या घरांकडे पहात राहिला.,mr,unknown,male
007188.wav,"प्रभाग पाच, ऑलास्त्रिको आंतोनियो रॉड्रिग्ज एक शे तेवीस, जेसी फर्नांडिस शहाण्णव.",mr,unknown,male
010604.wav,तिला चांगले वाटावे म्हणून बागेतून काडया-पाने गोळा करुन तिच्यासाठी छानसे घरटेही तयार केले.,mr,unknown,female
005301.wav,खूप वर्षांपूर्वी रामसेन नावाचा एक राजा होता.,mr,unknown,male
002203.wav,ती काही शिळोप्याच्या गप्पा मारायला इथं आली नाहीये.,mr,unknown,female
007349.wav,हे सगळे ऐकुन महाराजांच्या गालाचे कल्ले थरारले.,mr,unknown,male
008080.wav,"रस्ते चिखलाचे होतात, पाऊस पाणी रस्त्यांवर वाहते.",mr,unknown,male
001263.wav,"माहेरची गडीमाणसे कांडपिणी, पुढे मोठेपणीही जेव्हा माझ्या आईला 'बयो' म्हणून हाक मारीत, तेव्हा ती हाक किती गोड वाटे.",mr,unknown,female
007111.wav,पूर्वीचे रूळ पूर्णपणे उखडले गेले आहेत.,mr,unknown,male
000976.wav,"जेवणापूर्वी पाणी प्यायल्यास भूक मंदावते, जेवण न्यून जाते आणि व्यक्ती कृश होते.",mr,unknown,female
007061.wav,राज्यासमोरील समस्यांचा प्राधान्यक्रम सिक्‍स सिग्मा प्रणाली वापरून निश्‍चित करणे शक्‍य आहे.,mr,unknown,male
005867.wav,"ठीकआहे, जरा निवांत पडतो, मी एक सुस्कारा सोडून तिला सांगितलं आणि डोळे शांतपणे मिटून रिलॅक्सपणे पडलो.",mr,unknown,male
004926.wav,रावण नित्य सवयीप्रमाणे प्रातःकालीच त्या सरोवरात स्नानसंध्या आटोपून शंकराच्या पूजेसाठी कमळे आणायला गेला.,mr,unknown,male
000942.wav,असा अनुभव या अभ्यासाअंती नोंदवण्यात आला आहे.,mr,unknown,female
005264.wav,तसे असेल तर तू अतिशय सावध असायला हवेस.,mr,unknown,male
004724.wav,पण रामाला यत्किंचित देखील राग आला नाही.,mr,unknown,male
002388.wav,शंकर स्तब्ध उभा असतां पार्वती आपल्या बाळाच्या देहावर पडून रडत होती.,mr,unknown,female
010647.wav,शाळेतल्या मित्रांना त्याचा हेवा वाटायचा.,mr,unknown,female
005022.wav,त्याचबरोबर मी तुला या मुनीवर विश्वास ठेवणार्‍या विश्वेश्वरचीही गोष्ट सांगेन.,mr,unknown,male
004392.wav,पण मला स्वतःला कधीही अशा चर्चांत बोलता येत नाही.,mr,unknown,female
005149.wav,थोड्याच वेळात खोलीचे छत खाली कोसळणार आहे असं म्हणत जीवदन्त म्हातार्‍याजवळ आला.,mr,unknown,male
003222.wav,दोन किलोवॅट तास एवढी ऊर्जा दर चौरस मीटरला मिळू शकते.,mr,unknown,female
003883.wav,बाभळीच्या साली पासूनही रंग तयार होत होते.,mr,unknown,female
006637.wav,सर्व प्रकारच्या व्यापाऱ्यांना या सप्ताहाचा उत्तरार्ध अधिक चांगला जाईल.,mr,unknown,male
010335.wav,या भिल्ल राजास एक पाचसहा वर्षांची मुलगी होती.,mr,unknown,female
007978.wav,"मग त्या जंगलात वाघ, सिंह, कोल्हे, हत्ती सगळे प्राणी सुखाने राहतात.",mr,unknown,male
009600.wav,"त्याला असे वाटले की, हे लाकूड मूल्यवान आहे, हे लाकूड कोण विकत घेईल ?",mr,unknown,male
005954.wav,भारत हा काही जगापेक्षा मोठा नाही.,mr,unknown,male
002790.wav,त्यांना पाहून असं वाटतंय कीं त्यांना लढता येत नसावं.,mr,unknown,female
000945.wav,सूर्यास्तानंतर ३ घंट्यांच्या आत जेवावे.,mr,unknown,female
010461.wav,श्यामला त्याच्या भाग्याने थोर माता मिळाली होती.,mr,unknown,female
001858.wav,"कोळी त्या माशाला म्हणाला, उद्याचे कोणी पाहिले आहे.",mr,unknown,female
009499.wav,"हा लेख जरी, वाचताना अपूर्ण वाटत असला, तरी ह्याचा शेवट ठरलेला आहे.",mr,unknown,male
004109.wav,"चार एक टॉर्च, भरलेली ब्याट्री सहीत रिचार्जेबल इमर्जन्सी लॅम्प घरात हवा.",mr,unknown,female
005214.wav,अशा संधीचा ते पुरेपूर फायदा उठवतात.,mr,unknown,male
009320.wav,त्यात काय माणसाने माणसाला मदत करायलाच हवी.,mr,unknown,male
003256.wav,घन कचऱ्याची निर्मिती घराघरातून होत असल्याने गोळा होणाऱ्या घनकचऱ्याचे प्रमाण वा त्याचा दर्जा यावर नियंत्रण ठेवता येत नाही.,mr,unknown,female
002691.wav,आणि नंतरच त्याविषयीची कार्यसिद्धी केली पाहिजे.,mr,unknown,female
004628.wav,विश्वामित्र ऋषींचा यज्ञ निर्विघ्नपणे पार पडला.,mr,unknown,male
008183.wav,असे कृश होणे आरोग्याला अपायकारक असते.,mr,unknown,male
001320.wav,त्या दिवसापासून त्याच्यात बराच फ़रक पडला व तो प्रजेचं अपत्यवत पालन-पोषण करु लागला.,mr,unknown,female
008305.wav,"थोर लोकांचे नामोच्चारणही जर मनास उन्नत करते, तर त्यांचे प्रत्यक्ष दर्शन किती प्रभावशाली असेल बरे.",mr,unknown,male
010809.wav,"सर्वांनी आपापले डबे उघडले, विनितनेही डब्यात आणलेला शिरा आणि ऍपलचा चट्टामट्टा करायला सुरूवात केली.",mr,unknown,female
005163.wav,आणखी एका मदतनीसाच्या उंटावर बसलेला स्वर्णाचारी मदत मागण्यासाठी मोठमोठ्याने ओरडू लागला.,mr,unknown,male
007031.wav,दीर्घ ॐकार म्हणत असताना तो आपल्याला छाती व फुप्फुसांमध्ये जाणवेल.,mr,unknown,male
008401.wav,"पाळण्यात असतानाच, आईच्या खांद्यावर खेळत असतानाच, पुढील जीवनाच्या विकासाचे बी पेरले जात असते.",mr,unknown,male
007175.wav,"अंडर स्कोर अंडर स्कोर दोन हजार सात, दोन हजार सात पाच आठ, राजाश्रयामुळे फोफावले श्रीरामपुरात गुंडाराज",mr,unknown,male
007513.wav,झोपडीत आल्यावरही चार फूट उंचीच्या दारातून वाकून माझ्याकडे आलास.,mr,unknown,male
003476.wav,देशोदेशीच्या प्रयोगांमधून आणि विकसित प्रारुपांमधून आपणही काही नवीन प्रयोग करू शकू.,mr,unknown,female
003506.wav,मुलींनादेखील अंगावर वेळोवेळी पाजले जात आहे याची खात्री करावी.,mr,unknown,female
004750.wav,काय तुम्ही उंदीर पकडु शकता,mr,unknown,male
002478.wav,तीन करोड देव ह्या मेळ्याच्या प्रसंगी गंगेत स्नान करणार आहेत.,mr,unknown,female
006626.wav,खानोलकर यांच्या कादंबरीवर अग्निदिव्य' चित्रपटाचा मुहूर्त,mr,unknown,male
008895.wav,फळबागेत फळं खाऊन झाडांखाली निवांत झोपायचे.,mr,unknown,male
008516.wav,"जो डाव्या बाजूला बसला आहे, त्याची मुलगी लग्नाची असून त्याने आपली मुलगी उजव्या बाजूला असलेल्या पक्ष्याच्या मुलाला देण्याची गोष्ट त्या पक्ष्याकडे काढली.",mr,unknown,male
004502.wav,"आत माझ्या चड्ड्या-बनियन, हाफ पॅंट, मोजे, टॉवेल वगैरे सगळं सामान होतं.",mr,unknown,female
006460.wav,गुन्हेगारी रोखण्यासाठी दहा कमांडोंची नियुक्ती दैठणकर,mr,unknown,male
010792.wav,"तुला वाटते मला हे जमेल, भुवनने भीतभीत त्याला विचारले.",mr,unknown,female
008140.wav,असा निष्कर्ष एका अभ्यासाअंती काढण्यात आला आहे.,mr,unknown,male
001875.wav,"अरे तुझ्या आधी जे येऊन गेले त्यातल्या कोणीही माझ्याकडे पाहिले नाही की, थंडीत इथे का बसलात म्हणून विचारले नाही.",mr,unknown,female
009323.wav,"माझं नांव, 'ललिता शास्त्री' शांतपणे बाई उद्गारल्या.",mr,unknown,male
009929.wav,त्याच्या अंगात वायुदेव शिरला होता व तो शेपूट उंचावून शिंगांनी जमीन उकरीत सैरावैरा धावत होता.,mr,unknown,male
010334.wav,"राज्य लहानसेच होते, भिल्लांचा राजा जरी रानटी होता, तरी तोही ऋषींच्या आचरणाने व उपदेशाने थोडा सुधारला होता.",mr,unknown,female
005097.wav,राजाने अनुभव घेऊन आपला अनुचित निर्णय घेतला.,mr,unknown,male
002905.wav,मी मनात प्रार्थना करत होतो की माझे आइ-वडील त्यात असावे अचानक मला एक जोराचा झटका लागला.,mr,unknown,female
000571.wav,तेथे तो हर एक कामात हुशार होई.,mr,unknown,female
001449.wav,"आम्ही त्याच्या सेलिब्रेशनची तयारी करत आहोत, आदितीने समजूत काढली.",mr,unknown,female
009907.wav,इतक्यात गौतमांनी आपले डोळे उघडले आणि शांतपणे सगळीकडे नजर फिरविली.,mr,unknown,male
007517.wav,यवन सम्राट बादशहा अल्लाउद्दीनने देवगिरीवर चढाई केली.,mr,unknown,male
008843.wav,मधून मधून उत्साह वाढावा म्हणून टिचर त्यांना 'हर हर महादेव' म्हणायला सांगत होत्या.,mr,unknown,male
008519.wav,"मग वधूचा बाप घासाघीस करुन, आंदण म्हणून द्यावयाच्या गावांची संख्या पन्नास पाऊणशेवर आणू पाहत असेल नाही का.",mr,unknown,male
007866.wav,त्यातून एक एक दाणा काढून तो दर वर्षी फेकून देत असे.,mr,unknown,male
005842.wav,यामुळे व्यक्तीला महागाई वाढल्यामुळे आपली हौस पूर्ण करता येत नाही.,mr,unknown,male
007826.wav,तुझ्या सेवेने मी फार संतुष्ट झालो आहे.,mr,unknown,male
003227.wav,डी दिवे इलेक्ट्रॉनिक सर्किटमधील पथदर्शक म्हणून वापरणेत येत असत.,mr,unknown,female
010663.wav,धावतच तो आईच्या खोलीत गेला.,mr,unknown,female
003979.wav,"पंडित विष्णु दिगंबर, उस्ताद अब्दुल करीम यांनी आणि इतरांनीही जलशांमध्ये वृंदसंगीताचा उपयोग केला.",mr,unknown,female
004384.wav,मागे चोप्रांचा मुझसे दोस्ती करोगी नावाचा पडेल चित्रपट येवून गेला.,mr,unknown,female
005835.wav,'कॉर्पोरेट' सारख्या चित्रपटातून करिअरमध्ये लागलेल्या स्त्रियांचे प्रश्न हाताळले गेले आताची तिची झेप आकाशाला गवसणि घालणारीच आहे,mr,unknown,male
008683.wav,बाबाही बराच वेळापासून स्वयंपाकघरात होते पण त्याच्या फक्त पोळया आणि भाजी करुन झाली होती.,mr,unknown,male
008407.wav,"वर अनंत आकाशात असे अनंत तारे असतील, की जे पल्लेदार दुर्बिणीतूनही अजून दिसले नाहीत.",mr,unknown,male
003540.wav,यासाठी लघवीच्या मार्गातून नळी घालून खडयापर्यंत हूक आकडा नेला जातो.,mr,unknown,female
007449.wav,हे ऐकून दोघेही पायी चालू लागले.,mr,unknown,male
009817.wav,"पण तेथे सर्वत्र सामसूम होती, राजाचे स्वागत करण्यास कोणीच आले नाही.",mr,unknown,male
009742.wav,"तुला भीती वाटली, तर त्याला हाक मार, तोच तुला सोबत करील.",mr,unknown,male
007067.wav,उपनिरीक्षक दोरगे यांना या प्रकाराची माहिती मिळाली होती.,mr,unknown,male
005682.wav,"ते बघ, लुकलुकणारे दिवे, जे नेहमीच असतात लांब",mr,unknown,male
002828.wav,त्या वृद्धाचे केस संपूर्ण पिकले होते व सर्व शरीर सुरकुतलेले दिसत होते.,mr,unknown,female
005781.wav,"दर सहा मिनिटांनी एक महिला आत्महत्या करत असते, दर एकोणतीस मिनिटांनी एक हुंडाबळीची घटना घडत असते.",mr,unknown,male
008118.wav,"दोघांपैकी एकाचा तोल बिघडला, तर त्याचा परिणाम पूर्ण सृष्टीचक्रावर होतो.",mr,unknown,male
004997.wav,मला इथून घेऊन जाण्याचा तुझा इतका अट्टाहास का आहे,mr,unknown,male
001339.wav,"तूही तशीच वागलीस तर लवकरात लवकर तुझीही इच्छा अशीच पूर्ण होईल, आईने समजावून सांगितले.",mr,unknown,female
003263.wav,यातूनच या अमेरिकेत प्रचलित असलेल्या माध्यमाचा भारतीय संदर्भ व मोजमापाचे माध्यम म्हणून सुरू झाले आहे.,mr,unknown,female
007683.wav,"भक्तीला आनंद झाला, तिने नारदांचे आभार मानले.",mr,unknown,male
007232.wav,"पुजारी पिंडीवर ओणवा झाला; कारण छप्पर पडले, तर देवाला लागू नये.",mr,unknown,male
005742.wav,"खून, दरोडे, चोऱ्या मारून कुणी असे पुरलेला",mr,unknown,male
000651.wav,"पुढे सत्यकाम मोठा प्रख्यात ऋषी झाला, आणि त्याच्याजवळ शिकून पुष्कळ शिष्य ज्ञानी झाले.",mr,unknown,female
006040.wav,दोन वेळच्या अन्नची जेथे भ्रांत तेथे हे कसे शक्य होणार,mr,unknown,male
002903.wav,मला वाटलं की पाणी माझ्या हाता खाली श्र्वास घेत होते.,mr,unknown,female
002259.wav,यांनीच ताटकेचा वध करून माझा यज्ञ निर्विघ्न पार पाडण्यास मदत केली.,mr,unknown,female
005396.wav,या विश्‍वासानेच मी इथवर आलो आहे.,mr,unknown,male
008542.wav,"आईने सजावले, नीतू, अगं प्रत्येकाकडे प्रत्येक गोष्ट असेलच असे नाही.",mr,unknown,male
007364.wav,"ते म्हणाले, आम्ही केलेल्या कार्याला काहीच नाही का अर्थ, आमचे प्रयत्न, आमचे बलीदान सगळेच कसे गेले व्यर्थ?",mr,unknown,male
003522.wav,यामुळे माणूस खंगतो आणि यामुळे वर्षांनी तरी आयुष्य कमी होत असावे.,mr,unknown,female
002731.wav,बिरबलाचा पाडाव करण्यासाठी मी अगदी वाट्टेल ते करू शकतो हकीम म्हणाला.,mr,unknown,female
006640.wav,नागनाथअण्णांच्या हस्ते निळाई या निळू फुलेंविषयींच्या गौरव अंकाचे प्रकाशन झाले.,mr,unknown,male
004479.wav,तेव्हा खायचे वांधे फार होतात स्वतःच्या गाडीशिवाय डिस्ने रिसोर्टात राहीलात तर.,mr,unknown,female
005661.wav,प्रकाश झोत पडतो आता नायकाची एंन्ट्री वगैरे,mr,unknown,male
001597.wav,त्या पाठोपाठ डोक्यावर सोनेरी मुकूट घातलेली दीड फूट उंचीची छोटी परी अवतरली.,mr,unknown,female
000068.wav,असा त्याचा दिनक्रम सुरू झाला.,mr,unknown,female
002585.wav,‘तीर्थावली नावाच्या संग्रहात त्यांच्या संत ज्ञानेश्वरांच्या बरोबर केलेल्या यात्रेविषयी वर्णन आहे.,mr,unknown,female
009383.wav,"त्याने उत्तर दिले, माझे नाव दान आहे.",mr,unknown,male
006282.wav,एक शिक्षिका वर्गातल्या एका गुबगुबीत मुलाला वेषभूषास्पर्धेसाठी गणपती बनवू पहात होती.,mr,unknown,male
003197.wav,खिडकीच्या काचा तिरक्या बसविलेल्या असल्यास हिवाळयात त्यामुळे उबदारपणा वाढला तरी उन्हाळयात त्यामुळे घरात गरम हवा येते.,mr,unknown,female
007283.wav,"अशीच सकाळची वेळ होती, सुर्यदेवांची कोवळी किरणे अलगद शरीरास स्पर्श करून जात होती.",mr,unknown,male
005328.wav,काशीनगरीत मंदमती नांवाचा आणखी एक व्यापारी राहात होता.,mr,unknown,male
008700.wav,कधी जर खूप थंड किंवा अती गरम पदार्थ खाल्ले तर त्याच्या दातातून कळा येत असत.,mr,unknown,male
008774.wav,त्यांनी परोपरीने नीनाला समजावून सांगितले पण काही उपयोग झाला नाही.,mr,unknown,male
001259.wav,"माझ्या आईचे माहेर गावातच होते, माझ्या आईचे वडील फार कर्मठ व धर्मनिष्ठ होते.",mr,unknown,female
006381.wav,सभामंडपाच्या एका बाजूला बांधीव व नयनरम्य तळं आहे.,mr,unknown,male
009330.wav,हर्षलने ते चणे व्यवस्थित कागदाच्या पुडीत बांधून डबीत ठेवले.,mr,unknown,male
000992.wav,सायगावात विनू व मनू दोघे मित्र होते.,mr,unknown,female
003505.wav,वनौषधींबद्दल अधिक माहिती आपल्याला इतर आजार आणि विषयांच्या माहितीसोबत मिळेलच.,mr,unknown,female
000114.wav,"त्या दोघांशी, साधी ओळखही नसताना, त्या दोन अनोळखी जीवांच्या विचारांत, किती फरक होता.",mr,unknown,female
000920.wav,‘जशास तसे’ हा निसर्गाचा शाश्वत नियम आहे.,mr,unknown,female
002510.wav,अनेक औषधी वनस्पती घेऊन तो पद्मासनावर बसून समुद्रांतून अवतरला.,mr,unknown,female
010296.wav,"लांब लांब जाण्यासाठी मनू निघाला, जेथे त्याला कोणी खुनी असे म्हणणार नाही, मातृभूमीला रामराम करून, तेथे जावयास तो निघाला.",mr,unknown,female
000166.wav,बोलून बोलून थकले आणि झाले सगळे शांत.,mr,unknown,female
009953.wav,प्रत्येक प्राण्यात ईश्वराचा हा अंश असतो.,mr,unknown,male
008002.wav,"घरासमोर, बागेत, शाळेत कुठेही, पण एक तरी झाडं लावायचेच.",mr,unknown,male
004604.wav,माझ्या सारखा कोकणस्थ भेटल्यावर तर तो हे मला ऐकवल्याशिवाय सोडत नाही.,mr,unknown,female
007958.wav,"त्यावर विष्णूंनी त्यांना समजावले, बलाढ्य राक्षस माझी भक्ती करून जास्त बलाढ्य होतात हे खरे.",mr,unknown,male
009313.wav,प्रेमळ आवाजात कुणीतरी म्हणाले तुमच्या फाईल्स सुरक्षित आहेत.,mr,unknown,male
000950.wav,रात्रीचे जेवण रात्रीच्या काळात वाढत असलेल्या रज-तमाशी लढण्यासाठी ऊर्जालहरी पुरवते.,mr,unknown,female
004595.wav,साखरदांडेंनी वजनदार निश्वास सोडला तेव्हा त्यांची झुपकेदार मिशी किंचीत हलली.,mr,unknown,female
006905.wav,"जळगाव, तारीख दोन शहरात स्वंतत्र उद्योगनगरी स्थापण्याचा निर्णय स्वागतार्हच आहे.",mr,unknown,male
003771.wav,फॅमिली प्लॅनिंग केल्यामुळे लग्नाला तीन वर्ष झालेली असूनही मूल नाही.,mr,unknown,female
002507.wav,लक्ष्मीने श्रीवत्स कौस्तुभादि मणी ओवून त्यांची वैजयंती माला विष्णूला घालून त्याला वरले.,mr,unknown,female
005108.wav,तेंव्हा शवात लपलेला वेताळ त्याला म्हणाला.,mr,unknown,male
002851.wav,माधवने मोठ्या कष्टाने स्वतःला वांचवले पण त्याच्या मुलांना आणि बायकोला चित्त्यांनी मारुन टाकले.,mr,unknown,female
006001.wav,आठव्यादहाव्या वर्षीच मुलांचे व कॉम्प्युटरचे नाते जोडूनदेणे भाग पडणार आहे.,mr,unknown,male
009419.wav,"आपल्या पाच मुलांपैकी कुणालाच मोडता येत नसल्याचे पाहून तो गृहस्थ त्यांना म्हणाला, बघितलंत ना, एकीचे बळ किती असते ते ?",mr,unknown,male
006583.wav,अपंगांसाठी रॅम्प व अन्य सुविधाही येथे आहेत.,mr,unknown,male
009113.wav,"तो दिवस माझ्या हृदयावर कोरून ठेवला गेला आहे, ज्या दिवशी धनुर्विद्या देण्याला तुम्ही नकार दिलात.",mr,unknown,male
004447.wav,खळखळाट करत वहाणार्या डोंगरनदीत आणि पुराने दुथडी भरून वहाणार्या गोदावरीत नर्मदेत दिसतात.,mr,unknown,female
005795.wav,डॉ. हेडगेवार पुरस्कार आणि यासारखेच अन्य सुमारे सतराअठरा पुरस्कार त्यांनी मिळविलेले आहेत.,mr,unknown,male
004461.wav,पण एकंदरीत संभाषणावरून आम्ही कोणतरी बडी माणसं आहोत हे आजूबाजूच्यांना कळले.,mr,unknown,female
010042.wav,"या वादाचा निकाल करताना विष्णू म्हणाले, देवांनी एका पंक्तीला व दैत्यांनी एका पंक्तीला बसावे.",mr,unknown,male
002506.wav,"शंकराचा कंठ विषाने तप्त झाला होता, तो त्याने चंद्राला आपल्या शिखेत ठेवून त्याच्या हिमकिरणांनी शांत केला.",mr,unknown,female
001115.wav,"मग बोल, तुझे म्हणणे काय आहे ते, मुलीस तिथे पाठविण्यास तुझी संमती आहे ना, ती तुझ्यासारखीच अडाणी राहावी, असे तुला वाटते का.",mr,unknown,female
009192.wav,"सहज गंमत म्हणून डॉक्टरांनी त्याला विचारलं, मनोज, तुला आज नविन दृष्टी मिळणार, यानंतर तू सारी सृष्टी बघणार आहेस.",mr,unknown,male
000299.wav,खोलीचे दार केवळ ४ फूट उंचीचे होते.,mr,unknown,female
001676.wav,या डोंगरावर वेगवेगळया फळांच्या फळबागा होत्या,mr,unknown,female
003348.wav,घातक विषारी तसेच वैद्यकीय कचऱ्यासाठी आवश्यक,mr,unknown,female
006171.wav,त्या आत्माहत्याग्रस्त शेतकऱ्यांच्या कुंटुबीयांना आधार देण्यासाठी सावकारी पाशातून त्यांची मुक्तता व्हावी.,mr,unknown,male
002736.wav,मग मुजरा करून ते तरुण निघून गेले.,mr,unknown,female
005670.wav,असला कृत्रिम सुविचार पगाराचा दिवस सोडून,mr,unknown,male
008769.wav,सीमा नीनाची मावस बहीण होती.,mr,unknown,male
004989.wav,आणि जुनाट पडकी घरे असलेल्या जागी येऊन पोचले.,mr,unknown,male
009855.wav,दुसऱ्यांनीदिलेलेदुख फेडायचे नसते ते सोसायचे असते यातच आपला मोठेपणा आहे!,mr,unknown,male
007019.wav,ताडोबा व्याघ्र प्रकल्पात मचानावरील गणना फसली!,mr,unknown,male
007081.wav,वजीफदार आणि न्यायमूर्ती पी आर बोरकर यांनी प्रतिवादींना नोटीस काढली आहे.,mr,unknown,male
004326.wav,इंडीअन एक्सप्रेस शेखर गुप्ता आणि हर्ष भोगलेंच्या लेखासाठी,mr,unknown,female
008093.wav,निसर्गाशी सहकार्य करूनच आम्हाला आमचा उत्कर्ष साधता येईल.,mr,unknown,male
008956.wav,"वाट्टेल तो प्रयत्न केला, तरी पाणी वळणावरच जाणार.",mr,unknown,male
004551.wav,वर्षभरातली आणि करंट सीझनमधली क्ले वरची किंवा ग्रासवरची कामगिरी बघून ठरवतात.,mr,unknown,female
006509.wav,परिषदेचे संचालन पेंच प्रकल्पाचे कार्यकारी अभियंता प्रकाश उराडे यांनी केले.,mr,unknown,male
010313.wav,आमचे हे प्राचीन आर्य धर्मप्रचारक रानटी लोकांत जाऊन आश्रम स्थापून त्यांना संस्कृतिज्ञान देऊ लागले.,mr,unknown,female
008779.wav,"हातात खोके ठेवल्यावर घाईने तिने ते उघडले आणि आत चक्क तिच्या आवडीचे चंदेरी रंगाचे, उंच टाचेचे बूट होते.",mr,unknown,male
002104.wav,शर्माजी शुध्दीवर आले 'माझ्या फाईल्स' ते घाबरले होते.,mr,unknown,female
005337.wav,"एकदा पिलूशेट राजसभेत जात असताना त्यांची नजर एका मेलेल्या उंदरावर पडली, व ते म्हणाले .",mr,unknown,male
010897.wav,हे ऐकून डोंगराला थोडासाच आनंद झाला.,mr,unknown,female
008145.wav,अनेकदा मुलांचे वडील आणि आई यांपैकी एखाद्याशी अधिक जवळचे नाते असते.,mr,unknown,male
008763.wav,"मंजू तुझी स्थिती तर ह्यापेक्षा कितीतरी चांगली आहे, तुझ्या ह्या वाटचालीत तुला अनेक अडचणी येणारच आहेत त्यावर मात करायला शिक.",mr,unknown,male
001838.wav,"त्या चाकाखाली ती गांधीलमाशी चिरडून मेलीच, पण तिच्याबरोबर त्या सापाचीही सपाटपोळी झाली.",mr,unknown,female
008813.wav,मधल्या सुट्टीत भुवन वेगळा न बसता स्वतःहून मुलांच्या गोलात सामील झाला.,mr,unknown,male
009108.wav,"पण मी देखील एक उत्तम धनुर्धारी आहे, माझेही काही हक्क आहेत.",mr,unknown,male
010354.wav,"कन्येस ऋषींच्या स्वाधीन करुन राजा म्हणाला, महाराज, ही माझी मुलगी आपल्या स्वाधीन करत आहे.",mr,unknown,female
005711.wav,मागच्याने पाय दिलेली तुटकी चप्पल,mr,unknown,male
000608.wav,त्याला शिकविण्याच्या अगोदर परीक्षा पाहण्यासाठी गाौतमांनी चारशे गायी त्याच्या स्वाधीन केल्या.,mr,unknown,female
007266.wav,"जोपर्यंत आपल्यावर देवाची कृपा आहे, आपल्याजवळ त्याचा वास आहे, तोपर्यंतच आपल्याला मानसन्मान आणि समाजाकडून लाभणारे प्रेम मिळणार आहे.",mr,unknown,male
001094.wav,हळूहळू ते त्यांची भाषा शिकू लागले आणि आपले उन्नत व उदात्त विचार त्यांना सांगू लागले.,mr,unknown,female
008730.wav,"मग सगळ्यांनी बाजारात जाऊन विकायचे काय आणि खायचे काय, मिताच्या ह्या प्रश्नावर आई-बाबा दोघांनाही हसू आले.",mr,unknown,male
007615.wav,चोरांना दिसलेले रक्षक म्हणजे श्रीराम आणि लक्ष्मणच होते.,mr,unknown,male
009821.wav,"त्याने ऋषींना वंदन केले आणि नम्रपणे तो म्हणाला, मुनिवर्य, मला खूप तहान लागली आहे, पाणी द्यावं प्यायला!",mr,unknown,male
004488.wav,पण करोडोंच्या कोंडाळ्यात आपलं विश्रांतीस्थळ नाही.,mr,unknown,female
000161.wav,शिवरायांनी निर्माण केलेल्या स्वराज्यातच भ्रष्टाचार कसा काय आला.,mr,unknown,female
000204.wav,बक-यांच्या एका कळपावर एका वाघिणीने झेप घेतली.,mr,unknown,female
003941.wav,एकदा भीष्माचार्य आपले दिवगंत वडील जे शंतनू यांना उद्देशून श्राद्ध करीत असताना त्यास पिंड देण्याकरिता जमिनीवर दर्भमुष्टि केली,mr,unknown,female
007101.wav,आजच्या घडीला चीनविषयी पाश्‍चात्त्यांचे बदललेले मत हेच सांगून जाते.,mr,unknown,male
006104.wav,अच्छा आलीय पण तू कुठल वाणीसामान आणायला पाठवलंस का,mr,unknown,male
004934.wav,"मगर उड्या मारमारुन हत्तीच्या अंगाचे लचके तोडी, हत्तीचे सर्वांग रक्तबंबाळ झाले.",mr,unknown,male
002935.wav,अर्थातच त्याने प्राणी व पदार्थांच्या गुणधर्माची पारख करून किंमत ठरवायची असे.,mr,unknown,female
001815.wav,एक भुकेलेला डोमकावळा एका उंबराच्या झाडावर बसला होता.,mr,unknown,female
002436.wav,तेव्हां शंकरपार्वतीचा संबंध कसा जुळवून आणता येईल हे पहा!,mr,unknown,female
001231.wav,आपल्या सोबत्यांच्या जीवनकथा ऐकताना कधी कधी एकाएकी श्यामचे डोळे भरून येत असत.,mr,unknown,female
009506.wav,"परवाच एका स्फोटात मेलो, पहिल्याच झटक्यात स्वर्गात गेलो.",mr,unknown,male
003047.wav,एका पर्व दिनी मगधाचे राज्य स्वर्गालाही लाजवील असे सजविले होते.,mr,unknown,female
005706.wav,पोत्यातल्या पोत्यात गुदमरत विसर्जनासाठी गावाबाहेर चाललीहेत.,mr,unknown,male
010571.wav,"काही दिवसांनी कोयीला कोंब फुटतील, त्यातून इवलेसे रोप येईल.",mr,unknown,female
006902.wav,कुणीतरी अमुक एका शाळेचे पगार बिल बायहॅण्ड आणले.,mr,unknown,male
009942.wav,"सत्यकाम नम्रपणे म्हणाला, `सांगावे भगवन्.’",mr,unknown,male
007707.wav,"या ठिकाणी आपणांस पाणी मिळेल, आपली तृष्णा शांत होईल.",mr,unknown,male
004252.wav,"क्रिश्टल माऊंटन वर पोटात स्फ़्टीक असलेले, अनेक दगड मिळतात.",mr,unknown,female
006112.wav,मीनाताईने संदीप आणि सुबोध यांना सांगितले मुलांनो आपली मराठी भाषा किती समृद्ध आहे याची थोडी कल्पना येईल.,mr,unknown,male
010068.wav,"प्रल्हादाच्या भक्तीमुळे त्याच्या मनात विवेक, वैराग्य, आनंद या गुणांचा विकास झाला, भोगांबद्दलची आसक्ती संपली.",mr,unknown,male
006205.wav,हा कचखाऊपणा किंवा मऊपणा मराठी माणसांसाठी दाखवणार नाहीत.,mr,unknown,male
003294.wav,"पण दहा, शंभर, हजार या संख्या दहा, एक शे, एक हजार अशा लिहाव्या हें भारतीयांनी जगाला शिकविलें.",mr,unknown,female
004035.wav,"अगदी तथाकथित प्रोप्रायटरी किंवा हर्बल उत्पादने, गर्भाला घातक ठरु शकतात.",mr,unknown,female
002726.wav,"आपण ही जबाबदारी माझ्यावर सोंपवली आहेत, त्याबद्दल मी आपल्याला धन्यवाद देतो.",mr,unknown,female
004291.wav,व्हिस्की आता अगदी मेंदूतून दिग्दर्शन करायला लागलेली होती.,mr,unknown,female
004335.wav,तिकडे धनराज गुणे सापासारखा डूख धरून होता.,mr,unknown,female
009729.wav,जटीलला अभ्यासाची फारच आवड होती.,mr,unknown,male
003878.wav,मेड व ए जी शूस्मिथ यांनी त्याला चिरस्थायी केले.,mr,unknown,female
006206.wav,तो परप्रांतीयांसाठी दाखवतील आणि ताठरपणा मराठी माणसांबरोबर दाखवून त्याच्याबरोबर भांडत बसतील.,mr,unknown,male
006561.wav,आशा म्हेत्रे यांच्या विरोधात तक्रार,mr,unknown,male
006798.wav,"राम पागे, राजेंद्र ठाकूरदेसाई आणि अद्वैत धर्माधिकारी हा कार्यक्रम सादर करतील.",mr,unknown,male
004754.wav,त्यापूर्वीच शंकराची पत्नी सतीने दक्षयज्ञात उडी टाकून देहत्याग केला होता.,mr,unknown,male
004887.wav,"हलाहल वणव्यासारखे पसरूं लागले व त्रिलोक भस्म होणार की काय, अशी शंका वाटू लागली.",mr,unknown,male
000858.wav,घरोघरी सायंकाळी पाटाभोवती रांगोळी काढून पत्नी पतीला औक्षण करते व पती पत्नीला ऒवाळणी घालतो.,mr,unknown,female
000371.wav,जटीलची मातृवचनावरील श्रद्धा दृढ करण्यासाठी स्वयंमेव भगवान श्रीकृष्ण गोपाळ स्वरूपात तेथे प्रकट झाला.,mr,unknown,female
009169.wav,सर्वांनी त्यांचं कौतुक केलं गप्पागोष्टी करीत फराळ झाला.,mr,unknown,male
002562.wav,"संरक्षक म्हणून तू रहायला पाहिजेस, पण तू दुर्भाग्यांवर चालून येऊं लागलास तर तुला शिक्षा करणे भागच आहे!",mr,unknown,female
003802.wav,"दोन शे बावीस खोटी टीका करू नका, नाहीतर प्रतिटीका ऎकावी लागेल.",mr,unknown,female
002641.wav,"हे आदिवासी गण्डकामृगांना पाळून, त्यांच्या कडून, शेतीची कामे करुन घेत असत.",mr,unknown,female
005456.wav,"काय रे, तो पांढरा हत्ती चांगला प्रशिक्षित आहे काय",mr,unknown,male
006762.wav,सुदाम खैरनार यांच्याऐवजी हाजी मोहम्मद युसूफ यांच्याकडे पक्षाची सूत्रे सोपविण्यात आली.,mr,unknown,male
004491.wav,मंदिराच्या व्हरांड्यात बहुधा पीओपी च्या गणपती कुटुंबातल्या देवांच्या मूर्ती कोरल्या आहेत.,mr,unknown,female
002348.wav,या लहानशा गोष्टीसाठीं बाबांना इतके दुःख कां वाटावे?,mr,unknown,female
000650.wav,इतकी वर्षे वेद घोकूनही त्यांना इतके ज्ञान झालेले नव्हते.,mr,unknown,female
002782.wav,"त्या उजेडांत जीवदत्ताने भुयारी वाट नीट स्पष्टपणें पाहिली, आणि तो म्हणाला.",mr,unknown,female
006825.wav,त्यामुळे विरोधातील शिक्षणमंत्री लुइझिन फालेरो यांच्या पायाखालची वाळू घसरू लागली आहे.,mr,unknown,male
009355.wav,"कावळयाच घर होत शेणाच, तेही पाण्यात वाहून गेल.",mr,unknown,male
009509.wav,"म्हटलं छे हो, सरकारच डोक ठिकाणावर नाही.",mr,unknown,male
005945.wav,श्रीकृष्णाने पूतनाला मारले ही एक पुराणातली गोष्ट.,mr,unknown,male
009307.wav,हळूहळू शर्मांजींची शुध्द हरपली व ते रक्ताच्या थारोळयात तसेच पडले.,mr,unknown,male
000616.wav,त्याच्या अंगात वायुदेव शिरला होता व तो शेपूट उंचावून शिंगांनी जमीन उकरीत सैरावैरा धावत होता.,mr,unknown,female
009244.wav,"घरी आला, शेठजींच्या हातावर आठ आणे ठेवले.",mr,unknown,male
002576.wav,त्यांनी सांगितले कीं विश्वरुपाच्या तपस्येचा भंग करणं त्यांच्याने शक्य होणार नाही.,mr,unknown,female
000054.wav,काही भाविक गाढवावरील देवाला हार घालू लागतात.,mr,unknown,female
010345.wav,आईबापांच्या प्रेमळ सहवासात लहानगी शबरी वाढत होती.,mr,unknown,female
003341.wav,साध्या दगडा-मातीची वा कुडाची घरेदेखील विलक्षण सुखद असायची.,mr,unknown,female
008331.wav,"राजाने मुलीसाठी तांबड्या रंगाची वल्कले केली होती, ती तिला दिली.",mr,unknown,male
001706.wav,हे ऐकून डोंगराचं मन भरून आलं.,mr,unknown,female
009923.wav,असल्या कामात शिष्याची बुध्दी किती आहे हे दिसून येत असे.,mr,unknown,male
010222.wav,कोणी अपराध केला त्याची चौकशी होई.,mr,unknown,female
001494.wav,ती कुठल्याही क्षणी आपल्या घरातून उडून जाऊ शकते.,mr,unknown,female
005877.wav,सर्व जण आपापल्या विचारात रात्रीच्या गर्द काळोखात बसले होते.,mr,unknown,male
010901.wav,हे पाहायला सारा गाव जमा झाला.,mr,unknown,female
010368.wav,"ऋषींची पूजा झाली की शबरीला जवळ घेऊन ते तिला सुंदर स्तोत्रे शिकवीत, सूर्याच्या उपासनेचे मंत्र अर्थासह तिला म्हणावयास सांगत.",mr,unknown,female
000804.wav,"नंतर हळद-कुंकू, फुले, अक्षता वाहून फुलांची माळ त्यांच्या गळ्यात घालतात.",mr,unknown,female
004954.wav,तो ऐरावतावर स्वार होऊन विश्वरूपाकडे गेला आणि त्याच्यावर त्याने आपल्या वज्रायुधाचा प्रयोग केला.,mr,unknown,male
001813.wav,"ती म्हणाली, सुंदरपणाचे बक्षिस देवांनी हवे त्याला द्यावे, पण मला मात्र माझे मूलच सर्वात सुंदर दिसते आणि तेच माझे सर्वात मोठे बक्षिस आहे.",mr,unknown,female
008369.wav,शबरीच्या गंगायमुना थांबल्या व ऋषिपत्नीच्या मांडीवर डोके ठेवून ती झोपी गेली.,mr,unknown,male
000991.wav,"त्याच्याकडे सारे लोक ‘हा तो अपराधी’ अशा दृष्टीने बघत, हीच शिक्षा.",mr,unknown,female
002775.wav,ही कोणी राक्षसी किंवा डोंगरी लावसट आहे की काय?,mr,unknown,female
008621.wav,"मिनू, एके दिवशी तिच्या घराच्या बागेत फिरत असतांना, चाफ्याच्या झाडाखाली तिला काहीतरी हालचाल दिसली.",mr,unknown,male
007721.wav,इतक्यात एका झाडाखाली मेलेला एक सर्प राजाच्या दृष्टीस पडला.,mr,unknown,male
003514.wav,याचबरोबर कावीळ हेपाटायटिस बी यासाठीही तपासणी केली जाते.,mr,unknown,female
010694.wav,मात्र त्याने निश्चय केला दातांची काळजी घेण्याचा आणि दात घासायला बाथरुम मध्ये पळाला.,mr,unknown,female
009195.wav,"थोडा विचार करून तो म्हणाला, डॉक्टर साहेब, मी शाळेचे मुख्याध्यापक व दादाचा मित्रपरिवार यांना प्रथम पाहू ईच्छितो.",mr,unknown,male
000220.wav,एक राजा आणि शेठजी यांची गाढ मैत्री होती.,mr,unknown,female
010700.wav,वाळूत ती अनेक प्रकारची नक्षी काढत असे.,mr,unknown,female
001289.wav,"राजाच्या जुलमाला कंटाळून प्रजा स्थलांतर करीत असताना, ते केवळ उघडया डोळ्यांनी बघत राहण्यासाठीच तुम्ही प्रधान झाला आहात काय.",mr,unknown,female
003164.wav,अधिक विजेची गरज भागविण्यासाठी उच्च दाबाच्या तारा व ट्रान्सफ़ार्मर बसवावे लागतात.,mr,unknown,female
004679.wav,रथ दृष्टिआढ होईपर्यंत सर्वजण तेथेच बसून राहिले.,mr,unknown,male
002619.wav,तो साधूंना दानधर्म करीत असे आणि गुणवंत कवी व कलाकारांना पुरस्कार देत असे.,mr,unknown,female
003613.wav,हे एकदा मान्य केल्यावर गावांसाठी करायच्या वैद्यक व्यवस्थेसाठी स्वतंत्र मूस आवश्यक आहे हे ओघानेच आले.,mr,unknown,female
000044.wav,तेव्हापासून ते एकजुटीने वागू लागले.,mr,unknown,female
008777.wav,सकाळी झोपेतून उठल्यावर नीनाला आईबाबांनी जवळ घेऊन लाड केले.,mr,unknown,male
007865.wav,"त्या पिशवीत प्रियंगू, पिंपळी, तांदूळ आणि अधिकता नावाचे धान्य भरले होते.",mr,unknown,male
003793.wav,तऱ्हेतऱ्हेच्या गोंड्यांनी तिची लांबसडाक केसांची वेणी गुंफली गेली.,mr,unknown,female
003572.wav,डास त्यावर बसला की स्पर्शाद्वारे हे औषध डासांच्या शरीरात जाते.,mr,unknown,female
010919.wav,"ज्या ज्या वेळी एखादा लांडगा कळपातले मेंढरू पळवून नेई, तेंव्हा त्याचा पाठलाग करणा-या त्या धनगराच्या कुत्र्यांमध्ये तो पाळलेला लांडगा नेहमी सामील होई.",mr,unknown,female
001504.wav,"हो तूच हे सगळे केलेस, रोज आठ-दहा चॉकलेट्स खायचास, खाल्ल्यावर चूळ भरायचा नाहीस, रात्री दात घासायचा नाहीस, सकाळचे तुझे दात घासणेही घाईचेच असते.",mr,unknown,female
006712.wav,मध्य रेल्वेवरील गोंधळामुळे शनिवारी लाखो प्रवाशांचे अतोनात हाल झाले.,mr,unknown,male
010755.wav,"अगं आई पण आज माझा वाढदिवस आहे मग सीमा कशी काय माझे बूट घालणार, नीना रागात म्हणाली.",mr,unknown,female
003440.wav,"आनुवंशिकता, स्थूलता, किडनीचे, मूत्रपिंडाचे आजार, दारूचे व्यसन काही संप्रेरक विकार उदाहरणार्थ डायबेटिस होऊ शकतात.",mr,unknown,female
001893.wav,"होय, गुरू द्रोणाचार्य, उत्कृष्ट शिक्षक, शस्त्रहाताळणीमध्ये निपुण, विशाल ज्ञान आणि विद्वत्ता यांचा जणू सागर.",mr,unknown,female
010552.wav,आता पृथ्वीवर बारा तासांनी अंधार व्हायला लागला.,mr,unknown,female
010209.wav,"जेवणानंतर भरपूर पाणी प्यायल्यास व्यक्ती स्थूल होते, म्हणजे अनावश्यक चरबी वाढते.",mr,unknown,female
005256.wav,या आकस्मिक घटनेने माधव अतिशय दुःखी झाला.,mr,unknown,male
001956.wav,कधी वर्गातून वर्गणी गोळा करीत तर कधी मुलांचं एखाद नाटक किंवा सांस्कृतिक कार्यक्रम सादर करून निधी एकत्र करीत.,mr,unknown,female
005168.wav,"स्वर्णाचारीने घाबरण्याचं नाटक करत म्हटलं, 'नायकजी, मला सिंहाचा आहार बनवण्यासाठी त्याच्यापुढे फेकून द्या!",mr,unknown,male
004815.wav,मला काहीच माहीत नसताना हा माझा मुलगा म्हणतेस,mr,unknown,male
007541.wav,"वीरमतीला कृष्णरावच्या प्रामाणिकपणाविषयी प्रथमपासूनच संशय होता, म्हणूनच तिने त्याच्यावर गुप्त पाळत ठेवली होती.",mr,unknown,male
006461.wav,यांनाही पाण्याचा पुरवठा फिल्टर हाऊसहून केला जातो.,mr,unknown,male
001506.wav,"दिवसरात्र अडकून बसल्यामुळे आम्हाला किड लागली आहे, आमचा पांढराशुभ्र रंग तर काळाकुट्ट झाला आहे.",mr,unknown,female
000671.wav,त्याने ते गाणे म्हटल्याबरोबर त्याला ते कोडे सुटले.,mr,unknown,female
006492.wav,आगामी विश्‍वकरंडक स्पर्धेबाबतच्या त्यांच्या कल्पना जाणून घेण्यासाठी आम्ही स्पीड यांना भेटलो.,mr,unknown,male
009760.wav,ते पाहून भगवंतास फारच वाईट वाटले.,mr,unknown,male
001086.wav,"अशाच थोर ऋषींपैकी मतंग ऋषी हे एक होते, पंपासरोवराच्याजवळ त्यांचा आश्रम होता.",mr,unknown,female
000898.wav,अन्यथा पृथ्वीवर माणूसच उरणार नाही.,mr,unknown,female
007437.wav,"राजाने शेठजींची कान उघडणी केली की, वाईट विचारांपेक्षा मनात चांगले विचार आणावे.",mr,unknown,male
006240.wav,राखीव जागांबाबतचे धोरण महाराष्ट्रातल्या पुरोगामी म्हणविल्या जाणाऱ्या विद्यापीठांनी कितीसे अंमलात आणले,mr,unknown,male
002667.wav,"वन्य श्वापदांच्या, विषारी जनावरांच्या आणि भुताखेतांच्या या अरण्यांत तू तुझे प्राण धोक्यांत कां घालतो आहेस?",mr,unknown,female
003194.wav,म्हणजेच मध्यान्ही स्थानीय अक्षांशाएवढा सूर्य दक्षिणेकडे कललेला असतो.,mr,unknown,female
002891.wav,हे लक्षात ठेव की रुप बदलत असतात.,mr,unknown,female
006004.wav,"ग्रामपंचायत, जिल्हापरिषद, नगरपलिका, महसूल खाते सरकारी कचेऱ्या या सर्व ठिकाणी मराठी भाषेचा वापर व्हावा.",mr,unknown,male
009699.wav,ती उपवर होताच कृष्णराव नामक एका तरुणासमवेत तिचा विवाह निश्चित केला.,mr,unknown,male
008626.wav,मिनू मैना पक्ष्याला प्रथमच इतक्या जवळून पाहत असल्यामुळे जरा सुरुवातीला घाबरली होती.,mr,unknown,male
002622.wav,राज्यांतल्या मंदिरातून प्रवचनें करण्यासाठी त्याला राजाकडून संमती हवी होती.,mr,unknown,female
006203.wav,त्यावेळी कोण अमराठी आहे याचे भन किती जणांना असते,mr,unknown,male
007235.wav,आयुष्यात चांगली कमाई करून आणि स्वत: चांगले जीवन जगूनसुद्धा त्याच्या पाच मुलांमध्ये सदान्-कदा चालणार्‍या भांडणांमुळे तो दु:खी होई.,mr,unknown,male
007418.wav,"नीट पहा, तू अगदी माझ्यासारखा दिसत आहेस आणि हे घे थोडेसे मांस खा.",mr,unknown,male
007173.wav,ग्लोव्हज्‌मध्ये स्क्वाश चेंडू ठेवल्याचा गिलख्रिस्टला फायदा झाला.,mr,unknown,male
005814.wav,कृषी विभागामार्फत संपूर्ण महाराष्ट्रात गप्पागोष्टि कार्यक्रमासाठी आमंत्रित करून एक यशस्वी उद्योजक म्हणून महिलांशी संवाद साधला जातो.,mr,unknown,male
000003.wav,"त्यावर त्या स्त्रीने सांगितले, मी लक्ष्मी आहे, आता या राजवाड्यातून मी जात आहे.",mr,unknown,female
005971.wav,शेवकांडाच्या लाडवांची पुरचुंडी आणि प्लास्टिकच्या पिशवीतल खाज तिन आवदारपणे चुंबळीच्या पदराखाली सरकवल.,mr,unknown,male
002371.wav,"‘मला माहित नाही, ते तर डॉक्टरने ठेवून घेतले.",mr,unknown,female
003805.wav,अमेरिकेत तिने दूध देणारी म्हैस पाहिलीच नव्हती तिचा काय दोष?,mr,unknown,female
001770.wav,"त्याला पकडून न्यायला तो जेंव्हा जवळ आला, तेंव्हा तो पक्षी अगदी गयावया करून म्हणाला, पारधीदादा जाऊ द्या मला.",mr,unknown,female
009310.wav,गाडी मोठया दवाखन्यापाशी येऊन थांबवली.,mr,unknown,male
007256.wav,उत्सव पुन्हा चालू होतो अन् सर्व जण दुसर्‍या गावाकडे प्रयाण करतात.,mr,unknown,male
006080.wav,आमच्या मराठीच्या प्राध्यापकांच्या डोक्यात भाषावार प्रांतरचनेच एक खूळ आहे.,mr,unknown,male
000532.wav,"ते सर्व ऋषिकुमार भयभीत झाले होते, शृंगी संतापाने लाल होऊन थरथरत होता.",mr,unknown,female
009448.wav,"ज्या क्षणि तो आपले शेवटचे श्वास मोजत होता, त्यावेळी अचानक त्याचे लक्ष त्याच्या गळ्यातील साखळीकडे गेले.",mr,unknown,male
009477.wav,त्याचाशी बोलत असतानाच अचानक खांद्यावर भक्कम अशी थाप पडली.,mr,unknown,male
006477.wav,अधिक ज्यू आता मोकळ्या आणि आधुनिक विचारांचे होते आहेत.,mr,unknown,male
008825.wav,एका दिवसात अचानक त्याला खूप मित्रमैत्रिणी मिळाल्या होत्या.,mr,unknown,male
007314.wav,"बऱ्याच दिवसांच्या टाइम पास नंतर, आज इथे तिला प्रत्यक्ष पहायचं होत.",mr,unknown,male
003121.wav,आणि ते नदीच्या पाण्यांत ऐकून दिले.,mr,unknown,female
009883.wav,मुलाच्या आठव्या वर्षापासून तीस वर्षांपर्यंत त्याला गुरुजवळ राहावे लागे.,mr,unknown,male
006260.wav,ऋग्वेद हा सर्वात प्राचीन हिंदू धर्मग्रंथ आहे.,mr,unknown,male
000732.wav,मोहिनीच्या रूपाने असुर वेडे झाले असता विष्णूने देवांना अमृत व दैत्यांना मदिरा वाढली.,mr,unknown,female
003407.wav,सप्टेंबर ते जानेवारीपर्यंत पुनर्नवा खापरखुट्टी वसू भाजी म्हणून खेडयांमध्ये मिळू शकते.,mr,unknown,female
002340.wav,ह्या सरोवराचे नांव पंचाप्सर सरोवर असे आहे.,mr,unknown,female
005992.wav,सर्व विषय मराठी माध्यमातून शिकणं सोयीचे आहे हा निष्कर्ष मान्य करणं भागच आहे.,mr,unknown,male
006329.wav,एक शे बारा हिशेब लिहायला भाकऱ्या,mr,unknown,male
007186.wav,"प्रभाग सात, वालेंती गोन्साल्वो फर्नांडिस एक शे पंचावन्न, आंतोनियो जुवांव वाझ शहात्तर.",mr,unknown,male
007047.wav,महापालिकेत सेवाज्येष्ठतेनुसार अधिकाऱ्यांनाही प्राधान्यक्रम नाही,mr,unknown,male
002566.wav,"छान, पण आता शंभरीच्या वयाला तू नवीन रोपे कां लावतो आहेस?",mr,unknown,female
002582.wav,नामदेवांसाठी प्रत्येक गोष्टीची सुरुवात व अंत म्हणजे फक्त विठोबा.,mr,unknown,female
008970.wav,एक साप एकदा नदीत पडला.,mr,unknown,male
008086.wav,त्यामुळे आम्ही या हंगामात त्यांचा आभारी असणे आवश्यक आहे.,mr,unknown,male
008314.wav,आपल्या मुलीचे कोडकौतुक राजा-राणी कितीतरी करीत.,mr,unknown,male
006622.wav,आज तरुणवर्गही मगोकडे आकर्षित होत आहे.,mr,unknown,male
009893.wav,सत्यकामाच्या बापाचे तर तिला नावही ठाऊक नव्हते.,mr,unknown,male
009833.wav,"पिताजी ध्यानमग्न आहेत, आलेल्या राजाचं स्वागत आपण केलं पाहिजे!",mr,unknown,male
001256.wav,काही बैलांच्या गळयांतल्या घंटांचा गोड आवाज दुरून ऐकू येत होता.,mr,unknown,female
002105.wav,प्रेमळ आवाजात कुणीतरी म्हणाले तुमच्या फाईल्स सुरक्षित आहेत.,mr,unknown,female
010818.wav,बरेच जण थांबत थांबत चढत होते तर काहीजण सारखे पाणी पीत होते.,mr,unknown,female
008061.wav,लक्ष्मीप्राप्तीसाठी नव्या वह्यांचे पूजन करून व्यापारी लोक वर्षाचा प्रारंभ करतात.,mr,unknown,male
007493.wav,त्यांच्या पाया पडला आणि राजाचा निरोप सांगितला.,mr,unknown,male
010021.wav,"नाभा परत आल्यावर मनूने विचारले, `काय रे नाभा, गायी नाही मिळाल्या वाटते?’",mr,unknown,male
004995.wav,मधूनमधून विजा चमकत होत्या त्यामुळें वातावरण जास्तच भेसूर वाटत होते.,mr,unknown,male
009827.wav,"तहानेने व्याकुळ झालेला तो राजा त्या अपमानामुळे अधिकच संतापला, त्याला विचारच राहिला नाही.",mr,unknown,male
008219.wav,"मनू जागा झाला, त्याच्या उशाशी रक्ताने माखलेला सुरा होता; तो दचकला.",mr,unknown,male
005058.wav,"त्याच्या राजवटीत प्रजा फारच सुखी होती, शांततापूर्ण आयुष्य घालवीत होती.",mr,unknown,male
007048.wav,त्यानुसार सात जुड्यांच्या बाबतीत निर्णय घेता येईल.,mr,unknown,male
004435.wav,ओठांवरून जीभ फिरवली तसा कॉफीचा कडवटपणा पुन्हा जाणवला.,mr,unknown,female
003485.wav,अपघातांमधून वाचलेल्या अशा व्यक्तींमध्ये काही अल्पकालीन किंवा दीर्घकालीन परिणाम राहतात.,mr,unknown,female
010394.wav,"ऋषीने शबरीचे वात्सल्याने अवघ्राण केले, व ऋषिपत्नीने तिला प्रेमभराने हृदयाशी धरिले.",mr,unknown,female
005319.wav,"एक मिनिट झाल्यानंतर, दुसरा असं वाटत होते, जसे आत ते लोक, फार वेळ लावत आहेत.",mr,unknown,male
003817.wav,ब्रिटिशांच्या पाठिंब्यामुळे हे सावकार जुलूम करीत होते.,mr,unknown,female
006907.wav,त्यामुळे उसाच्या दुसऱ्या हप्त्याबाबत ते बोलणे टाळत आहेत.,mr,unknown,male
009756.wav,घरच्या दारिद्र्यामुळे तो दूध कोठून आणणार ?,mr,unknown,male
002547.wav,जनक राजाने तिला भूदेवीने दिलेला प्रसाद समजून प्रेमाने आपली मुलगी म्हणून उचलून घेतले.,mr,unknown,female
006703.wav,कर्नाटकातील आंबे दोन डझनाच्या पेटीमध्येही उपलब्ध आहेत.,mr,unknown,male
006480.wav,मुफ्तीसाहेब एके काळी देशाचे गृहमंत्री होते.,mr,unknown,male
001622.wav,"तू गुणी मुलगा आहेसच परंतु सर्व मित्रांना मदत करायला आणि त्यांच्या बरोबर जुळवून घ्यायला तुला शिकलेच पाहीजे, त्यामुळे तू सर्वात 'बेस्ट' होशील.",mr,unknown,female
010316.wav,भिल्ल वगैरे जातींची लहान लहान राज्ये होती.,mr,unknown,female
007591.wav,"गुरुजींच्या घरातील सगळी भांडी दुधाने भरली, तरी वाटीतील दूध संपेना.",mr,unknown,male
007516.wav,चौदाव्या शतकात देवगिरी राज्यावर राजा रामदेव राज्य करत होता.,mr,unknown,male
009755.wav,ते ऐकून जटीलला प्रश्न पडला.,mr,unknown,male
001097.wav,दिव्याची ज्योत निःस्तब्धपणे अंधार हरण करीत असते.,mr,unknown,female
009528.wav,न्याय कठोर असले तरि ह्रदय त्यांचे रीते नव्हते.,mr,unknown,male
010079.wav,"मग श्रीहरी पाताळात जाऊन पोचले, त्यांनी प्रल्हादाला त्याचे राज्य व देह याचे स्मरण दिले.",mr,unknown,male
010382.wav,रोज रोज आकाशात येण्याचा व थंडीत कुडकुडण्याचा त्यांना त्रास नसेल का होत.,mr,unknown,female
008181.wav,"जेवणानंतर भरपूर पाणी प्यायल्यास व्यक्ती स्थूल होते, म्हणजे अनावश्यक चरबी वाढते.",mr,unknown,male
002464.wav,परशुरामावतार घेतांना माझा परशू घेऊन जा व गर्वोन्नत झालेल्या क्षत्रियांचा संहार करणारा हो बरे!,mr,unknown,female
009684.wav,"आत्मानंद महाराज म्हणाले, तू, मी राजा आहे, हा अभिमान सोडून झोपडीत आलास.",mr,unknown,male
003701.wav,"खानोलकर, महेश एलकुंचवार, सतीश आळेकर हे विचकट लिहिणारे ठळक नाटककार होत.",mr,unknown,female
001789.wav,ठरल्याप्रमाणे सर्व मजूरांना घेऊन तो शेतकरी त्या जागृत देवस्थानी गेला.,mr,unknown,female
000251.wav,कंबन हा तामिळनाडूमधील महाकवी होता.,mr,unknown,female
006315.wav,राजा भोजही तिच्याकडे अधूनमधून तिच नृत्य पाहायला जाई.,mr,unknown,male
008536.wav,संध्याकाळी बागेत खेळण्याऐवजी नीतू आपल्या कारजवळच विचार करत बसली.,mr,unknown,male
007453.wav,"लोकांना काय आवडेल, याकडे लक्ष देण्यापेक्षा भगवंताला आपण काय केलेले आवडेल, इकडे लक्ष द्या.",mr,unknown,male
007989.wav,माझ्या मामाच्या गावाला तर नारळाची उंच उंच झाडे आहेत.,mr,unknown,male
000193.wav,"दोन संन्यासी, म्हणजे गुरु-शिष्य ८ महिन्यांनी पावसाळ्यात परत त्यांच्या झोपड्यांकडे आले.",mr,unknown,female
000821.wav,"या कारणास्तव यम आपल्या जगात, यमलोकात परततो.",mr,unknown,female
010542.wav,"माणूस उत्तरला, आज.",mr,unknown,female
006891.wav,हसून साजरं करायचा आईचा वाक्‌प्रचार या निमित्तानं आठवायला काय हरकत आहे?,mr,unknown,male
010203.wav,"संस्कृतमध्ये क म्हणजे पाणी आणि त्या कने, म्हणजे पाण्याने फलित होतो, तो कफ.",mr,unknown,female
010069.wav,भगवान विष्णू प्रसन्न होऊन ’तू परमपदाला पोचशील’ असा वर दिला.,mr,unknown,male
004401.wav,ही बाब त्यांनी न लपविता ते काँग्रेसचे लोकशाही मार्गाने अध्यक्ष झाले.,mr,unknown,female
010390.wav,"ऋषी म्हणाले, होय, परंतु हे काय, वत्से शबरी, अशी रडू नकोस, पूस, डोळे पूस आधी.",mr,unknown,female
005389.wav,"अग ए, पाणी तापलंय कीं नाही ते बघ बरं जरा!",mr,unknown,male
004167.wav,त्यातही हा रिसोर्स अब्यूझचा मुद्दा होता.,mr,unknown,female
010242.wav,"विनूने रक्ताने माखलेला सुरा मनूच्या उशाशी ठेवून दिला, मनू झोपलेला होता.",mr,unknown,female
004952.wav,विश्वरूप पाचअग्नींच्या मध्यात तप करु लागला.,mr,unknown,male
002688.wav,ममतापुरी नगर करुणा नदीच्या कांठावर होते.,mr,unknown,female
004391.wav,"इकडून तिकडून पाच-दहा प्रश्नांची खैरात झाली, आणि फोकस तेंडुलकरांवर आला.",mr,unknown,female
007064.wav,त्यामुळे लहान लहान कळपात हत्ती विखरून त्यांना नवे मार्ग शोधावे लागले.,mr,unknown,male
007200.wav,"प्रभाग एक सुझी लाझ्ले फर्नांडिस तीनशे पंधरा, क्‍लोमा आग्नेलो फर्नांडिस दोन शे चाळीस.",mr,unknown,male
004928.wav,अनेक तर्‍हेने प्रयत्न करून पाहूनही ते मूल मरेना.,mr,unknown,male
008112.wav,"माणसाचा पर्यावरणातील हस्तक्षेप आणि ढवळाढवळ वाढल्याने, तसेच त्याच्या स्वार्थी आणि नियोजनशून्य वृत्तीमुळे पर्यावरणातील समतोल ढासळतो.",mr,unknown,male
005553.wav,बेहोश रम्य राती उधळून श्‍वास गेला,mr,unknown,male
002608.wav,हे प्राणी फार लाजरे असतात व मनुष्यांपासून लांबच राहातात.,mr,unknown,female
008579.wav,"अंधारात लोकांना काही दिसेनासे झाले, धडपडू लागले.",mr,unknown,male
000239.wav,हे ऐकून वडिलांनी मुलाला घोड्यावर बसवले आणि आपण पायी चालू लागले.,mr,unknown,female
004016.wav,"हिरवं लुगडं नेसणं, हिरव्या बांगड्या लेणं वर्ज्य, कारलीच्या मांडवाखालून जाणं वर्ज्य केलं.",mr,unknown,female
010142.wav,तसेच समुद्र मंथनातून धन्वंतरी अमृतकुंभ घेऊन बाहेर आला.,mr,unknown,male
002978.wav,मोठसं पातेलं घे आणि आता ती मोठी चूल पेटव.,mr,unknown,female
006889.wav,मुळशी तालुक्‍यातील जागृत अपंग संघटना' ही अशीच एक संघटना.,mr,unknown,male
007888.wav,"तेव्हापासून यज्ञात ऋग्वेदातील ऋचांबरोबर सामवेदांतील सामेही म्हटली जाऊ लागली, आणि काव्याला संगीताची जोड मिळाली.",mr,unknown,male
007333.wav,"परवाच एका स्फोटात मेलो, पहिल्याच झटक्यात स्वर्गात गेलो.",mr,unknown,male
005474.wav,डाव घेणार्‍या संघाजवळ चेंडु असतो आणि त्यांनी चेंडुनी लक्ष्य साधून त्या पत्थराच्या थप्पीला पाडायच असत.,mr,unknown,male
000946.wav,"सूर्योदय आणि सूर्यास्त, तसेच दुपारी १२ वाजता आणि रात्री १२ वाजता जेवू नये.",mr,unknown,female
007718.wav,"ठीक आहे, मीही या ढोंगी ऋषीचा अपमान करीन!",mr,unknown,male
008699.wav,"मोंटूचे वजन वाढायला लागले होते, त्याचे दात काळे होऊन किडायला लागले होते.",mr,unknown,male
005098.wav,पण हे सारं विसरुन तू स्मशानाकडेच वळतो आहेस.,mr,unknown,male
007710.wav,"राजाला आश्चर्य वाटले, तथापि तहानेने तो व्याकुळ झाला होता.",mr,unknown,male
006056.wav,पण यांच्या सर्व समित्या भाषा तज्ज्ञांना वगळून तयार करण्यात येतात.,mr,unknown,male
006474.wav,साम्राज्याच्या महत्त्वाकांक्षेपोटी देशोदेशी साम्राज्यवाद आणि वसाहतवाद फोफावला.,mr,unknown,male
009524.wav,"क्षणभर राजेपण विसरुन ते दुःखाने थरथरले, आणि मग आमच हे अस वागणं बघुन रागाने बिथरले.",mr,unknown,male
007593.wav,त्यानंतर ते स्वतः गोपाळदादाला भेटायला आले; पण तो भेटला नाही.,mr,unknown,male
003553.wav,घरकामाच्या वेळी मुलगा बसून तर मुलगी अवखळ वयातच घाण्यास जुंपली जाते.,mr,unknown,female
010907.wav,पवनराजाने प्रवाशावर पहिला हल्ला केला.,mr,unknown,female
003361.wav,ग्रीक लोकांच्या ज्योतिर्विज्ञानांत दीर्घवर्तुळाकार कल्पना नाही.,mr,unknown,female
007483.wav,शूरसेन नावाचा एक राजा होता.,mr,unknown,male
005629.wav,पण इतका हळवा निष्काळजीपणा तसा घातकच.,mr,unknown,male
002411.wav,दोघे भाऊ फार शूर व पराक्रमी निघाले.,mr,unknown,female
005784.wav,त्यानंतर तिला मिरजेला इलाजासाठी नेले असता पाठीच्या कण्यातील एक मणका चेपला गेला हे डॉक्टर सांगतात.,mr,unknown,male
004508.wav,"धावपळीन घाम ठिबकत होता, घशाला कोरड पडली.",mr,unknown,female
009258.wav,व्यापारी म्हणाला 'बघ ५००-५०० रूपये म्हटले तरी तुझ्या देहाची किंमत लाखाच्यावर झाली.,mr,unknown,male
003983.wav,त्यातून प्राचीन इष्टका आणि काष्ठ या स्थापत्याच्या दोन परंपरांचे संबंध सुस्पष्ट रीतीने ध्यानात येतात.,mr,unknown,female
007009.wav,कधी कधी बगलेतील ग्रंथींचादेखील यात समावेश असतो.,mr,unknown,male
000147.wav,"क्षणभर राजेपण विसरुन ते दुःखाने थरथरले, आणि मग आमच हे अस वागणं बघुन रागाने बिथरले.",mr,unknown,female
008010.wav,"नंतर हळद-कुंकू, फुले, अक्षता वाहून फुलांची माळ त्यांच्या गळ्यात घालतात.",mr,unknown,male
002295.wav,पण तुझ्या प्रेमामुळे त्यांच्या तोंडांतून ते शब्द उमटत नाहीत.,mr,unknown,female
002254.wav,"आजपर्यंत देव, दानव आणि मानव, सर्वांनी अनेक प्रकारे प्रयत्न करून पाहिला.",mr,unknown,female
003612.wav,गॅमा किरण वापरून निर्जंतुक केलेली कपडयाची घडी स्टरीपॅड औषधांच्या दुकानात उपलब्ध असते.,mr,unknown,female
005354.wav,एके दिवशी सटींगरी या शेजारच्या गावातल्या प्रमुखाने आपला नोकर फुनचोककडे पाठवला.,mr,unknown,male
001737.wav,झोटींगांपेक्षा प्रेमदेवताच जगाचा अधिक लवकर विकास करू शकते.,mr,unknown,female
008133.wav,आईनस्टाईनची `पिडा तरंग' थिअरी तसाच निष्कर्ष सांगते.,mr,unknown,male
008687.wav,बाबाच्या ह्या प्रश्नाने चिनूला आपले संध्याकाळचे वागणे आठवले.,mr,unknown,male
000115.wav,"माझ मन, त्या दोघांची तुलना करण्यात व्यस्त झाल.",mr,unknown,female
009712.wav,विजेच्या चपळाईने कटीची तीक्ष्ण कट्यार उपसून त्याच्या छातीत खुपसली.,mr,unknown,male
006127.wav,"पंधरावीस दिवस गेले, मी विसरुनही गेलो.",mr,unknown,male
006822.wav,बस निझमाबाद जिल्हातील आरमूर शहराकडून नेल्लोर जिल्ह्यातील विगामोरकडे निघाली होती.,mr,unknown,male
010375.wav,अशा प्रकारच्या गोड कविता शबरीला मतंग ऋषी शिकवीत असत.,mr,unknown,female
000499.wav,परिक्षिती राजा शिकारीसाठी अरण्यात फिरत होता.,mr,unknown,female
006560.wav,शंभरदीडशे कडबा व उसाच्या पाचटाच्या पेंढ्या व गोठा जळाला.,mr,unknown,male
006379.wav,"या आठवणींबरोबरच पुढील आयुष्याबद्दलची उत्सुकता, एक अनामिक हुरहूर तुझ्या मनात असेल.",mr,unknown,male
004734.wav,राम वनवासाला निघून गेल्यानंतर अयोध्यानगरी ओसाड पडल्यासारखी झाली.,mr,unknown,male
000721.wav,जनमेजय राजाने वैशंपायन ऋषींना समुद्रमंथनाची कथा सांगण्याची विनंती केली.,mr,unknown,female
004385.wav,वास्तवातल्या युद्धांनतंरही हेच तर होतेय खास करून जीतांबाबत.,mr,unknown,female
009826.wav,"ठीक आहे, मीही या ढोंगी ऋषीचा अपमान करीन!",mr,unknown,male
008869.wav,"मग मात्र आईने सांगून टाकले, जर टीना गौरीला मदत करणार नसेल तर तिला घरात कार्टून पाहता येणार नाही.",mr,unknown,male
007378.wav,मुलाचा सल्ला मानुन त्या माणसाने नदी पार करण्यास सुरुवात केली.,mr,unknown,male
003090.wav,महाराज जखमी होऊन बेशुद्ध झाले होते.,mr,unknown,female
008441.wav,एके दिवशी असाच आग्रह चालला होता.,mr,unknown,male
000485.wav,त्या उत्सवाला अनेक ऋषिमुनी हजर होते.,mr,unknown,female
007841.wav,सूर्य हा आकाशात उडणारा जणू काय एक सोन्याचा हंसच आहे.,mr,unknown,male
000597.wav,"सत्यकाम खाली पाहात हळूच म्हणाला, `भगवन्, मला आपणांजवळ शिकायचे आहे.’",mr,unknown,female
009956.wav,"गौतम म्हणाले, `सत्यकामा, ईश्वराचे ज्ञान झाल्यासारखा तू तेजस्वी दिसतोस, कुणी शिकविले तुला?",mr,unknown,male
007336.wav,"म्हटलं छे हो, सरकारच डोक ठिकाणावर नाही.",mr,unknown,male
007290.wav,"पण मागे वळून पाहण्याच्या अगोदरच, कोणीतरी माझे डोळे मागुन गच्च पकडले.",mr,unknown,male
005165.wav,नाहीतर तुला उंटावरुन खाली पाडीन आणि या सिंहाचेच भक्ष्य बनवीन.,mr,unknown,male
010014.wav,"यज्ञ पार पडून ऋषी स्वर्गाला गेले, तेव्हा त्यांच्या सांगण्याप्रमाणे नाभा त्यांच्या गायी गोळा करू लागला.",mr,unknown,male
001648.wav,तुम्ही जर त्याच्या सारखे वागलात तर तुमचाही स्टॅमीना वाढून न दमता तुम्हीही डोंगर चढू शकाल.,mr,unknown,female
008673.wav,शाळेतल्या मित्रांना त्याचा हेवा वाटायचा.,mr,unknown,male
008266.wav,"मनूच्या मनात शेकडो स्मृती जमल्या होत्या, हृदयात कालवाकालव होत होती.",mr,unknown,male
002701.wav,कारण ती विद्या अवगत करून घेऊन त्याचा उपयोग करण्यांत धोकेच येतात.,mr,unknown,female
009911.wav,"गौतम कौतुकाने म्हणाले, उत्तम आहे, बाळ; पण तुझे गोत्र काय?",mr,unknown,male
001701.wav,"डोंगरावरच्या झाडांना, झ-यांना व रस्त्यांना डोंगराच्या मनातलं कळलं.",mr,unknown,female
009799.wav,पूर्वी वैकुठांत गेलेली मुक्तिसुध्दा नारदमुनींनी त्या थोर कार्यक्रमाला तेथे आणली.,mr,unknown,male
005405.wav,त्याच देशात भांड्यांचा व्यापार करणारा आणखी एक व्यापारी होता.,mr,unknown,male
009582.wav,"वाघीण गरोदर होती, उडी मारता मारताच ती व्यायली आणि थोड्याच वेळाने मरण पावली.",mr,unknown,male
007143.wav,विकासकामांबरोबर गरीबांना आरोग्य सुविधा पुरविण्याकडे मी लक्ष देणार आहे.,mr,unknown,male
002943.wav,इतकं पुरे नव्हतं म्हणून उरलेल्या वेळांत भाताच्या शेतांत जाऊन आपल्या काका-मामांना मदत करायला तिला पाठवले जाई.,mr,unknown,female
006558.wav,अपक्षांच्या अनौपचारिक गटाचे नेतृत्व मोन्सेरात यांच्याकडे असेल.,mr,unknown,male
007223.wav,एक राजा खूप मोठा देवभक्त होता.,mr,unknown,male
006220.wav,"मुंबईतील लक्षावधी रुपयांचे सरकारी उत्पन्न बिहार, उत्तरप्रदेश, तमिळनाडूसाठी जाते.",mr,unknown,male
007585.wav,त्याने आपली व्यथा गोपाळदादाला सांगितली.,mr,unknown,male
000087.wav,"पण मागे वळून पाहण्याच्या अगोदरच, कोणीतरी माघून डोळे गच्च पकडले.",mr,unknown,female
002309.wav,सीता ही जनक राजाची लाडकी कन्या व दशरथासारख्या महाप्रतापी चक्रवर्तीची सून.,mr,unknown,female
002678.wav,माझ्या दृष्टीने तर हा निव्वळ मूर्खपणा आहे.,mr,unknown,female
008999.wav,"थाळी पिटून तो मोठमोठयाने म्हणत होता की, 'लोक हो, ऐका. आपल्या या जागृत देवस्थानातील देवांचे दागिने चोरीला गेले आहेत.",mr,unknown,male
008978.wav,"त्याला पकडून न्यायला तो जेंव्हा जवळ आला, तेंव्हा तो पक्षी अगदी गयावया करून म्हणाला, पारधीदादा जाऊ द्या मला.",mr,unknown,male
002595.wav,स्वतः भगवान रामाने त्यांना प्रेरणा दिली होती.,mr,unknown,female
007092.wav,काळजीपूर्वक प्रवास हेच तर ब्रीद असते.,mr,unknown,male
001030.wav,"मित्र मित्राला ओळखतो, माझा स्वभाव विनूला माहीत आहे, विनू, तुझं काय मत आहे ते सांग.",mr,unknown,female
000137.wav,"म्हणाले, ते पहा सौधातुन आपल्याकडेच पाहतात.",mr,unknown,female
001237.wav,मी माझ्या एकेका दुर्गुणाला खोल खड्डे खणून गाडून टाकत आहे.,mr,unknown,female
006241.wav,ते अपयशी होऊ नये म्हणून आपण मराठीचा अधिकाधिक उपयोग करणे आवश्यक आहे.,mr,unknown,male
007390.wav,"मुख्याध्यापक जे म्हणत आहेत ते बरोबर आहे, महाविद्यालयात सुशिक्षित शिक्षकाची गरज आहे.",mr,unknown,male
002855.wav,त्यामुळे आपल्या ध्येयापासून ते दूर जातात व त्यांच्या जीवनाचा चक्काचूर होतो.,mr,unknown,female
004410.wav,"वसंता आला पेअर, प्लम, डॉगवुड ब्लॉसम आणि मेपलपाने इत्यादी.",mr,unknown,female
001201.wav,"मोठेपणा याचा अर्थ जगाला माहीत असणे, असा मी करीत नाही.",mr,unknown,female
006122.wav,"मराठी भाषा ही सहज सोपी, रसाळ भाषा आहे.",mr,unknown,male
004718.wav,म्हणून त्यांनी पाच अप्सरांना मांडकणी मुनींची तपश्‍चर्या भंग करण्यासाठी पाठविले.,mr,unknown,male
010420.wav,निरोपाप्रमाणे राजाने दुसऱ्या एका भिल्ल राजाच्या मुलाची वर म्हणून योजना केली व शबरीला नेण्यासाठी तो आश्रमात आला.,mr,unknown,female
007943.wav,शंकरांनीही त्रिशूळ पोटात खुपसून त्याला मारण्याचा प्रयत्न केला.,mr,unknown,male
000567.wav,सत्यकामाशिवाय जबालेला कोणीही नव्हते.,mr,unknown,female
008584.wav,"पांढराशुभ्र चन्द्रप्रकाशात पृथ्वीवरच्या माणसांनाही शांत वाटू लागले, झोप येऊ लागली.",mr,unknown,male
005934.wav,मंच म्हणजे व्यासपीठ आणि मंचक म्हणजे पलंग.,mr,unknown,male
005431.wav,म्हणून भाड्याऐवजी तो पाडाच म्हातारीला देऊन मालक निघून गेला.,mr,unknown,male
005869.wav,मी पोहोचण्याच्या अगोदरच शिलाची बहीण आली होती.,mr,unknown,male
006297.wav,त्या घोड्याचा एकंदर अवतार पाहून एका माणसान सौदागराला त्या घोड्याची किंमत विचारली.,mr,unknown,male
003928.wav,"म्हणून तू, जाहलीस माझी, माझी, केवळ माझी",mr,unknown,female
006196.wav,सभा संमेलनातून या आशयाची भाषणे झोडली जातात.,mr,unknown,male
009980.wav,पण कक्षीवान मात्र अजूनही आपली पिशवी घेऊन बसलाच होता.,mr,unknown,male
009719.wav,तुमच्यासारख्या देशद्रोह्याला मारून मी देशकर्तव्य केले आहे.,mr,unknown,male
010463.wav,"आश्रमातील मित्र त्याची जीवनकथा पुष्कळ वेळा विचारीत, परंतु श्याम सांगत नसे.",mr,unknown,female
007918.wav,तरीपण त्याने परत जाऊन मनूचे म्हणणे त्याला सांगितले.,mr,unknown,male
008748.wav,एका रविवारी सकाळी तीन तास बसून बागेचे सुंदर चित्र रंगवले.,mr,unknown,male
007875.wav,त्या वेळी त्याला एक `साम' सुचले.,mr,unknown,male
010024.wav,"काही हरकत नाही, तू रुद्राला सांग की गायीवर हक्क तुझाच आहे.’",mr,unknown,male
009062.wav,कोणी मला खाल्ले तर त्याचे पोट देखील भरणार नाही.,mr,unknown,male
002331.wav,"ऋषींनी सीता, राम व लक्ष्मण यांचा प्रेमादरपूर्वक सत्कार केला.",mr,unknown,female
003516.wav,दुस-या बाजूला वेगाने वाढणा-या आधुनिक वैद्यकशास्त्राला मिळालेला राजाश्रय.,mr,unknown,female
002188.wav,खमाज मेलातील असल्याने गंधार धैवतालाच वादी संवादी मानणे योग्य,mr,unknown,female
000196.wav,"म्हणून मी सांगतो, प्रार्थना, पूजा इत्यादींत काही अर्थ नाही.",mr,unknown,female
008460.wav,त्या भ्रातृसंघातील प्रेमासारखे प्रेम अन्यत्र क्वचितच पाहावयास सापडले असते.,mr,unknown,male
006840.wav,या पार्श्‍वभूमीवर कचरा टाकण्याच्या प्रश्‍नावर शैलेश शिंदे यांची हत्या झाली.,mr,unknown,male
005060.wav,मला तुझे हे करणे जरादेखील पसंत नाही.,mr,unknown,male
000803.wav,घरातील सवाष्ण बायका गाईच्या पायावर पाणी घालतात.,mr,unknown,female
005716.wav,तू मुळाक्षरांच्या पल्याड तर उभी नाहीस,mr,unknown,male
009400.wav,त्याला मधून मधून देवदर्शन होत असे.,mr,unknown,male
007653.wav,"तिथं तर काय, त्या लोकांना अर्थ हाच परमार्थ वाटत होता.",mr,unknown,male
006599.wav,डोनेशन घेणाऱ्या शाळांवर कारवाई करण्याची बुलंद छावा'ची मागणी,mr,unknown,male
000242.wav,हे ऐकून दोघेही घोड्यावर बसले.,mr,unknown,female
002069.wav,"राजा मला शिक्षा कर, लिखित म्हणाला.",mr,unknown,female
006979.wav,संस्कृतसह अन्य प्राच्य विद्यांचा अभ्यास विद्यापीठाच्या विविध विभागातून केला जातो.,mr,unknown,male
009583.wav,"तिचे पिल्लू त्या बक-यांच्या कळपात वाढू लागले, बकऱ्यांसह तेही पालापाचोळा खाऊ लागले.",mr,unknown,male
000645.wav,"सत्यकाम विनयाने म्हणाला, `मनुष्याखेरीज इतर प्राण्यांनीच मला शिकविले.",mr,unknown,female
010265.wav,"साऱ्या गावानं जरी मला दोषी ठरविलं तरी मला त्याची पर्वा नाही, परंतु मित्र दोषी न ठरवो.",mr,unknown,female
005104.wav,त्याने झाडावरून शव खाली उतरवले आणि खांद्यावर घेतले.,mr,unknown,male
005461.wav,"एकदा श्रीवत्सचे दुर्भाग्य बळावले व व्यापारा मध्ये तोटा झाल्यामुळे, त्याला आपल्या सार्‍या संपत्तीला मुकावे लागले.",mr,unknown,male
001638.wav,"जसे जसे हे मावळे वर जात होते तसा त्यांचा उत्साह कमी कमी होत होता, त्यांना दम लागत होता.",mr,unknown,female
000121.wav,"उद्या, तिची ह्याच ठिकाणी भेट घेऊन, तिला सर्व सांगेन, आणि ह्यातून सावरण्याचा प्रयत्न करेल.",mr,unknown,female
005874.wav,मीच खर्च वाचवण्याच्या फंदात पडलो नसतो तर.,mr,unknown,male
002982.wav,एकही माणूस अंबारीत विराजमान झालेल्या माझ्याकडे पहायला तयार नाही!,mr,unknown,female
005070.wav,"पण तो वेडा नव्हता, त्याची बुद्धि भ्रष्ट झाली होती.",mr,unknown,male
003075.wav,ज्याची अंटी खड्ड्याच्या अगदी जवळ असते तो पहिले खेळतो.,mr,unknown,female
009782.wav,"त्यागराज बाजूला बघू लागले, तर तेथे कोणीच नव्हते.",mr,unknown,male
003279.wav,भूपृष्ठाखाली जसजसें खोल जावे तसतसे अंदाजे तापमान वाढते.,mr,unknown,female
002136.wav,"गुरूजी हर्षलला म्हणाले, जपून ठेवण्याचा खरा अर्थ गौतमला उमगला.",mr,unknown,female
007635.wav,"हे कलियुग सुरू झालं ना, तेव्हापासून लोक आम्हाला विचारीनासे झाले बघा.",mr,unknown,male
004971.wav,"त्यांच्या संपूर्ण जीवन इतिहासात, न्यायाधीश महादेव गोविंद रानडे ह्यांनी अन्य कार्यालयाची कामगिरी पण हस्तगत केली.",mr,unknown,male
007771.wav,"त्याचे नावही तिने सत्यकाम, सत्याची आवड असणारा, असे ठेवले होते.",mr,unknown,male
000135.wav,"ते म्हणाले, सध्या तरी सगळ निवांत आहे, स्वर्गात काँग्रेसवाला नाही तर सगळ शांत आहे.",mr,unknown,female
004352.wav,खुपच सुंदर माहीती मुंबईला पाणीपुरवठ्यासाठी डिसॅलिनेशन प्लाँटशिवाय गत्यंतर नाही,mr,unknown,female
005325.wav,"जेंव्हा काशीराज्याचा कारभार ब्रम्हदत्त सांभाळत होता, तेंव्हा बोधिसत्त्वाचा जन्म एका व्यापारी कुटुंबात झाला.",mr,unknown,male
010895.wav,"फुलांचा वास घेऊन ताजेतवाने होतात, तेव्हा, ते सारे तुझंच कौतुक करतात, तुलाच आर्शिवाद देतात.",mr,unknown,female
007413.wav,एक दिवस त्या बकऱ्यांच्या कळपावर एका वाघाने आक्रमण केले.,mr,unknown,male
002560.wav,दुसर्या दिवशी बलिप्रतिपदा म्हणून बलीची पूजा होते.,mr,unknown,female
000063.wav,"जोपर्यंत आपल्यावर देवाची कृपा आहे, आपल्याजवळ त्याचा वास आहे, तोपर्यंतच आपल्याला मानसन्मान आणि समाजाकडून लाभणारे प्रेम मिळणार आहे.",mr,unknown,female
010887.wav,"झरा डोंगराला म्हणाला, अरे डोंगरा, तुझ्याच अंगाखांद्यावरून आम्ही वाहतो, बागडतो, आम्हाला आहेच की तुझी काळजी.",mr,unknown,female
001359.wav,तो पृथ्वीवर आला तेंव्हा माणसे काम करत होती.,mr,unknown,female
007889.wav,"मनूला पुष्कळ मुलगे होते, त्यांत नाभानेदिष्ठ हा सर्वात धाकटा होता.",mr,unknown,male
007738.wav,"ते पाहून शमीक ऋषींनी विचारले, 'बाळांनो, हा काय प्रकार आहे, हा मृतसर्प कसला, आणि तुम्ही सर्वजण हे असे का?",mr,unknown,male
007029.wav,पाच - ॐ इति एकाक्षरं ब्रह्म व्याहरन्‌ ।,mr,unknown,male
002468.wav,चिखलाचे आगर असलेल्या शरवण सरोव-रांतूनच तू आलेला आहेस!,mr,unknown,female
000680.wav,"साकमश्व पुढे म्हणाला, `हे तुला माझे उत्तर आहे, माझ्या बापाचेही हेच उत्तर आहे.’",mr,unknown,female
008185.wav,जेवणात द्रव पदार्थ भरपूर असल्यास वेगळे पाणी पिण्याची आवश्यकता नसते.,mr,unknown,male
000742.wav,ही प्रवरा गोदावरीला मिळून पुढे पूर्वेकडे सागराला मिळाली.,mr,unknown,female
005308.wav,पण त्या ओल्या अंधारवाटांवरती माझ्यासाठी काय वाढून ठेवलेले असेल,mr,unknown,male
006267.wav,"नोकर 'साहेब मला केराच्या टोपलीत शंभराच्या पाच नोटा सापडल्या, हया घ्या.",mr,unknown,male
010289.wav,"त्याला वाईट वाटले, त्याच्या डोळ्यांतून पाणी आले, परंतु शेवटी प्रणाम करून त्याने घराबाहेर पाऊल ठेवले.",mr,unknown,female
003642.wav,कारण त्यावेळेपर्यंत सिरौही शैलीने दख्खनी सौंदर्यमूल्याशी सुसंगत असे वलन घेतले होतेच.,mr,unknown,female
000445.wav,"लोक पाखंडी बनले, ज्ञानाचा त्यांना गर्व झाला.",mr,unknown,female
008945.wav,झोटींगांपेक्षा प्रेमदेवताच जगाचा अधिक लवकर विकास करू शकते.,mr,unknown,male
003259.wav,त्या मानाने कचरा प्रक्रिया व विल्हेवाटीसाठी अगदी कमी खर्च केला जातो.,mr,unknown,female
004664.wav,शुद्धीवर आल्यावर महाराजांनी राणीसाहेबांना दोन वर देऊ केले होते.,mr,unknown,male
001874.wav,"तो वृध्द हळूच घोडयावरून खाली उतरला आणि डोळे किलकिले करून म्हणाला, बाळ मी जग पाहिले आहे.",mr,unknown,female
007934.wav,"या वादाचा निकाल करताना विष्णू म्हणाले, देवांनी एका पंक्तीला व दैत्यांनी एका पंक्तीला बसावे.",mr,unknown,male
002597.wav,शिवाजींनी रामदासांच शिष्यत्व पत्करलं त्या जागेचं नाव होतं सिंगनवाडी,mr,unknown,female
001718.wav,हे ऐकून डोंगराला थोडासाच आनंद झाला.,mr,unknown,female
002913.wav,पाण्याचा गार स्पर्श माझ्या त्वचेला फार आहलादक वाटला.,mr,unknown,female
002844.wav,पहिल्या माणसाने लागलीच गुहेच्या वरची लोखंडी सांखळी आपली पुरी ताकद पणाला लावून ओढली.,mr,unknown,female
004028.wav,"सगळ्याच रेसिपिज दिसायला खूप आकर्षक आहेत, चव पण छानच असेल.",mr,unknown,female
005489.wav,हा खेळ देशाच्या बर्‍याचश्या भागांमधे फार हौशीने खेळला जातो.,mr,unknown,male
009460.wav,साधारण साडे नऊ ची वेळ असावी.,mr,unknown,male
004486.wav,"टेल्को, बजाज ऑटो, टेम्पो, महिन्द्रा, एस्कॉर्ट्स, एसटी या गाड्या दिसल्या.",mr,unknown,female
002557.wav,तेव्हां वामनरूपातील विष्णूने विराट रूप धारण करून पायाच्या अंगठ्याने रावणाला उडविले.,mr,unknown,female
000490.wav,कौशिकी नदीच्या तीरावर अत्यंत रमणीय अशा निसर्गसुंदर ठिकाणी शमीक ऋषींचा आश्रम होता.,mr,unknown,female
000494.wav,"एके दिवशी ते सर्व ऋषिकुमार त्या उपवनात होमासाठी समिधा आणण्यास गेले होते, त्यांच्या बरोबर शृंगीही गेला होता.",mr,unknown,female
000691.wav,"नाभा चिडला व मनूला म्हणाला, `बाबा, माझा वाटा कुठे आहे?’",mr,unknown,female
007749.wav,शमीक ऋषींच्या आश्रमातून गेल्यावर परिक्षिती राजा वेगाने आपल्या राजधानीत पोचला.,mr,unknown,male
003822.wav,याचे पुरावे अंटार्क्टिका च्या बर्फांच्या अस्तरात मिळतात.,mr,unknown,female
000603.wav,पुन्हा गौतमांची नजर सगळीकडे फिरली.,mr,unknown,female
001912.wav,"निराश होणं कधी मंजूर नव्हतंच, हारही मानायची नव्हती.",mr,unknown,female
001015.wav,यानंच या प्रवाशाचा खून केला असेल आणि स्वत: साळसूदपणा दाखवीत आहे.,mr,unknown,female
007406.wav,"त्यांनी कविता लिहिली, त्या कवितेत होते, देवा, आम्हाला आधीच ज्ञात असते, तर आम्ही आधी अर्धेच छप्पर बांधले असते.",mr,unknown,male
001994.wav,तो पेढे घेऊन शाळेत आला.,mr,unknown,female
006955.wav,पण तुलनेन कमी व्यवहार असूनही न्यूयॉर्क एक्‍सचेंजमधील व्यवहारांना जास्त मूल्य आहे.,mr,unknown,male
003758.wav,ज्योतिष-शास्त्राप्रमाणे ज्योतिष शास्त्रांचा बृहत्पाराशरी या नावाचा ग्रंथ आहे.,mr,unknown,female
006648.wav,राजघराण्याला पाठिंबा दिल्याबद्दल त्यांना नेपाळी कॉंग्रेस पक्षातून निलंबित करण्यात आले आहे.,mr,unknown,male
009325.wav,त्यावेळेच्या भारताच्या पंतप्रधान श्री लालबहादूर शास्त्री ह्यांच्या पत्नी.,mr,unknown,male
002367.wav,"मला माहित नाही मॅडम, आमच्या गल्लीत अस कोणी रहात नाही.",mr,unknown,female
005284.wav,पण सत्ताधीश आणि धनवंत अहंकारी असतात आणि आपले नैतिक संतुलन घालवून बसतात.,mr,unknown,male
004371.wav,धन्यवाद स्मित स्मित सर्व घरच्याघरी मुर्तीकारांचे आणि इकोफ्रेंडली सजावटींचे कौतुक.,mr,unknown,female
002687.wav,तुला मी उदाहरण म्हणून कनकसेन राजाची गोष्ट सांगतो.,mr,unknown,female
001574.wav,"आई, आज मी निळ्या ड्रेसवर हे बूट घातल्यावर किती छान दिसतील नाही, नीनाने आईला मीठी मारत विचारले.",mr,unknown,female
001362.wav,"देवाने दुसर्या माणसाला विचारले, झाड लावण्यासाठी तू हा खड्डा कधी खणलास.",mr,unknown,female
007206.wav,"त्यावर त्या स्त्रीने सांगितले, मी लक्ष्मी आहे, आता या राजवाड्यातून मी जात आहे.",mr,unknown,male
001527.wav,दुसर्या दिवशी सकाळी उठल्यावर नेहमीप्रमाणे समुद्रावर जाण्याची तयारी झाली.,mr,unknown,female
001328.wav,घरी आल्यावरही तिच्या डोक्यात तोच विचार होता.,mr,unknown,female
007758.wav,शमीक ऋषींचा तो निरोप ऐकून राजाला समाधान वाटले.,mr,unknown,male
010661.wav,बाबाच्या ह्या प्रश्नाने चिनूला आपले संध्याकाळचे वागणे आठवले.,mr,unknown,female
001552.wav,मंजूने कालचे संभाषण ऐकल्याचे सांगितले.,mr,unknown,female
007546.wav,"तेव्हा वीरमती म्हणाली, माझा तुमच्याशी विवाह होणार होता आणि मीही मनाने तुम्हालाच वरले होते.",mr,unknown,male
010605.wav,मिठू घरात फिरुन आली की घरट्यात जाऊन बसायची.,mr,unknown,female
001338.wav,"नीता हटट न करणार्या, व्यवस्थित जेवणार्या मुलांची इच्छा सहज पूर्ण होते.",mr,unknown,female
003902.wav,नकत घडता जातीद्वेष यासी दिसे सर्व इष्ट,mr,unknown,female
003011.wav,योग्य किंमतीपेक्षा जास्त किंमत देऊन स्वतःसाठी त्यांतून कांही रक्कम उचलीत असावा.,mr,unknown,female
005042.wav,"त्याची हकालपट्टी होईलच, शिवाय त्याला मरणदंडाची शिक्षा होईल.",mr,unknown,male
009674.wav,"त्यालावाटले, महाराज त्याच्या स्वागताला बाहेर येतील.",mr,unknown,male
002251.wav,आपण सर्व आज मिथिला नगरीस जाणार आहोत.,mr,unknown,female
009421.wav,तेव्हापासून ते एकजुटीने वागू लागले.,mr,unknown,male
007873.wav,"तो जवळ जवळ नउशे वर्षांचा म्हातारा झाला होता, अजून त्याचे कोडे कोणाला सुटले नव्हते.",mr,unknown,male
005040.wav,"प्रजा सुखी होती आणि राज्याची भरभराट होत होती, त्याबद्दल तो जागरूक होता.",mr,unknown,male
002347.wav,"तो तिला उलट उत्तर देऊन, तोंडावरच तिची निंदा करून तेथून निघून गेला असता.",mr,unknown,female
010163.wav,बळीराजाची दानशूरता पाहून वामनाने त्याला पाताळीचे राज्य दिले.,mr,unknown,male
005486.wav,अशा रीतिने प्रत्येक मुलगी तीचा डाव संपेस्तोर खेळते.,mr,unknown,male
010651.wav,"हे ऐकल्यावर चिनूला खूपच राग आला, हे काय डब्यातही तेच आणि आताही तेच, मी नाही काही खात जा, चिन्मय धूसफूसत म्हणाला.",mr,unknown,female
002785.wav,दुसरा कांही मार्ग नसल्याने समरबाहू व चंदूने खड्गवर्माचे हात पकडले.,mr,unknown,female
005695.wav,"आहे, बहीण, बायको, काकी नी चुलतभाऊ इत्यादी.",mr,unknown,male
005120.wav,"आपण ही जबाबदारी माझ्यावर सोपवली आहे, त्याबद्दल मी आपल्याला धन्यवाद देतो.",mr,unknown,male
005167.wav,कारण त्याला ठाऊक होतं की त्या सिंहाने त्याला काहीच केलं नसतं.,mr,unknown,male
005556.wav,अन्‌ मोगरा सुगंधी लाजुन धुंद झाला,mr,unknown,male
005600.wav,पण या षंढ संस्कृतीन मलाही षंढच बनवल,mr,unknown,male
009637.wav,"कूत्तन आपले रामायण गायला बसला की, श्रोते नगण्यच असायचे, त्यामुळे कूत्तन हिरमुसला व्हायचा.",mr,unknown,male
000151.wav,न्याय कठोर असले तरि ह्रदय त्यांचे रीते नव्हते.,mr,unknown,female
002805.wav,आम्ही त्या भूतळाखालच्या दिशेकडे जाऊं लागलो.,mr,unknown,female
010914.wav,या नंतरही उष्णता आणखी असह्य झाल्यावर तो प्रवासी जवळच्या नदीत अंघोळ करावयास उतरला.,mr,unknown,female
002087.wav,घाबरलेला मी गळयाला मिठी मारली.,mr,unknown,female
003752.wav,महामंडळाने मागील वर्षी सतरा शे नऊ बसेस रस्त्यावर आणल्या आहेत.,mr,unknown,female
005613.wav,त्यांनी नामोल्लेखाची अट घातली नाही तरी ती करणे कर्तव्य समजतो.,mr,unknown,male
002260.wav,"जनकराजाचे पुरोहित शतानंद हे अहल्या व गौतम यांचे चिरंजीव आहेत, हे ऐकून रामलक्ष्मणास कौतुक वाटले.",mr,unknown,female
004018.wav,"’ या मातीशी, धरणीशी इमान राखून तिला सुजलाम- सुफलाम बनविण्यात हयात घालविली.",mr,unknown,female
007355.wav,न्याय कठोर असले तरि ह्रदय त्यांचे रीते नव्हते.,mr,unknown,male
009290.wav,"ते म्हणाले, 'आज सकाळीच एका अपरिचिताने येऊन माझ्या गळयात हार घातला, माझ्या पायावर डोकं ठेवलं.",mr,unknown,male
002425.wav,आपले तोंड माकडा-सारखे बदलले असल्याचे कळल्यावर नारदाच्या तळपायाची आग मस्तकापर्यंत गेली.,mr,unknown,female
004139.wav,तिचे दागदागिने आणि घर इथपर्यन्त मजल गेल्यावर मात्र तिला धस्स झालं.,mr,unknown,female
003857.wav,"खुदकन हसणे, रुसुन बसणे अन उभीच काया थरथरणारी",mr,unknown,female
000860.wav,"त्यानिमित्त यादिवशी जावयांस आहेर करतात, हा दिवस म्हणजे शरद ऋतुतील कार्तिक मासातील द्वितीया.",mr,unknown,female
005368.wav,तुम्हाला केळी आवडतात हे मला माहीत आहे.,mr,unknown,male
002963.wav,किल्ल्यांतल्या रथाजवळ बाहेरची कुत्री पोचणे सुद्धां शक्य नाही.,mr,unknown,female
009002.wav,"इथल्या देवाला प्रत्यक्ष त्याच्याच देवळातल्या मौल्यवान वस्तू कोणी चोरल्या ते शोधून काढता येत नाही, तर माझं फावडं चोरणारा चोर, देव कसा काय शोधून काढेल?",mr,unknown,male
008500.wav,या राज्याच्या जुलमी राजाला ताळ्यावर आणण्यासाठी मी माझे प्राणही पणाला लावीन.,mr,unknown,male
009380.wav,"त्यावर त्या स्त्रीने सांगितले, मी लक्ष्मी आहे, आता या राजवाड्यातून मी जात आहे.",mr,unknown,male
004740.wav,"म्हणजे, तू स्वतःच आपल्या पतीचा वध केलास.",mr,unknown,male
009413.wav,त्या गृहस्थाने त्यांच्यापैकी प्रत्येकाला आपापली काठी मोडण्यास सांगितले.,mr,unknown,male
004463.wav,त्यावेळी शॄंग ऋषी तिथे उपस्थीत होते.,mr,unknown,female
005529.wav,"अज्ञानाने झपाटलेले काही विद्रोही तांड्यातून बाहेर फेकले जातात, त्यांचा निरोप समारोह तांड्यातील पीएच.",mr,unknown,male
001365.wav,देवाला आश्चर्य वाटले.,mr,unknown,female
001780.wav,"अजून काही विपरित घडलं नाही, तोवरच शहाणपणानं आपली तोंडं काळी करूया आपण!",mr,unknown,female
007076.wav,भूसंपादनविरोधी संघर्ष समितीचे कार्याध्यक्ष सयाजी नवले यांनी उपस्थितांचे स्वागत केले.,mr,unknown,male
004786.wav,भूदेवीने विष्णूचे स्मरण करुन; तिचा उद्धार करायला त्याची करुणा भाकली.,mr,unknown,male
009022.wav,आपले मूल कसेही असले तरीही प्रत्येक आई त्याच्यावरून सारे जग ओवाळून टाकते.,mr,unknown,male
001819.wav,"डोमकावळयाने कारण सांगितल्यावर कोल्हा त्याला म्हणाला, 'अरे वेडया, आशेने असा वाहून जाऊ नकोस.",mr,unknown,female
000370.wav,"गोपाळदादा धाव, आता तूच माझे रक्षण कर.",mr,unknown,female
004938.wav,दितीची मुलं म्हणून दैत्य म्हणजे राक्षस होऊन जन्माला आले.,mr,unknown,male
002705.wav,तेव्हां प्रेताच्या आंत लपलेला वेताळ राजाला म्हणाला.,mr,unknown,female
005286.wav,शहाण्याला अशक्यप्राय गोष्टही शक्य करता येते.,mr,unknown,male
000176.wav,कसाबसा तो त्यातून सावरला आणि बाहेर येउन त्या मुलावर जोरात खेकसला.,mr,unknown,female
006406.wav,परिणामी प्रदूषणकारी वायूंचे प्रमाणही वाढणार आहे.,mr,unknown,male
008589.wav,ताईंनी ह्या कोयींपासूनच मुलांना रोपे तयार करायला सांगितली होती.,mr,unknown,male
002094.wav,दिल्लीचा प्रमुख मार्ग गाडया भरधाव धावत होत्या.,mr,unknown,female
009306.wav,प्रत्येक जण आपल्या कामाच्या गर्दीत होता त्यामुळे कुणालाच थांबायला वेळ नव्हता.,mr,unknown,male
003492.wav,जखम चिघळत राहिली तर रक्तातील साखरेची पातळी वाढलेली असल्याची शक्यता असते.,mr,unknown,female
001921.wav,ते मी करत होतो आणि सारे तथाकथित निपुण लोक पाहात होते.,mr,unknown,female
000083.wav,साधारण साडे नऊ ची वेळ असावी.,mr,unknown,female
000817.wav,महालाचे प्रवेशद्वार ही असेच सोन्या चांदीने भरून रोखले जाते.,mr,unknown,female
009422.wav,एका गावात रथोत्सव चालू असतो.,mr,unknown,male
001092.wav,"मतंग ऋषी फार थोर मनाचे होते, प्रातःकाळी नदीवर स्नान करुन नंतर ते संध्या, ईश्वरपूजा व ध्यानधारणा करीत.",mr,unknown,female
004397.wav,"चेंडुच्या वेगाचा अंदाज घेण्याआधीच बॅट फिरवण्याचा आततायीपणा नडला, हे स्पष्ट होतं.",mr,unknown,female
010111.wav,"वसुबारस ह्याचा अर्थ- वसु म्हणजे द्रव्य, धन, त्यासाठी असलेली बारस म्हणजे द्वादशी.",mr,unknown,male
005569.wav,पुन्हा हॅलोहॅलो माईक टेस्टींग मात्र जनरेटरचा आवास्तव आवाज ही टेस्टींग देखील फेल करतो.,mr,unknown,male
000284.wav,अध्यात्म शिकवण्यासाठी त्यांना प्रतिदिन राजवाड्यात घेऊन येण्यास सांगितले.,mr,unknown,female
006125.wav,लाखो मराठी मनाशी मैत्री साधण्याच कसब पुलंना साधल कस,mr,unknown,male
004121.wav,भरीत भर म्हून शांताक्कासकट इकत्या जनांना पोलीसांनी धरलंय ?,mr,unknown,female
008742.wav,"आपला खर्च भागवण्यासाठी आम्ही इतरही उद्योग करायचे ठरवले आहे, पण त्यासाठी निसर्गाची हानी मात्र अजिबात करायची नाही.",mr,unknown,male
000610.wav,असल्या कामात शिष्याची बुध्दी किती आहे हे दिसून येत असे.,mr,unknown,female
002916.wav,"सुधारलेल्या संस्कृतीची माती, हरवलेल्या खजिन्याचा धातु सारखा भास, शतकांचे पाप.",mr,unknown,female
001814.wav,आपले मूल कसेही असले तरीही प्रत्येक आई त्याच्यावरून सारे जग ओवाळून टाकते.,mr,unknown,female
001272.wav,"उत्साही परिस्थितीत, सहानुभूतीच्या वातावरणात काम करावयास मनुष्य कंटाळत नाही, उलट चार धंदे करण्यात धन्यता व आनंद मानतो.",mr,unknown,female
008465.wav,"माझ्या आईचे माहेर फार श्रीमंत नव्हते, तरी सुखी होते, माहेरी खाण्यापिण्याची ददात नव्हती.",mr,unknown,male
010509.wav,आम्ही आमच्या वडिलांना भाऊ म्हणत असू व लोक त्यांना भाऊराव असे म्हणत.,mr,unknown,female
002995.wav,त्याच देशात भांड्याचा व्यापार करणारा आणखी एक व्यापारी होता.,mr,unknown,female
008374.wav,"फूल घरी आणले तर किती लवकर कोमेजते, परंतु झाडावर ते बराच वेळ टवटवीत दिसते.",mr,unknown,male
009943.wav,"अग्नी म्हणाला, `समुद्र, पृथ्वी, हवा, आकाश हा ईश्वाराचा भाग आहे, हंस तुला आणखी सांगेल.",mr,unknown,male
006410.wav,"द्रौपदीची भरदरबारात विटंबना होत असताना सर्व आचार्य, प्राचार्य, द्रोणाचार्य तटस्थ राहिले.",mr,unknown,male
006105.wav,ठीक माझे कपडे मी आल्यावर धुवून टाकीन.,mr,unknown,male
009097.wav,एकलव्य हा एका आदिवासी पुत्र.,mr,unknown,male
002643.wav,गण्डक जमातीने हा दिवस वार्षिकोत्सव म्हणून साजरा करायचे असे ठरवून आवश्यक ती तयारी केली.,mr,unknown,female
007895.wav,नाभाला वडील भावांनी काही न देता धुडकावून लावले.,mr,unknown,male
004509.wav,इकडे सगळे ससे अगदी ठरल्याप्रमाणे चांदणंतलावाजवळ आले.,mr,unknown,female
002306.wav,सूर्यास्त होऊन गेला व काळोख पडूं लागला.,mr,unknown,female
007835.wav,"अग्नी म्हणाला, `समुद्र, पृथ्वी, हवा, आकाश हा ईश्वाराचा भाग आहे, हंस तुला आणखी सांगेल.",mr,unknown,male
007537.wav,"त्या वेळी कृष्णराव काहीच बोलला नाही, त्यामुळे इतरांना त्याचे मोठे आश्चर्य वाटले.",mr,unknown,male
004196.wav,"मिणमिणत्या उजेडात, अंधाराला जरा डोळे सरावल्यावर ते आपल्याला दिसूही शकतात.",mr,unknown,female
005563.wav,आकांत श्वासात शांतता कुजबुज टाळे माझे आई,mr,unknown,male
004841.wav,"गंगाभवानी, तुला पवित्र करण्यास पार्वती येत आहे.",mr,unknown,male
004656.wav,तर मग मी जितेंद्रिय झालो का,mr,unknown,male
008950.wav,"अर्थात, धनगराचा लांडगाही शेवटी लांडगाच.",mr,unknown,male
004169.wav,"त्यांना चोग्याल म्हणजे आध्यात्मिक आणि कालसंभव अधिकारप्राप्त राजा, ही पदवी मिळाली.",mr,unknown,female
003850.wav,"पैठण असावली किंवा पैठणी, पीताम्बर, किमखाब धोतरे",mr,unknown,female
010772.wav,"अशामुळे शाळेत येऊन इतके दिवस झाले तरी त्याला कुणीच मित्र मिळाले नव्हते, भुवन अगदी एकटा पडला होता.",mr,unknown,female
009196.wav,"ज्यांनी मला ही दृष्टी मिळवून देण्यास सढळ व निस्वार्थी मदत केली त्या माझ्या मोठया भावांना मी प्रथम पाहू ईच्छितो, त्याला एकदम गहिवरून आलं.",mr,unknown,male
005254.wav,एक दिवस माधव सहकुटुंब राजधानी पहायला निघाला.,mr,unknown,male
010479.wav,"शक्यतोवर जपावे, यत्न करावे, प्रामाणिकपणे झटावे, आत्मवंचना करू नये.",mr,unknown,female
005534.wav,"आता कसं सगळ हवंतसं, त्यामुळे शांतता असेल तुमच्या सृजनशिलतेच्या परसदारात.",mr,unknown,male
002415.wav,सर्व उत्सवांमध्ये गणपती-नवरात्राचा उत्सव श्रेष्ठ उत्सव मानला जाईल!,mr,unknown,female
003555.wav,यासाठी शासन भारतीय बालरोगतज्ञ परिषदेची शिफारस वापरते.,mr,unknown,female
004692.wav,बाबांना फार त्रास सोसावा लागला असेल नाही,mr,unknown,male
004499.wav,"अर्जून, लोन अगेन्स्ट सेक्युरिटीज नावाचे एक प्रॉडक्ट असते.",mr,unknown,female
002196.wav,त्याच्यावर अखंड सळसळणारी उदात्त सावली करून उभा राहिलेला भव्योदात्त अश्वत्थ दिसतो.,mr,unknown,female
005046.wav,आपल्या खांद्यावर ते प्रेत घेऊन तो स्मशानाच्या दिशेने चालायला लागला.,mr,unknown,male
002601.wav,मग त्या लोकांनी मलेरियाच्या इलाजासाठी त्या सालातून रसायन काढणे शीकून घेतले.,mr,unknown,female
006164.wav,मराठी माणूस अठरापगढ जातीतच विखुरलेला राहिला.,mr,unknown,male
006374.wav,"आहारात डिंक, खारीक, बदाम, पंचामृत यांचा समावेश असू द्यावा.",mr,unknown,male
001519.wav,वाळूत ती अनेक प्रकारची नक्षी काढत असे.,mr,unknown,female
004765.wav,"क्षीरसागरात जो त्रिकूट पर्वत आहे, त्याला लोखंड, चांदी व सोन्याची तीन शिखरे आहेत.",mr,unknown,male
004315.wav,’बॉम्बे टॉकीज’ हा फिल्म इंडस्ट्रीचा ’ब्रॅण्ड’ होता.,mr,unknown,female
003367.wav,स्वतः अनेक प्रयोग करून विद्युत-चुंबकीय प्रवर्तनासंबंधी महत्त्वाचे संशोधन केले.,mr,unknown,female
006059.wav,महाराष्ट्रात जर काही स्वाभिमानी पिढी शिल्लक असेल तर याचा विचार व्हावा.,mr,unknown,male
007572.wav,पुढे काही दिवसांनी तिन्ही सांजेच्या वेळी तो रानातून परतत असतांना त्याला वाघाची डरकाळी ऐकू आली.,mr,unknown,male
008567.wav,"देवाने माणसाला विचारले, तू तुझे हे शेत कधी नांगरले .",mr,unknown,male
006310.wav,मात्र तुमच्या मुलाचं व माझ्या मुलीच लग्न सध्या जमवून ठेवायचं आणि वर्षभरान लावायच.,mr,unknown,male
002634.wav,आपण राज्यकारभारांतून मुक्त झालो तर चांगलं होईल असं त्याला वाटायला लागलं.,mr,unknown,female
005756.wav,सांजवेळी वासरांचे चौखूर होणे हा कोणता खेळ आहे.,mr,unknown,male
005634.wav,"आता वाटलंच, तर चाल जरासं गाडीबरोबर",mr,unknown,male
008976.wav,"कधी कधी चांगल्याप्रमाणे वाईट गोष्टीही जगात परस्परांना साजेशा, शोभून दिसतात.",mr,unknown,male
005923.wav,"तिच्याकडे फक्त इंजिन म्हणून न बघता ति लवचीक, प्रेमळ, वात्सल्यमयी, सहनशील आहे.",mr,unknown,male
010187.wav,"रस्ते चिखलाचे होतात, पाऊस पाणी रस्त्यांवर वाहते.",mr,unknown,male
009635.wav,"कंबन आपले रामायण गायला लागला की, श्रोते तल्लीन व्हायचे आणि वाहवा करायचे.",mr,unknown,male
002435.wav,त्याने त्रिलोक जिंकला आणि देवांवरचा सूड उगविण्यासाठी देवांवर अत्याचार सुरू केला.,mr,unknown,female
009064.wav,मी मोठा गरगरीत झाल्यावर माझा मेजवानीसाठी उपयोग होईल.,mr,unknown,male
008142.wav,"त्याला कारण मुलांच्या शिकवणीच्या वर्गाच्या, नोकरीवरून घरी परतण्याच्या वेळा यांना काही घरबंधच राहिलेला नाही.",mr,unknown,male
008296.wav,आश्रमाच्या आसमंतातले वातावरण अतिशय प्रसन्न व पावन असे ती ठेवीत असे.,mr,unknown,male
007963.wav,"अशा स्थितीत पुष्कळ काळ लोटला, त्या वेळी दानवांनी त्याला जागृत करण्याचा प्रयत्न केला.",mr,unknown,male
006065.wav,या देशातील सर्व स्तरावरील सत्ताधीश हे स्वतःच्या खुर्च्या सांभाळण्यातच गर्क आहेत.,mr,unknown,male
004521.wav,"उलट दूध हा नेहमीच सात्म्य असणारा, उपयुक्त पदार्थ आहे.",mr,unknown,female
005588.wav,"म्हणून तू, जाहलीस माझी, माझी, केवळ माझी",mr,unknown,male
003546.wav,या औषधाने खरुज बरी झाली नाही तर परमेथ्रिन हे औषध वापरावे.,mr,unknown,female
008343.wav,उषादेवीचे एक गाणे मतंग ऋषींना फार आवडे. त्याचा अर्थ पुढीलप्रमाणे होता.,mr,unknown,male
007214.wav,तेव्हा राजाने त्यालाही हात जोडून नम्रपणे त्याचे नाव विचारले.,mr,unknown,male
009652.wav,"माझ्या रामायणाचे उत्तरकांड अजून रचायचे आहे, ते मी आता रचणार नाही.",mr,unknown,male
005532.wav,कालांतराने कळपाच्या एकात्मतेसाठी तांड्यातील अनेक 'संस्कृतीवीर'कार्यकर्ते झटले.,mr,unknown,male
005445.wav,शिवाय सर्व अंगावर अस्वलासारखे लांब लांब केसही होते.,mr,unknown,male
000518.wav,परिक्षिती राजा आश्रमातून जाताना एक दोन ऋषिकुमारांनी दुरून पाहिला.,mr,unknown,female
009172.wav,"मनोज आनंदाने तयार झाला, चाचपडत, चाचपडत तो बैठकीत आला.",mr,unknown,male
006161.wav,शिवसेनेस कमजोर करण्याचे काम कॉंग्रेस पक्ष करू शकला नाही.,mr,unknown,male
008232.wav,"आता त्याची अब्रूही परमेश्वर नेऊ पाहात होता, जीवनातील सर्वांत मोठी मोलवान वस्तू, तीही आज जात होती.",mr,unknown,male
010127.wav,लग्नानंतर चवथा दिवस हा तो मृत्युमुखी पडण्याचा दिवस असतो.,mr,unknown,male
008856.wav,"कधीतरी बदल म्हणून वेफर्स, बिस्किटे खायला हरकत नाही, पण संपूर्ण जेवण त्यावर नको.",mr,unknown,male
010881.wav,"डोंगरावरची झाडं हसली, सळसळली.",mr,unknown,female
001416.wav,आईने धावत येऊन पाहिले तर मैना निपचित पडलेली होती.,mr,unknown,female
004665.wav,परंतु मंथरेच्या संगतीत तिचे मन पालटले होते.,mr,unknown,male
004457.wav,त्यांच्यातला किडा काढायचो तळहातावर ठेउन मुठ बंद केली की त्याच्या गुदगुल्या अनुभवायचो.,mr,unknown,female
002762.wav,क्षणभर तो विचारांत पडला की आता काय करायचं?,mr,unknown,female
006975.wav,मजूर कंत्राट संस्थेसारख्या लेबर कॉंट्रॅक्‍ट सोसायटी यंत्रणांची खरे म्हणजे गरजच नाही.,mr,unknown,male
006482.wav,या जोखमीपासून संरक्षणासाठी भविष्यकालीन सौद्यांचा आधार घेता येणार आहे.,mr,unknown,male
005912.wav,फरक एवढाच कि क्षेत्र किंवा स्वरुप बदललेल आहे.,mr,unknown,male
006548.wav,त्यामुळे मिळालेल्या पेनल्टी फटक्‍यावर गोलरक्षक गुम्पे रिमे याने रॅन्टीने सहज चकविले.,mr,unknown,male
004856.wav,"अरे, त्यानंतर काही तरी जगावेगळं घडलं खरं.",mr,unknown,male
009711.wav,"तेव्हा ‘हा देशद्रोही आहे’, असे म्हणून वीरमती चवताळलेल्या वाघिणीसारखी त्याच्या अंगावर धावली.",mr,unknown,male
000128.wav,विश्वास ठेऊन नात्यांत आणल्या गेलेल्या जवळीकतेचा गैरफायदा घेणारे आणखी जन्मायला नकोत.,mr,unknown,female
003475.wav,जंतुविरोधी औषधांबरोबरच पॅमाल ऍस्पिरिन विश्रांती व हलका आहार द्यावा.,mr,unknown,female
006359.wav,याविषयीचे प्रतिज्ञापत्र सर्वोच्च न्यायालयातही सादर करण्याची तयारी या राज्यांनी चालविली आहे.,mr,unknown,male
008853.wav,"आईने केलेले पदार्थ कुरकूर न करता मनापासून जेवतो, त्यामुळे त्याच्या शरीराचे चांगले पोषण होऊन शक्ती वाढते.",mr,unknown,male
004311.wav,सियाचेनजवळ रजांगला सीमेवर तांगत्से नामक चौकी आहे.,mr,unknown,female
002439.wav,तो प्रश्न ऐकून पार्वतीच्या तोंडावाटे शब्द उमटत नसलेला पाहून विष्णूने ब्रह्मदेवाला खूण केली.,mr,unknown,female
003766.wav,पाच शे एकोणचाळीस जे अंतकरणातून येते तेच अंतकरणाला जाऊन भिडते.,mr,unknown,female
009056.wav,घमेंडीत वावरणा-यांचा सदैव नाश होतो.,mr,unknown,male
007104.wav,परिसरात जांभळाची मुद्दामहून लागवड केलेली नाही.,mr,unknown,male
006433.wav,माजी आमदार कल्याणराव पाटील यांनी आंदोलनाबाबतच्या पोलिसांच्या भूमिकेबद्दल निषेध व्यक्त केला.,mr,unknown,male
007663.wav,"ह्या मायामोहानं मूढ झालेल्या जगाला पुन: भक्ती, ज्ञान आणि वैराग्य यांच महत्त्व पटवून लोककल्याण साधा.",mr,unknown,male
007478.wav,"आता मी सांगतो ते ऐक, तुझे रामायण लिहून पूर्ण झाले आहे.",mr,unknown,male
010692.wav,मोंटू दचकून जागा झाला.,mr,unknown,female
001474.wav,"नाखुषीनेच चिनूने मटार सोलायला घेतले, त्यानंतर तांदूळ निवडले.",mr,unknown,female
006341.wav,"एवढा खर्च दागिन्यांचा, उगाच दुसऱ्यांसाठी करायचा",mr,unknown,male
004822.wav,"त्या दोघींनी त्याला एकदम कडेवर घेवून एकेका गालाचा मुका घेतला, व म्हणाल्या.",mr,unknown,male
000019.wav,"जीवनात सदाचार, नीतीमत्ता, धर्माचरण, आदी नसेल, तर दान, लक्ष्मी, श्रीमंती, आदींचा काहीच उपयोग नाही.",mr,unknown,female
003561.wav,पण त्यासाठी नेमके कसले भिंग पाहिजे याचा अभ्यास करणे आवश्यक असते.,mr,unknown,female
003952.wav,"उथळ शिल्पे, आडवे पाषाणपट्ट, वेलपत्ती, तोरणे, शंकरपाळ्यासारख्या आकृती व सुंदर मूर्ती यांचा अंतर्बाह्य वापर केला आहे.",mr,unknown,female
000050.wav,मार्गात मध्येच भाविकांना कचरा खाणारे एक गाढव दिसते.,mr,unknown,female
005438.wav,गुरुकुलातून समावर्तन संस्कार झाल्यावर घरी निघतेवेळी कुलगुरुने शिष्याला आशीर्वाद देऊन पाच आयुधे दिली.,mr,unknown,male
010826.wav,दररोज सकाळी व्यायाम केल्यामुळे त्याचा स्टॅमीना पण वाढला आहे.,mr,unknown,female
000888.wav,"निसर्गावर आक्रमण करण्याचा विचार व्यर्थ आहे, यालाच आम्ही धर्म म्हणतो.",mr,unknown,female
006262.wav,विजेच्या मूलभूत एककास इलेक्ट्रॉन ही संज्ञा जॉर्ज जॉन्स्टन स्टोनी यांनी दिली.,mr,unknown,male
006990.wav,"ते म्हणाले, की समाजात भष्टाचार बोकाळला आहे.",mr,unknown,male
006044.wav,मुंबईसारख्या शहराला इंग्रजीच्या वाळवीने केव्हाच पोखरले आहे.,mr,unknown,male
002617.wav,मला इथून घेऊन जाण्याचा तुझा इतका अट्टाहास कां आहे?,mr,unknown,female
000517.wav,राजाने तो सर्प धनुष्याच्या टोकाने उचलला आणि परत आश्रमात जाऊन ऋषीच्या गळ्यात घातला.,mr,unknown,female
003169.wav,"विशिष्ट सापेक्षतावादाचा मूलभूत पाया प्रकाशाचा वाग असल्यामुळे खगोलशास्त्र, भौतिकी व अवकाशतंत्रज्ञान क्षेत्रामध्ये या विषयाला अनन्यसाधारण महत्व प्राप्त झाले आहे.",mr,unknown,female
002950.wav,ते फक्त एक खट्याळ व मजेशीर भूत होते.,mr,unknown,female
001425.wav,"शाळे व्यतिरिक्त मिनूचा संपूर्ण वेळ मिठूशी खेळण्यात जायचा, तिला मिठूचा खूपच लळा लागला होता.",mr,unknown,female
000140.wav,"मान वर करायची माझी हिम्मत होत नव्हती, महाराजांची नजर माझ्यावरुन ढळत नव्हती.",mr,unknown,female
001925.wav,"माझ्या जयजयकाराने व माझ्या नावाच्या उच्चाराने, कौतुकाने सारा आसमंत भरून गेला.",mr,unknown,female
002379.wav,इंद्रादिक देव आपली दीन अवस्था निवेदन करण्यासाठी ब्रह्मदेवाकडे गेले.,mr,unknown,female
003198.wav,"पडदे, व्हरांडा, उतरते छप्पर यांचीही सूर्यप्रकाश रोखण्याचे उपाय नैसर्गिक वायुवीजनाचा दुहेरी फायदा होतो.",mr,unknown,female
005132.wav,जर आपल्याकडे पुरेसे शहाणे असतील तर!,mr,unknown,male
000113.wav,काही वेळ असेच अजागळ उद्गार काढून तो निघून गेला.,mr,unknown,female
004560.wav,दरम्यान वॉशिंग्टनला चीनच्या पाकिस्तानी अण्वस्त्रप्रकल्पातील सहकार्याबद्दल गदारोळ चाललाच होता.,mr,unknown,female
004596.wav,महिंद्राची नवी गाडी अचानक फेज आऊट करण्यात येणार होती.,mr,unknown,female
005330.wav,आपल्या दोघांच्या बैलगाड्या जर एकाच वेळी निघाल्या तर मार्ग अरुंद वाटेल आणि प्रवास जास्त लांबेल.,mr,unknown,male
003251.wav,अशा अनेक वेब दुकानांतून फेरफटका मारून आपण क्रेडीट कार्डद्वारे पैसे देऊन आपल्या पसंतीची खरेदी करू शकतो.,mr,unknown,female
004691.wav,नंतर त्याने भरतावर प्रश्‍नांची जणूं काही सरबत्तीच लावली ; .,mr,unknown,male
008544.wav,"अगं पण मला ती स्कूटर खूपच आवडली आहे म्हणून हवी आहे, नीताने हटट केला.",mr,unknown,male
003698.wav,बौद्धधर्मीयांच्या गुंफा व वास्तुस्थापत्य यांचा परिणाम येथील वास्तुकलेवर आहे.,mr,unknown,female
004547.wav,इथे सोलिवाक्स सारखे मिळेल का फार्मसीत ?,mr,unknown,female
009238.wav,"तो बहिणीकडे गेला तिने त्याला एक रूपया दिला, शेठजींनी तो विहीरीत फेकून दिला.",mr,unknown,male
003278.wav,उंचावर साठविलेले पाणी खाली सोडताना पाण्यातील स्थितिज उर्जेचे गतिज उर्जेत रूपांतर होते.,mr,unknown,female
007563.wav,त्या वेळी तो बापडा जीव मुठीत घेऊन कसाबसा घर गाठायचा.,mr,unknown,male
010162.wav,तिलाच लक्ष्मी मानून तिच्यावर पाणी घालून हळद-कुंकू वाहून घरात वापरण्यास सुरूवात करतात.,mr,unknown,male
004069.wav,राज पिछले जनम का नावाचा एक नविन कार्यक्रम वाहिनिवर सुरु झाला.,mr,unknown,female
004409.wav,"अजय, तुम्ही जाताना एकटे, येताना दुकटे वगैरे बातमी आमच्यापर्यंत आधी पोचलीसुद्धा.",mr,unknown,female
007822.wav,"बैल मनुष्यवाणीने म्हणाला, `सत्यकामा !'",mr,unknown,male
009406.wav,"पुजारी पिंडीवर ओणवा झाला; कारण छप्पर पडले, तर देवाला लागू नये.",mr,unknown,male
008532.wav,"एक पाय स्कूटरवर आणि एक जमिनीवर ठेऊन ही स्कूटर चालवली की काय वेगाने चालायची, सगळ्या मुली बघतच राहत.",mr,unknown,male
003223.wav,सरळ उभ्या काचा बंद करणे व पडद्याने झाकणे सोपे असते.,mr,unknown,female
008993.wav,"त्याला वाटले, मजुरांपैकी कोणी ते चोरले असावे.",mr,unknown,male
000452.wav,"भगवान श्रीकृष्णाच्या वास्तव्यानं पवित्र झालेला हा प्रदेश, पण इथही तोच प्रकार.",mr,unknown,female
003732.wav,"ह्या चौथऱ्यावर सभामंडप आहे आणि सभामंडपला लागून, पूर्वेकडे देवाचे शेजघर आहे.",mr,unknown,female
009809.wav,"डोळे मिटून ब्रह्मसुखाचा अनुभव घेत शमीक ऋषी समाधी लावून बसलेले, त्यांना बाह्य जगाचा अगदी विसर पडलेला!",mr,unknown,male
004987.wav,आणिक म्हणजे हा प्राणी अजिबात आवाज करत नाही आणि खूप लांबलांबचे अंतर कापतात.,mr,unknown,male
003664.wav,महाराष्ट्राच्या काही भागावर चुटु राजघराण्याने राज्य केले असावे दुसरे शतक.,mr,unknown,female
002764.wav,तो भाला सिंहापासून फूटभर अंतरावर जाऊन जमिनीवर पडला.,mr,unknown,female
000659.wav,कक्षीवान ऋषीजवळ एक मुंगसाच्या कातड्याची भली मोठी पिशवी होती.,mr,unknown,female
005603.wav,तेंव्हा मात्र खरोखरीच मी महार झालो,mr,unknown,male
001856.wav,मी मोठा गरगरीत झाल्यावर माझा मेजवानीसाठी उपयोग होईल.,mr,unknown,female
004621.wav,त्यांच्या तोंडून अभावितपणे एक श्लोक बाहेर पडला.,mr,unknown,male
001000.wav,परंतु बहीण देवाकडे निघून गेल्यावर मनू फारसे काम करीत नसे.,mr,unknown,female
000390.wav,"अनुमाने चारशे वर्षांपूर्वी तामिळनाडूमध्ये त्यागराज नावाचा रामभक्त होऊन गेला, तो उत्तम कवीही होता.",mr,unknown,female
003408.wav,शतावरी अश्वगंधा बाळंतशेपा किंवा सालमिस्त्री सफेद मुसळी यांची पावडर दुधाबरोबर द्यावी.,mr,unknown,female
006427.wav,गेल्या वर्षाभरात या जादा वाहतुकीचे विशेष नियोजन करण्यात आले.,mr,unknown,male
001477.wav,अजून कुकर लावायचा बाकी होता.,mr,unknown,female
002241.wav,आपल्या तोंडून निघालेला हा श्लोक पाहून खुद्द महर्षींनाच आश्चर्य वाटले.,mr,unknown,female
002387.wav,चतुर्मुख; ब्रह्मदेवाने आपल्या चारही तोंडांनी सर्व स्पष्ट सांगितले.,mr,unknown,female
010009.wav,"त्यांना कोणते मंत्र हवे आहेत ते मी तुला शिकवतो, तू जाऊन त्यांचा यज्ञ पुरा कर.",mr,unknown,male
000993.wav,विनूला मनूशिवाय करमत नसे व मनूला विनूशिवाय.,mr,unknown,female
007033.wav,दोन: प्रेशर फार पडल्याने होणारे अल्सर.,mr,unknown,male
004998.wav,पुष्पानगरचा राजा सुशांत एक सूज्ञ आणि सुस्वभावी राजा होता.,mr,unknown,male
003923.wav,ती तर पाच शे व्होल्ट घेऊन फिरतच राहीली,mr,unknown,female
002973.wav,तिची आई तिच्याकडून आणखी बारीकसारीक कामें करवून घेत असे.,mr,unknown,female
003387.wav,शास्त्रज्ञ असा संगणक बनविण्याचा आणि यंत्रमानवाला स्वयंपूर्ण बनविण्याचा आटोकाट प्रयत्न करीत आहेत.,mr,unknown,female
006872.wav,मेंटेनन्स खर्च वर्षाला चाळीस ते पन्नास हजार,mr,unknown,male
008698.wav,हळूहळू त्याचा परिणाम दिसू लागला.,mr,unknown,male
010176.wav,आपल्या मनातील द्वेष व असूया निघाल्यामुळे सर्वत्र बंधुभावनेची कल्पना जागृत होते.,mr,unknown,male
008294.wav,आजूबाजूला रमणीय व विशाल वनराजी होती.,mr,unknown,male
004770.wav,"तुझ्यासाठी एक मोठी नौका, अंधकारात जसा दिवा असावा, तशी येत आहे.",mr,unknown,male
001294.wav,"सुचतो आहे का तुम्हाला एखादा उपाय, तो गोसावी याप्रमाणे म्हणताच त्या चतुर प्रधानाच्या मनात काहीतरी कल्पना आली.",mr,unknown,female
001825.wav,आपल्या अर्ध्या घरात तो राहीला तर सोबत होईल नि हळुहळू परस्परांची मैत्रीही वाढत जाईल.,mr,unknown,female
002874.wav,परंतु दर वेळेला आपला विश्वास खरा ठरतोच असं नाही हं!,mr,unknown,female
004174.wav,सर्व सैनिकाच्या रोमहर्षक कथाचा संग्रह तरूणांना प्रेरक ठरेल,mr,unknown,female
002536.wav,तर तुला त्या माकडांचीच मदत घ्यावी लागेल!,mr,unknown,female
010002.wav,नाभाला मात्र काहीच ठेविले नव्हते.,mr,unknown,male
001908.wav,पण मला एक सुंदर विचार सुचला.,mr,unknown,female
000043.wav,वडील एवढेच बोलले; पण ते सूज्ञ मुलगे समजायचे ते समजले.,mr,unknown,female
010392.wav,"शबरीने हात जोडले व आकाशाकडे तोंड करुन ती म्हणाली, हे देवदूतांनो, हे तारकांनो, या मुलीला क्षमा करा.",mr,unknown,female
000369.wav,तेवढ्यात त्याला आईचे शब्द आठवले आणि तो जिवाच्या आकांताने ओरडला.,mr,unknown,female
006034.wav,आपल्या मराठीतसुद्धा खूप विषयावर लेखन झाले आहे.,mr,unknown,male
001152.wav,"शबरी म्हणाली, तात, मी आज त्या हरिणपाडसास बाणाने टोचले, ते त्यांना दिसले असेल का.",mr,unknown,female
007008.wav,फायब्रोऍडिनोमा ऑफ ब्रेस्ट यात प्रामुख्याने कॅल्केरिया फ्लोरचा विचार केला जातो.,mr,unknown,male
001568.wav,उलट तिचा हट्ट दिवसेंदिवस वाढतच चालला होता.,mr,unknown,female
008141.wav,"घरी बनवलेले जेवण मुलांसह एकत्र जेवणे, आता जुन्या पद्धतीचे मानले जाऊ लागले आहे.",mr,unknown,male
007121.wav,बॉयलरमध्ये तांत्रिक बिघाड होऊन शुक्रवारी रात्री स्फोट झाला.,mr,unknown,male
007840.wav,हंसाच्या रूपाने तो प्रत्यक्ष सूर्यच बोलत होता.,mr,unknown,male
008614.wav,कुठलीही गोष्ट घडण्याची एक ठराविक वेळ असते असे म्हणतात ते अगदी खरंय.,mr,unknown,male
004161.wav,काँप्युटरवर व्यवस्थित झूम करुन पाहिले असता मलाही निनादराव बेडेकरांचे मत पटले.,mr,unknown,female
004288.wav,फक्त संस्कृत लिखाणात बर्याच ह्रस्व-दीर्घाच्या आणि संधीविग्रह इत्यादीच्या चुका आहेत.,mr,unknown,female
002231.wav,त्या सर्वांनी हे वाघबीळ किंवा नाचण टेपाची गुहा अवश्य पाहिली पाहिजे.,mr,unknown,female
008087.wav,पावसाळ्यात त्रास देखील नाही.,mr,unknown,male
000175.wav,"परंतु नदीच्या मध्यावर पोहोचल्यावर त्याच्या लक्षात आले की नदी खुप खोल आहे, आणि तो जवळ जवळ बुडायलाच आला.",mr,unknown,female
001904.wav,"हीन कुळातील म्हणून तुम्ही माझा अव्हेर केलात, तुम्हाला अर्जुन फार प्रिय होता.",mr,unknown,female
001100.wav,"राज्य लहानसेच होते, भिल्लांचा राजा जरी रानटी होता, तरी तोही ऋषींच्या आचरणाने व उपदेशाने थोडा सुधारला होता.",mr,unknown,female
008930.wav,हे पाहायला सारा गाव जमा झाला.,mr,unknown,male
003409.wav,"पेनिसिलिन, कोझाल, क्लोरोक्वीन क्षयरोगावर वापरली जाणारी औषधे स्ट्रेप्टोमायसिन वगैरे गुणकारी ठरतात.",mr,unknown,female
001539.wav,पण मंजू जिद्दीने स्वतःची कामे कोणाचीही मदत न घेता पूर्ण करायची.,mr,unknown,female
002293.wav,असे प्रेमाने सांगत तिने मनाशी निश्चय केला की राजाने वचन दिल्याप्रमाणे वर दिले नाहीत.,mr,unknown,female
010182.wav,भाउ मग ओवाळणीचे ताटात ‘ओवाळणी‘ टाकुन बहिणीचा सत्कार करतो.,mr,unknown,male
001364.wav,"तिसरा माणूस हसून म्हणाला, आजच.",mr,unknown,female
004358.wav,"चुलीवर बनवलेला चहा, पार्ले-जी आणि सोबत ब्रेड-बटर-जाम असा नाश्त्याला मेनू होता.",mr,unknown,female
007984.wav,आम्ही जांभळ तर खातोच पण त्याचा बियांचा आजीच्या औषधाला उपयोग होतो.,mr,unknown,male
005261.wav,ह्या कर्तव्याने प्रेरित झाल्यामुळे शशांक नावाच्या एका तपस्वीची कथा मी तुला सांगणार आहे.,mr,unknown,male
008200.wav,"मनू एकटा होता, त्याचे आईबाप मरण पावले होते.",mr,unknown,male
008342.wav,उषादेवीची सुंदर गाणी ते तिजकडून म्हणवीत.,mr,unknown,male
000681.wav,असे म्हणून थेट प्रियमेधापर्यंत सर्व पूर्वजांची त्याने नावे घेतली.,mr,unknown,female
010200.wav,तहान आणि भूक लागणे हे देवाने माणसाला दिलेले वरदान आहे.,mr,unknown,female
008682.wav,"बापरे किती वेळ लागतो हे करायला, चिनू वैतागला.",mr,unknown,male
003665.wav,बिदरीकाम करणारादेखील चांदी हलक्या दर्जाची आणि कमी प्रमाणात वापरतो.,mr,unknown,female
009871.wav,त्यायोगे तो पुण्यकारक भागवतसप्ताह सगळ्या लोकांना श्रवण करण्याचे श्रेय लाभले.,mr,unknown,male
001662.wav,हे ऐकल्यावर नाईलाजाने टीनाने गौरीला मदत करायचे ठरवले.,mr,unknown,female
000509.wav,"मुनिवर्य डोळे मिटून ध्यानमग्न झाले होते, ते त्या राजाशी काय बोलणार?",mr,unknown,female
000167.wav,"अजूनही वेळ गेली नाही सुधारा आपले आयुष्य, नाहीतर मनुष्याच्या विनाशाला कारणीभूत ठरेल, फक्त आणि फक्त मनुष्य.",mr,unknown,female
005498.wav,मुळात संवेदनांचा भावार्थ न उमगलेली मंडळी जेव्हा ज्वलंत दुखावर मायेची खोटी फुंकर घालण्याचा,mr,unknown,male
010468.wav,एके दिवशी असाच आग्रह चालला होता.,mr,unknown,female
001007.wav,"त्याची पिशवी त्याने लांबविली, परंतु खून पचवायचा कसा?",mr,unknown,female
009145.wav,"तेंव्हा मी मोकळा झालो, आणि तुम्ही मात्र अडकलात, पाप-पुण्यांच्या दुष्टचक्रात, राजनीतीच्या अन्यायी सापळयांत.",mr,unknown,male
001915.wav,"ते पैलू मातीच्या मूर्तीमध्ये सामावून जावेत म्हणून घडत राहीलो, घडवत राहीलो.",mr,unknown,female
003495.wav,पण भूल देऊन गुदद्वाराचे स्नायूवर्तुळ ढिले केल्यावरच खरा आराम पडतो.,mr,unknown,female
010548.wav,"बाई कौतूकाने म्हणाली, आजच झाला.",mr,unknown,female
010669.wav,मोंटूचे बाबा त्यांच्या ऑफिसच्या कामानिमित्त देशात परदेशात जात असत.,mr,unknown,female
007751.wav,थोड्याच वेळात शमीक ऋषींचा एक शिष्य परिक्षिती राजाकडे आला.,mr,unknown,male
004991.wav,त्याने आपल्या हातातील दंडाने म्हातार्‍याच्या हातातील बेड्या तोडल्या.,mr,unknown,male
002537.wav,तेव्हांपासून अंबरीष राजाला कोणाकडूनही तसा त्रास होणार नाही.,mr,unknown,female
001105.wav,अशी ही राजकन्या गुणवंत होती.,mr,unknown,female
003876.wav,दोन शे तेहत्तीस कृतघ्नतेसारखे दुसरे पाप नाही.,mr,unknown,female
008611.wav,केरळ भारतातला एक निसर्गरम्य प्रांत.,mr,unknown,male
001753.wav,"मोठया आनंदाने ते तिकडे वळले, त्यांनी झाडाखाली आसरा घेतला.",mr,unknown,female
005311.wav,"मला वाटलं, की पाणी माझ्या हाता खाली श्र्वास, घेत होते.",mr,unknown,male
005953.wav,"त्यांनी स्वतःच्या स्थानांपलीकडे देशाला काही स्थान आहे, स्वभाषेला काही स्थान आहे, असे का मानावे",mr,unknown,male
008300.wav,"तदनंतर आश्रमाच्या भोवती जे कोणी रहिवाशी येतील, त्यांना खुणांनी मोडक्या तोडक्या भाषेत सुरेख गोष्टी सांगत.",mr,unknown,male
002917.wav,"जेव्हां काशीराज्याचा कारभार ब्रम्हदत्त सांभाळत होता, तेव्हां बोधिसत्त्वाचा जन्म एका व्यापारी कुटुंबात झाला.",mr,unknown,female
008901.wav,"डोंगराला वाटे, छोटी छोटी झाडं मोठी झाली की त्याचं जंगल होतं, त्यांच्या फळबागा होतात.",mr,unknown,male
005755.wav,निघाल्या कळपात गायी शिस्त त्यांची वेगळी,mr,unknown,male
000153.wav,"जिन्हा सुद्धा तिथेच होता, म्हणाला लवकरच आमची संख्या इथे लाखांवर जाईल, आणि मग स्वर्गाची सुद्धा फाळणी होईल.",mr,unknown,female
005231.wav,पण त्याचे डोळे मात्र तो ज्ञानी असल्याचे दर्शवीत होते.,mr,unknown,male
008723.wav,"तिचे बाबा मासळी विकायचे आणि आई घरी पापड, लोणची करुन विकायची, ह्यावर त्यांच्या कुटूंबाचा उदर निर्वाह चालत असे.",mr,unknown,male
005680.wav,वळवळते माझी जीभ तीच असते माझी भाषा.,mr,unknown,male
003908.wav,दुकानाबाहेर दोन व्हॅन सतत उभ्या असतात.,mr,unknown,female
010005.wav,"मनू शांतपणे म्हणाला, `बाळ, काही हरकत नाही, भांडू नकोस, घेऊ दे तुझ्या भावांना सारी मिळकत, मी तुला आणखी मिळवून देतो.",mr,unknown,male
002553.wav,दितीची मुलं म्हणून दैत्य म्हणजे राक्षस होऊन जन्माला आले.,mr,unknown,female
002774.wav,त्या काळ्या हडळीच्या हातात एक जळती मशाल पण आहे.,mr,unknown,female
007339.wav,"ते म्हणाले, सध्या तरी सगळ निवांत आहे, स्वर्गात काँग्रेसवाला नाही तर सगळ शांत आहे.",mr,unknown,male
003552.wav,उत्क्रांतीमध्ये अक्कलदाढांची फारशी आवश्यकता राहिलेली नाही.,mr,unknown,female
003723.wav,यजमानाने नागमूर्तीस हात लावावा नंतर भूजङगेशान विग्रहे सर्पराजाय धौमहि हा मंत्र म्हणावा.,mr,unknown,female
008001.wav,मग ह्या पावसाळ्यात झाडे लावूयात.,mr,unknown,male
000521.wav,झपाझप पावले टाकीत निघून चाललेल्या राजाला त्या ऋषिकुमारांनी हाका मारल्या.,mr,unknown,female
008886.wav,मुलांसाठी खेळायला मस्त प्रशस्त बाग होती.,mr,unknown,male
008761.wav,तुला माहिती आहे विल्मा रुडाल्फ ही अमेरिकन खेळाडू पोलिओमुळे दोन्ही पायांनी अपंग होती.,mr,unknown,male
009808.wav,शमीक ऋषी मात्र ध्यान-धारणेत मग्न होऊन आश्रमातच बसले होते.,mr,unknown,male
004539.wav,सुल्तान खांसाहेबांबरोबर जुगलबंदीमध्ये दाद नी लिहीलेला शब्द न शब्द मनापासून पटला.,mr,unknown,female
006176.wav,तामीळनाडूत द्रमुकची सत्ता असली तरी मतविभागणीस लाभ कॉंग्रेसचा झाला.,mr,unknown,male
009992.wav,संगीताची जोड दिल्याखेरीज नुसते मंत्र पाठ करण्यात अर्थ नाही हे त्याने शोधून काढले.,mr,unknown,male
007082.wav,तरी कर्जदारांनी त्वरित भरणा करून कटुप्रसंग टाळावा.,mr,unknown,male
001823.wav,"जवळच एक धोबी राहावयास आला, त्या दोघांची चांगली ओळख झाली.",mr,unknown,female
004087.wav,फिदीफिदी फिदीफिदी बाकि शम्मी आणि देव बद्दल कुण्णी काह्ही बोल्लायच नाही.,mr,unknown,female
007397.wav,"दोन संन्यासी, म्हणजे गुरु-शिष्य ८ महिन्यांनी पावसाळ्यात परत त्यांच्या झोपड्यांकडे आले.",mr,unknown,male
010351.wav,"आपल्या लहानपणी आपणांस नाही असे ऋषी भेटले, परंतु आपल्या मुलीच्या भाग्याने भेटले आहेत, तर ती तरी चांगली होवो.",mr,unknown,female
006897.wav,ऑडिओव्हिज्युअल असणाऱ्या या कार्यक्रमाची तांत्रिक बाजू मी सांभाळते.,mr,unknown,male
001992.wav,"प्रशांतने तर त्याला चक्क मिठीच मारली, त्यांची आई हा सारा प्रसंग डोळे भरून पहात होती.",mr,unknown,female
009648.wav,"कंबनने कूत्तनचा हात पकडला, तेव्हा कूत्तनच्या रामायणातील उत्तरकांड तेवढे जाळायचे राहिले होते.",mr,unknown,male
000310.wav,उद्यापासून तुझ्या वेळेप्रमाणे मी राजवाड्यात येईन.,mr,unknown,female
004309.wav,जसजसे वर-वर जात होतो तसा रस्ता अजून ख़राब होत जात होता.,mr,unknown,female
009909.wav,"गौतम मृदु स्वराने म्हणाले, `काय पाहिजे तुला बाळ?’",mr,unknown,male
008497.wav,प्रजा घरेदारे सोडून दुसऱ्या राज्यात जाऊ लागली असताना तुम्ही केवळ राम राम म्हणत राहून स्वत:चीच मुक्ती साधणार आहात काय.,mr,unknown,male
003600.wav,आपल्या देशात अजून मेंदू मृत व्यक्तीचे मूत्रपिंड काढून बसवण्याची पध्दत अद्याप रुढ झालेली नाही.,mr,unknown,female
003623.wav,काही जिल्ह्यांमध्ये दंशावर शेवग्याचा डिंक चेचून ओला करून लावणे हा उपाय केला जातो.,mr,unknown,female
003812.wav,त्यानुसार अध्यक्षांनी निवेदन करण्याचे निर्देश दिले.,mr,unknown,female
006006.wav,"दत्ता पवार, पूर्वा मासिक मराठी भाषा विशेषांक ऑगस्ट एकोणीसशे अठ्ठयात्तर.",mr,unknown,male
003451.wav,तीव्र कुपोषित मुलांसाठी आरोग्य तपासणीनंतर याच्या दुप्पट आहार दिला जातो.,mr,unknown,female
004592.wav,थाडकन लाथ बसली दारावर बावचळून कला उठली.,mr,unknown,female
000206.wav,"तिचे पिल्लू त्या बक-यांच्या कळपात वाढू लागले, बकऱ्यांसह तेही पालापाचोळा खाऊ लागले.",mr,unknown,female
010765.wav,भुवनला मात्र त्याच्या नवीन शाळेचे मित्र अजिबात आवडले नव्हते.,mr,unknown,female
001136.wav,उषादेवीचे एक गाणे मतंग ऋषींना फार आवडे. त्याचा अर्थ पुढीलप्रमाणे होता.,mr,unknown,female
006681.wav,या वेळी मेस्त्री यांच्या शिष्या नलिनी भागवत प्रमुख उपस्थित होत्या.,mr,unknown,male
010275.wav,"मनू, काय केलंस हे, केलसं तर केलसं, परंतु पुन्हा निरपराधीपणाचा आव आणू बघतोस, हे तर फारच वाईट.",mr,unknown,female
002750.wav,त्यामुळे धगीने भिंत गरम झाली आहे आणि माझे अंग भाजत आहे.,mr,unknown,female
003614.wav,"या दृष्टीने प्रशिक्षित स्टाफ व डॉक्टर्स, उपकरणे, छोटी रक्तपेढी वगैरे सज्जता अपेक्षित आहे.",mr,unknown,female
000306.wav,असे असतांना आपण मला येथे का बोलावलेत ?,mr,unknown,female
001850.wav,"एक दिवस, दिवसभर प्रयत्न करूनही त्याला मासे सापडले नाहीत.",mr,unknown,female
007752.wav,"नम्रपणे म्हणाला, राजा, ब्रह्मसमाधीत मग्न असलेल्या शमीक ऋषींकडून आपलं यथोचित स्वागत झालं नाही, याबद्दल त्यांना आता हळहळ वाटत आहे.",mr,unknown,male
009931.wav,"सत्यकामाने हा चमत्कार पाहिल्यावर भक्तीने तो म्हणाला, `काय भगवन् !’",mr,unknown,male
001989.wav,डॉक्टरांनी मुख्याध्यापक व काही विद्यार्थ्यांना आत सोडलं.,mr,unknown,female
003241.wav,त्याचा उपभोगकर्ता यासाठी पूर्णपणे परिपक्व बनत चालला आहे.,mr,unknown,female
002799.wav,दुसर्याच क्षणीं एक दार उघडले आणि त्यामुळें भुयारांत उजेड पसरला.,mr,unknown,female
004516.wav,प्रत्येक कंपनी समभाग म्युचुअल फंड गुंतवणूक यासाठी गप्पांचं वेगळं पान सुरू करा.,mr,unknown,female
005631.wav,ठेचून मारू शकाल किंवा एखादं अनियतकालिक काढाल ह्या प्रीत्यर्थ,mr,unknown,male
008721.wav,मिता कोकणातल्या छोटया खेड्यात रहायची.,mr,unknown,male
003110.wav,त्यांच्याचमुळें त्यांना यातना सहन कराव्या लागतात.,mr,unknown,female
004940.wav,देवांना स्वर्ग व इंद्राला स्वर्गाचे राज्य प्राप्त झाले.,mr,unknown,male
004060.wav,आपण सर्वांनी बहुतेक वेळेला तिला कॅब्रे किंवा नाईटक्लबमध्ये डान्स करताना पाहिलय.,mr,unknown,female
001988.wav,"ज्यांनी मला ही दृष्टी मिळवून देण्यास सढळ व निस्वार्थी मदत केली त्या माझ्या मोठया भावांना मी प्रथम पाहू ईच्छितो, त्याला एकदम गहिवरून आलं.",mr,unknown,female
005935.wav,या दोन शब्दांचा घोटाळा करुन वक्ते अनेकदा विनोद निर्माण करतात.,mr,unknown,male
009726.wav,त्या वेळी त्यांच्या गावात शाळा नव्हती.,mr,unknown,male
007966.wav,मनाने त्याने तिन्ही लोकांची स्थिती अवलोकन केली.,mr,unknown,male
000384.wav,आपल्या प्रिय भक्ताची बाजू राखण्यासाठी त्याने एक चमत्कार केला.,mr,unknown,female
005635.wav,ह्या बहरत जाणाऱ्या ऋतूंचे फटके चाबकासारखे,mr,unknown,male
004308.wav,"याशिवाय, राधास्वामीचा चिवडा माधुरी कोल्डड्रींक्सचा बदाम मिल्क शेक गांधी चौकातली कुल्फी",mr,unknown,female
003389.wav,मेंदूच्या अभ्यासावर आता आपल्या शास्त्रज्ञांनी लक्ष केंद्रीत केले आहे.,mr,unknown,female
003157.wav,वाढत्या औद्योगीकरणामुळे मोठ्या शहरातील लोकसंख्या झपाट्याने वाढत आहे.,mr,unknown,female
006054.wav,"बालमोहन, किंग जॉर्ज, पार्ले टिळक विद्यालय, कॉन्व्हॅट, इत्यादी.",mr,unknown,male
010935.wav,प्रवाश्यांचा कासाविस जीव झाडाच्या सावलीमध्ये सुखावला.,mr,unknown,female
006535.wav,शेतकऱ्यांच्या खारकमिट्या गेल्या व या योजनेचा बट्ट्याबोळ झाला.,mr,unknown,male
002728.wav,तू जरा ह्या प्रकरणांत लक्ष घालशील कां?,mr,unknown,female
007622.wav,त्या तरुणीच्या दासी त्या वृध्द पुरुषांना सावध करीत होत्या.,mr,unknown,male
010517.wav,"त्याच्या छळाला व अत्याचाराला कंटाळून त्याची प्रजा आपापली गावे सोडून, दुसऱ्या राज्यात जाऊ लागली.",mr,unknown,female
009517.wav,"मान वर करायची माझी हिम्मत होत नव्हती, महाराजांची नजर माझ्यावरुन ढळत नव्हती.",mr,unknown,male
009091.wav,भगवान वेद व्यास हे फक्त प्रज्ञावान ऋषीच नसून एक महान वैज्ञानिक व महान शास्त्रज्ञ होते.,mr,unknown,male
010598.wav,"मिनू, अग ही मैना अजून जिवंत आहे, तिला उचलून आत आण, आईने काळजीने मिनूला सुचवले.",mr,unknown,female
007272.wav,"दिवस गेले, महिने लोटले, वर्षे सरली, पण त्याच्या दिनक्रमात बदल झाला नाही.",mr,unknown,male
003833.wav,"एकान्त, ऐरावत हत्तीवर आरूढ झालेला इंद्र आहे.",mr,unknown,female
009539.wav,माणसाच्या स्वार्थी वृत्तीमूळे सामान्य माणूस पूरता बेजार झाला.,mr,unknown,male
004777.wav,अशाच प्रकारे त्यांची लहानमोठी कामे करून त्यांची सेवाचाकरी करी.,mr,unknown,male
004277.wav,बाळाला पायान्वर उताणे किवा मउ गादिवर प्लस्टिक अन्थरून दुपट्यावर उताणे ठेवावे.,mr,unknown,female
000254.wav,"कंबन रामायण रचतो आहे, हे समजल्यावर कूत्तनलाही स्फूर्ती आली.",mr,unknown,female
007429.wav,"शेठजीला असे वाटले की, राजा जर मेला, तर त्याला जाळण्याकरता चंदनाच्या लाकडांची आवश्यकता लागेल.",mr,unknown,male
010503.wav,"भरल्या घरात, भरल्या गोकुळात ती पडली होती.",mr,unknown,female
002925.wav,मी अगोदर पुढे गेलो तर त्याचा किती प्रकारांनी लाभ होईल!,mr,unknown,female
000279.wav,शूरसेन नावाचा एक राजा होता.,mr,unknown,female
006772.wav,हार्ड स्लिपर व सॉफ्ट स्लिपरपैकी हार्ड स्लिपरचे तिकीट काढले.,mr,unknown,male
003253.wav,यातील बऱ्याचशा गोष्टी परदेशात तसेच आपल्या देशातही यशस्वीरीत्या राबविण्यास सुरवात झाली आहे.,mr,unknown,female
007524.wav,राजा रामदेवाच्या सैन्यातील एका पराक्रमी सरदारास पूर्वीच्या एका युद्धात वीरमरण आले होते.,mr,unknown,male
002481.wav,त्या कमळातून शुभ्र कांती बाहेर फेकली जात असल्याचे दिसले.,mr,unknown,female
000290.wav,"हे पहा, मला राजवाड्याची आवश्यकता नाही.",mr,unknown,female
007326.wav,"हा लेख जरी, वाचताना अपूर्ण वाटत असला, तरी ह्याचा शेवट ठरलेला आहे.",mr,unknown,male
003076.wav,गिल्ली क्रिकेटमधल्या बेल क्रिकेट बेल्स सारखी व दाण्डु क्रिकेट बॅट सारखा असतो.,mr,unknown,female
004074.wav,आणि आता सर्वांना वर पर्यावरण संदर्भात झकास पंच लाईन पाहिजे आहे.,mr,unknown,female
002584.wav,"त्यांच्या एकसष्ठ रचनांचा सिक्खांच्या पवित्र ग्रंथ, गुरु ग्रंथ साहिबांमधे समावेश झालेला आहे.",mr,unknown,female
007702.wav,"अशा वेळी आश्रमात कोण आले, कोण गेले याचा त्यांना काय पत्ता असणार.",mr,unknown,male
006109.wav,बरोबर ओळखशील म्हणजे काय,mr,unknown,male
005090.wav,दिवसेंदिवस तुझा हट्टी स्वभाव वाढतच चालला आहे.,mr,unknown,male
006333.wav,"राजा मारु पाहतो, पण चतूर माणूस त्यावर कडी करतो",mr,unknown,male
008050.wav,या दिवशी सर्व अभ्यंग स्नान करतात.,mr,unknown,male
008474.wav,"सासरची मंडळी गावात सरदार म्हणून मानली जात, निदान ते तरी स्वत:ला तसे समजत.",mr,unknown,male
010636.wav,पाश्चात्यांची प्रथा असली तरी आईसाठी मुले काम करता आहेत हे पाहून आजोबांना खूप आनंद झाला होता.,mr,unknown,female
009197.wav,डॉक्टरांनी मुख्याध्यापक व काही विद्यार्थ्यांना आत सोडलं.,mr,unknown,male
006851.wav,आणि हा व्यायाम म्हणजे इंटर्नल जॉगिंग या प्रकारात येतो.,mr,unknown,male
009813.wav,"तो अगदी थकून गेला होता, तहानेने तो व्याकुळ झाला होता, त्याला विश्रांतीची आवश्यकता होती.",mr,unknown,male
007365.wav,शिवरायांनी निर्माण केलेल्या स्वराज्यातच भ्रष्टाचार कसा काय झाला.,mr,unknown,male
004067.wav,'स्नॅक्स' किंवा थोडक्यात चहाबरोबर आणि कधीतरी येताजाता तोंडात टाकायचे पदार्थ.,mr,unknown,female
000271.wav,"कंबनने कूत्तनचा हात पकडला, तेव्हा कूत्तनच्या रामायणातील उत्तरकांड तेवढे जाळायचे राहिले होते.",mr,unknown,female
006010.wav,स्वतःच बाळ तिला खुप खूप महान वाटायच त्यापुढ महाराजपदही खुज भासायच.,mr,unknown,male
008764.wav,आईच्या बोलण्याने मंजूला खूपच हुरुप आला.,mr,unknown,male
004571.wav,बारा शे एकोणनव्वदमधील निझामशाहीतील उनकेश्वराचा शिलालेख आहे.,mr,unknown,female
003577.wav,ह्या व्यवस्थेला आपण आंतरिक किंवा ऐंद्रिय चेताव्यवस्था म्हणूया.,mr,unknown,female
003566.wav,कित्येकदा ओठ किंवा कातडी निळसर दिसते म्हणजेच प्राणवायू अपुरा पडतो.,mr,unknown,female
002972.wav,आपल्या वडिलांच्या गैरहजेरींत तेजीमालाचे हाल पहावत नसत.,mr,unknown,female
007455.wav,कंबन हा तामिळनाडूमधील महाकवी होता.,mr,unknown,male
009611.wav,राजाने आपल्या महालाचे दरवाजे चंदनाचे करावे आणि माझे सर्व चंदन विकले जावे.,mr,unknown,male
004208.wav,यापैकी बुलडोझर आणि एक्स्कॅव्हेटर या दोन मशीन्सना बहुतेकवेळा रणगाड्यांप्रमाणे क्रॉलर्स असतात.,mr,unknown,female
003219.wav,जिथे खडक वितळलेल्या अवस्थेत असतात तेथे हे तापमान अंदाजे अकरा हजार सेंटिग्रेड असते.,mr,unknown,female
001392.wav,"पावसामुळे रोपे डोंगरावर वाढतील, मोठे वृक्ष होतील.",mr,unknown,female
006697.wav,प्रात्री शशिकांत कांदोळकर या बैठकीच्या अध्यक्षस्थानी होते.,mr,unknown,male
003976.wav,ह्या कालखंडातील वास्तुशिल्पाचा एकमेव नमुना म्हणजे माहिम येथील मख्दूम फकी अली पारूचा दर्गा.,mr,unknown,female
004317.wav,भारतीय वितरकांना दोन प्रिंट्स द्यायचं असं ठरलं.,mr,unknown,female
008066.wav,"त्यानिमित्त यादिवशी जावयांस आहेर करतात, हा दिवस म्हणजे शरद ऋतुतील कार्तिक मासातील द्वितीया.",mr,unknown,male
002676.wav,श्रीमंत मंडळींच्यावर त्याचा फारसा कांही परिणाम झाला नाही.,mr,unknown,female
006898.wav,शिवाय सिस्टर कन्सर्नतर्फे इव्हेंट क्रिएशनही आम्ही करणार आहोत.,mr,unknown,male
001423.wav,तिला चांगले वाटावे म्हणून बागेतून काडया-पाने गोळा करुन तिच्यासाठी छानसे घरटेही तयार केले.,mr,unknown,female
000084.wav,"ह्या अनोळखींच्या जगात तिथे मी एकटाच होतो जो प्रत्येक येणाऱ्या, जाणाऱ्यांकडे टक लाऊन पाहत होतो.",mr,unknown,female
000874.wav,"रस्ते चिखलाचे होतात, पाऊस पाणी रस्त्यांवर वाहते.",mr,unknown,female
010519.wav,"त्यामुळे राजाला ताळ्यावर कसं आणावं, हा त्याच्यापुढे प्रश्न पडला.",mr,unknown,female
009944.wav,"अग्नी हा समुद्र व पृथ्वी यांवर हिंडतो, आकाशातही सूर्याच्या रूपाने तो राहतो; म्हणून त्याला हे माहीत होते.",mr,unknown,male
004558.wav,"छडी लागे छ्म छम, विद्या येई घम घम एक",mr,unknown,female
004501.wav,इकडे डीके आणि विनोबांचे काहीतरी ख्याख्याख्या चालूच होते.,mr,unknown,female
004648.wav,तिच्या सहवासात त्यांनी दहा वर्षे घालविली.,mr,unknown,male
007403.wav,"परमात्म्या, तुझी कृपा म्हणून अर्धे छप्पर अजूनही आहे.",mr,unknown,male
006471.wav,बेस्टमधील संघटनेचे प्रतिनिधी आजपासून बिनशर्त कामावर.,mr,unknown,male
002039.wav,"शेठजींनी त्याला जवळ घेतले, पाठीवरून हात फिरवला, 'बाळा आता मला काहीं काळजी नाहीं कारण खर्या कष्टाची किंमत तुला आज कळली.",mr,unknown,female
008564.wav,"सतत काम करत रहायल्यामुळे त्यांना थकवा येत असे, चिडचिड होत असे.",mr,unknown,male
010613.wav,तिच्या सवंगडयांना भेटायला ती आकाशात दूरवर उडाली आहे.,mr,unknown,female
001133.wav,दूर्वांकुरांनी गुंफून तिने हार करावेत व आश्रमाच्या दारांवर त्यांची तोरणे करुन लावावीत.,mr,unknown,female
002451.wav,कार्तिकेयाने हाताची मूठ वळवून गणपती वर ठोसा उगारला तेव्हा गणेशाने आपल्या सोंडेने त्याचे मनगट धरले.,mr,unknown,female
003955.wav,स्त्री पुरुषबीजाचा संयोग गर्भनलिकेमध्ये फॅलोपियन ट्यूब होतो आणि नंतर हा गर्भ गर्भाशयामध्ये येऊन वाढीला लागतो.,mr,unknown,female
002330.wav,श्री रामचंद्राने सीता व लक्ष्मणासह दंडकारण्यांत प्रवेश केला.,mr,unknown,female
009993.wav,"साकमश्व पुढे म्हणाला, `हे तुला माझे उत्तर आहे, माझ्या बापाचेही हेच उत्तर आहे.’",mr,unknown,male
006243.wav,"याला जबाबदार असणारे राज्यकर्तेच हे कबूल करतात, हे आपले दुर्दैव आहे.",mr,unknown,male
008337.wav,"शबरी सकाळी लवकर उठे, ऋषिपत्नीने तिचे दात आधी नीट घासावेत, मग तिची वेणीफणी करावी.",mr,unknown,male
005043.wav,एक दिवस एक साधू दरबारात आला.,mr,unknown,male
010894.wav,"मग ते फळं खाऊन, पाणी पिऊन समाधानी होतात.",mr,unknown,female
004747.wav,खास म्हणजे जेंव्हा दूरचे फोन कॉल्स असतात तेंव्हा.,mr,unknown,male
010601.wav,पण आता तिला बरे करायचे आहे म्हणून काळजी घेत होती.,mr,unknown,female
010629.wav,"मदर्स डे म्हणजे आपला मातृदिन होय, आजोबा समजूतीने म्हणाले.",mr,unknown,female
007823.wav,"सत्यकामाने हा चमत्कार पाहिल्यावर भक्तीने तो म्हणाला, `काय भगवन् !'",mr,unknown,male
007998.wav,आपल्या सगळ्यांना अत्तर खूप आवडते.,mr,unknown,male
007650.wav,"लोक पाखंडी बनले, ज्ञानाचा त्यांना गर्व झाला.",mr,unknown,male
007160.wav,फ्रान्समध्ये मात्र राष्ट्रीयत्वाचा हुंकार प्रभावी ठरला.,mr,unknown,male
002402.wav,सर्वत्र अंधकार पसरला व जग काळोखांत बुडाले.,mr,unknown,female
005521.wav,चकाकणारी कोल्हापुरी चप्पल घालुन मी आरष्यात स्वतःला नमस्कार करून घेतला,mr,unknown,male
001217.wav,"लहानपणी मन फारच संस्कारक्षम असते, मातीसारखे, मेणासारखे असते, द्यावा तो आकार त्याला मिळेल.",mr,unknown,female
009529.wav,"मान खाली घालुन तसाच पुढे गेलो, काय आश्चर्य स्वर्गात मला औरंगजेब भेटला, म्हणे काफरांना मारुनच तर स्वर्ग गाठला.",mr,unknown,male
006021.wav,पहिली पासून इंग्रजी ठेवायचीच झाल्यास ऐच्छिक विषय म्हणून ठेवावी.,mr,unknown,male
009732.wav,त्याला दिवसा जाण्यात काहीच वाटत नसे.,mr,unknown,male
001065.wav,गंगा व यमुना या सुंदर विशाल नद्यांच्या गहिऱ्या पाण्याने समृद्ध व सुपीक झालेल्या रमणीय प्रदेशांत आर्य राज्य करुन राहू लागले.,mr,unknown,female
003787.wav,अठरा शे अकरा साली तो प्रथम पुण्यांत रेसिडेंट म्हणून आला.,mr,unknown,female
004411.wav,खोबर्याच मिश्रण फीशफ्राय करताना लावतात हे पहिल्यांदाच वाचत आहे,mr,unknown,female
005386.wav,त्याने एका केळीच्या झाडावरचा एक पिकलेला घड तोडला आणि आपल्या खांद्यावरच्या पिंजर्‍यात ठेवला.,mr,unknown,male
008144.wav,"अनेकदा तर मुले उघडपणे सांगत नसली, तरी त्यांना अशा वेळी आपण आपल्या पालकांच्या फार जवळ असल्याचे वाटते, त्यामुळे जेवणही हसत-खेळत होते.",mr,unknown,male
005524.wav,"गावठी कोंबडी तीचीच अंडी, माहोल छान रंगला होता.",mr,unknown,male
005997.wav,"वाक्यरचना, व्याकरण याबाबात अवाक्षरही बोलायचं नाही.",mr,unknown,male
009682.wav,आपली येण्या-जाण्याची सर्व व्यवस्था सन्मानपूर्वक करण्यासाठी मी प्रधानाला सांगितले होते.,mr,unknown,male
007226.wav,त्याला मधून मधून देवदर्शन होत असे.,mr,unknown,male
005889.wav,"शरदाचं चांदण, वसंताचा बहर, श्रावणाची पालवी या सर्वाहुन अधिक मनमोहक आकर्षक कोण",mr,unknown,male
002162.wav,"एक आळशी आणि लबाड कावळा होता, तो लोळ लोळ लोळला, तर शेणाने भरला.",mr,unknown,female
003009.wav,अशा तर्हेने त्याने थोड्याच दिवसात कांही रौप्य नाणी संपादन केली.,mr,unknown,female
009566.wav,"माननीय मुख्याध्यापक व मंत्री साहेब, जर विद्यार्थांचे भवितव्य घडविण्यासाठी उच्चशिक्षित शिक्षकाची जरुरी आहे.",mr,unknown,male
001106.wav,"भिल्ल राजाचीच ती मुलगी, लहानपणी तीही लहानसे धनुष्य घेऊन हरणांच्या पाठीमागे लागे.",mr,unknown,female
008016.wav,आपल्या मुला-बाळांना चांगले आरोग्य मिळावे व सुख लाभावे म्हणून ही पूजा करतात.,mr,unknown,male
000693.wav,इथून जवळच अंगिरस ऋषींनी यज्ञ चालविला आहे.,mr,unknown,female
002004.wav,तो आपल्या मधूर आवाजात गाऊ लागला.,mr,unknown,female
004957.wav,परंतु त्याच्या शृंगारिक हावभावांचा काहीही उपयोग झाला नाही.,mr,unknown,male
007948.wav,"प्रवरा व गोदावरीच्या संगमावर राहूच्या धडावर मोहिनी बसलेली आहे, तिला म्हाळसा म्हणतात.",mr,unknown,male
009280.wav,"राजे पण गुन्हा शाबीत झाला तर ह्या गुन्ह्याला शिक्षा कोणती, लिखिताने विचारले.",mr,unknown,male
004370.wav,आधीच ड्रायवर आणि मग त्याच्या मालकाबरोबर झालेल्या वादामूळे अभिजित वैतागला होता.,mr,unknown,female
009731.wav,त्यामुळे तो आनंदाने शाळेत जाई.,mr,unknown,male
002766.wav,आणखी एका मदतनीसाच्या उंटावर बसलेला स्वर्णाचारी मदत मागण्यासाठी मोठमोठ्याने ओरडूं लागला.,mr,unknown,female
003930.wav,सुश्रुत निदान स्थन पाच श्लोक तेवीस.,mr,unknown,female
008388.wav,"एक दिवस मतंग ऋषी तिला म्हणाले, शबरी, तू शिकली सवारलिस, सद्गुणी झालीस, आता तू मोठी झाली आहेस.",mr,unknown,male
009573.wav,"म्हणून मी सांगतो, प्रार्थना, पूजा इत्यादींत काही अर्थ नाही.",mr,unknown,male
010748.wav,होता होता वाढदिवसाचा दिवस उजाडला.,mr,unknown,female
007696.wav,शमीक ऋषी महान तपस्वी आणि परोपकारी वृत्तीचे होते.,mr,unknown,male
000629.wav,"सत्यकाम नम्रपणे म्हणाला, `सांगावे भगवन्.’",mr,unknown,female
002452.wav,गणपतीने आपल्या सोंडेने कार्तिकस्वामीची कंबर धरली व त्याला वर उचलले.,mr,unknown,female
010891.wav,हे ऐकून डोंगराचे डोळे पाणावले.,mr,unknown,female
007924.wav,तो आपल्या सर्व वडील भावांहून श्रीमंत बनला.,mr,unknown,male
003825.wav,"हे ऐकून एकदम खुषीत आलेल्या न्हाव्यानं विचारलं, असं?",mr,unknown,female
009836.wav,नंतर शृंगीसह ते ऋषिकुमार त्या आश्रमात आले आणि पाहतात तो काय!,mr,unknown,male
002653.wav,पण त्याच्या साथीदारांनी त्याचे बोलणे अजिबात ऐकले नाही.,mr,unknown,female
009973.wav,"त्या पिशवीत प्रियंगू, पिंपळी, तांदूळ आणि अधिकता नावाचे धान्य भरले होते.",mr,unknown,male
003744.wav,जगातील प्रचंड ज्ञान डोळ्यांमुळेच मिळू शकते स्त्रीच्या सौंदर्याची साक्ष डोळेच,mr,unknown,female
002177.wav,पाण्याची सोय किल्ले माहुलीवर पहारेकर्यांच्या देवडांसमोर पाण्याचे टाके आहे.,mr,unknown,female
010836.wav,"टीना अर्थातच स्वत:हून तिच्याशी बोलायची नाही, पण गौरी मात्र तिच्याशी बोलायची आणि टीना सांगेल तसे वागायचीसुध्दा.",mr,unknown,female
006690.wav,"एसी, फ्रीजच्या जमान्यातही थंडाव्याला माठ हवा.",mr,unknown,male
010143.wav,म्हणून धन्वंतरीचीही या दिवशी पुजा केली जाते.,mr,unknown,male
003319.wav,इमारतीच्या बाहेरील बाजूच्या भिंती आणि छप्पर वा स्लॅब सूर्याच्या उष्णतेने तापतात व त्याचा परिणाम इमारतीच्या आतल्या तापमानावर होतो.,mr,unknown,female
007634.wav,आम्ही द्रविड देशात राहत होतो आणि कर्नाटक प्रदेशातही फिरत होतो.,mr,unknown,male
002788.wav,"खड्ग, बिळांतून आरडाओरडा ऐकूं येतो आहे.",mr,unknown,female
004106.wav,क्षणार्धात मी निर्णय घेतला आणि त्या टेंभ्याच्या दिशेनं पळायला सुरूवात केली.,mr,unknown,female
010032.wav,तो आपल्या सर्व वडील भावांहून श्रीमंत बनला.,mr,unknown,male
001677.wav,"सुंदर सुवासिक फुलांच्या फुलबागा होत्या, भाज्यांचे मळे होते.",mr,unknown,female
003948.wav,व्यापार सातवाहनांना फायदेशीर असल्याने ग्रीस व रोममधून फार मोठ्या प्रमाणात पैशाचा ओघ दक्षिण भारताकडे येत होता.,mr,unknown,female
004445.wav,सांताक्रुझ येथील हॉटेल ग्रँड हयात येथे ही परिषद होणार आहे.,mr,unknown,female
002937.wav,ह्या विचारात असतां एकदां राजोद्यानाच्या बाजूने राजवाड्याची जी खिडकी होती ती राजाने उघडली.,mr,unknown,female
007323.wav,"कदाचित त्या मुलीच्या पदरात पुण्ण्याचा साठा जास्त असावा, म्हणून नियतीने हि भेट घडवून आणली असावी.",mr,unknown,male
008075.wav,भाउ मग ओवाळणीचे ताटात 'ओवाळणी' टाकुन बहिणीचा सत्कार करतो.,mr,unknown,male
002838.wav,"पाऊस पडत नाही तोपर्यंत अशीच परिस्थिती राहील, जहॉंपन्हॉं!",mr,unknown,female
005723.wav,आणि तुमचा नम्रपणा गळून पडणार नाही उंबरठ्याशी,mr,unknown,male
009781.wav,"त्यागराजने विचारले, कोणते दोन रक्षक, मी तर कोणालाही सांगितले नव्हते.",mr,unknown,male
002504.wav,नंतर तो मधून मधून देवांच्या बाजूने हात लावून ओढी.,mr,unknown,female
009283.wav,स्वत:च स्वत:ला शिक्षा करून घेणारी प्रजा उत्कृष्ट राज्य शासनाचे प्रतीक आहे.,mr,unknown,male
002370.wav,‘मी आज सकाळी डेन्टिस्ट कड़े गेलो होतो,mr,unknown,female
004968.wav,"त्यांचे कीर्तन फार प्रभावी होते, ते म्हणायचे.",mr,unknown,male
005884.wav,वेड बिड लागलाय की काय अगं सोन्यासारखा नवरा माझा.,mr,unknown,male
002218.wav,एक कडूनिंब बियांच्या अर्काच्या तंबाखूवरील सोडोपटेरा दिसतो,mr,unknown,female
005848.wav,यामुळे शेतकरी आत्महत्येकडे वळतात व या परिस्थितून महागाई वाढण्यास सहजरित्या अनेक विविध पर्याय उपलब्ध होतात.,mr,unknown,male
002219.wav,एकोणीस शे त्र्यैंशी च्या दुसऱ्या जागतिक कडूनिंब परिषदेत सांगितले,mr,unknown,female
003327.wav,धुळे जिल्ह्यात तीन शे वीस एम डब्ल्यू.,mr,unknown,female
008110.wav,आपल्या अवतीभोवतीचे वातावरण म्हणजे पर्यावरण !,mr,unknown,male
007324.wav,जर असेच काही असेल तर तिला ह्या सर्व प्रकारातून बाहेर काढण्याची जबाबदारी मी नक्की पार पाडेल.,mr,unknown,male
003584.wav,तांबी काढल्यानंतर महिन्याभरात पाळी पूर्वीप्रमाणे सुरू होते.,mr,unknown,female
010883.wav,"कडक उन्हाळयात जेव्हा ऊन तापू लागतं, तेव्हा आम्ही आमची सारी पानं तुझ्यावर अंथरतो आणि आम्ही मात्र निष्पर्ण होऊन उन्हात तापत राहतो अतिशय आनंदाने.",mr,unknown,female
003620.wav,थंडीच्या दिवसात ढग खाली उतरतात व सर्वत्र पांढरे धुरकट धुके पसरते.,mr,unknown,female
006218.wav,पण मराठीतून राज्यकारभारात करावा म्हणून जिल्हाधिकाऱ्यांना पाठविण्यात आलेले परिपत्रक इंग्रजीतून काढण्यात आले.,mr,unknown,male
002469.wav,तुम्ही दोघेही कुठली तरी पैज लावा बघूं!,mr,unknown,female
008594.wav,सकाळी उठल्यावर आंब्याच्या दोन किंवा तीन कोयी मिळून एका मातीच्या पिशवीत लावायच्या.,mr,unknown,male
003116.wav,कीं आपल्या स्वार्थासाठी या विद्येचा उपयोग करूं नये.,mr,unknown,female
000086.wav,"तितक्यात काही पावलं, माझ्या दिशेने दबकत येताना जाणवली.",mr,unknown,female
009267.wav,दुपारी बाराची वेळ भूक लागली होती.,mr,unknown,male
005974.wav,बायनं आपला काळा फाटकोळा हात झेंड्यासारखा हलवला.,mr,unknown,male
002802.wav,त्याला बिळांतल्या वाटेने जाऊन आपली सुटका करायची नव्हती.,mr,unknown,female
003672.wav,"बंधुंनो मान डावीकडे-उजवीकडे फीरवता-फीरवता, समोर बसलेल्या प्रेक्षकान कडे मात्र लक्ष नाही.",mr,unknown,female
003668.wav,कुंपणभिंतीपासून मुख्य इमारतीच्या प्रवेशद्वारापर्यंतचा मोकळा भाग म्हणजे अंगण.,mr,unknown,female
010717.wav,आईचे बोलणे ऐकून मिताने तिला अत्यानंदाने मिठी मारली.,mr,unknown,female
010835.wav,"एकदा टीनाच्या वर्गात गौरी नावाची नवीन मुलगी आली, नवीन असल्यामुळे टीचरांनी तिला टीना शेजारी बसवले.",mr,unknown,female
005159.wav,त्याच्याकडून जंगलातल्या एका झोपडीत राहाणार्‍या दोन क्षत्रिय तरुणांबद्दलची सगळी माहिती सरदाराने काढून घेतली.,mr,unknown,male
006977.wav,"याप्रसंगी फादर फ्रान्सिस दिब्रिटो, उदय भेंब्रे, पावलू मोरायश यांचीही भाषणे झाली.",mr,unknown,male
005726.wav,उसने हसण्याचा मज सराव जरा जरा,mr,unknown,male
004591.wav,"किती हळुवारपणे, चपखल मांडलय एकटेपण अजीबात फापटपसारा न ठेवता.",mr,unknown,female
002020.wav,"त्याचा तो मधूर आवाज पाने-फुले, झाडे, पक्षी यांना स्पर्शून गेला, आणि सर्वजणं जागे झाले.",mr,unknown,female
003424.wav,प्रजोत्पादनाच्या हेतूशिवाय लैंगिक संबंध म्हणजे बेजबाबदारपणा आहे असे त्यांचे मत होते.,mr,unknown,female
002526.wav,खीर खाल्ल्यानंतर तिघी राण्या गरोदर राहिल्या.,mr,unknown,female
008495.wav,"प्रधान म्हणाला, मी या राज्याचा मुख्य प्रधान आहे.",mr,unknown,male
007502.wav,"आत्मानंद महाराजांनी प्रधानाला सांगितले, राजांना घेऊन आपण माझ्या खोलीत या.",mr,unknown,male
003213.wav,त्यामुळे यापासून आपल्या ऊर्जेच्या गरजा भागवता येणे अशक्य आहे.,mr,unknown,female
000520.wav,"पिताजी ध्यानमग्न आहेत, आलेल्या राजाचं स्वागत आपण केलं पाहिजे!",mr,unknown,female
005367.wav,पण या मुलांना पकडायचं तर शेजारी कुणाला कळता कामा नये.,mr,unknown,male
008146.wav,पण अख्ख्या कुटुंबाविषयी जिव्हाळा वाटण्यासाठी असे जेवण घेणे फारच लाभदायक ठरते.,mr,unknown,male
006594.wav,"बिस्किटे, नाष्टा अशी येथे पद्धत नाही.",mr,unknown,male
002896.wav,"राजन, हे स्मशान विषारी सर्प, घुबडें आणि जनावरांनी भरलेले आहे, तरीही तू निर्धास्त मनाने चालतो आहेस.",mr,unknown,female
000245.wav,हे ऐकून दोघेही पायी चालू लागले.,mr,unknown,female
005931.wav,अनेक कवितांची एकाच फॉर्ममध्ये बांधणी आणि मांडणी करता येते,mr,unknown,male
004715.wav,सूर्यास्ताच्या सुमारास ते एका सुंदर सरोवराच्या काठी पोचले.,mr,unknown,male
010086.wav,"मग त्या जंगलात वाघ, सिंह, कोल्हे, हत्ती सगळे प्राणी सुखाने राहतात.",mr,unknown,male
003426.wav,हत्तीरोगाच्या प्राथमिक सुजेच्या अवस्थेत इतर उपचारांबरोबर डाकाझिन पुनर्नवामंडूर ही दहा मिलीग्रॅम घ्यावी,mr,unknown,female
008114.wav,"प्रदूषणामुळे पर्यावरण विस्कळीत झाले आहे, म्हणून प्रदूषण होण्याची कारणे शोधा.",mr,unknown,male
003643.wav,या अल्पसंतुष्ट राहण्याच्या उपदेशामुळे महत्त्वाच्या मंदिरांची वास्तुशिल्पकलाही खास उल्लेखनीय नाही.,mr,unknown,female
008094.wav,"निसर्गावर आक्रमण करण्याचा विचार व्यर्थ आहे, यालाच आम्ही धर्म म्हणतो.",mr,unknown,male
007992.wav,"नारळपाणी रक्तविकार नाशक, वात-पित्त नाशक आणि शक्तीवर्धक असते.",mr,unknown,male
007436.wav,शेठजींच्या मनात राजाविषयी वाईट विचार आला; म्हणून राजाच्या मनात त्याची प्रतिक्रिया उमटली.,mr,unknown,male
008937.wav,"सोसाटयाचा वारा सुटला, वा-याच्या त्या प्रचंड सोसाटयात सापडताच प्रवाशाने आपल्या अंगावरील कपडे आपल्या शरीराभोवती अधिक लपेटून घेतले.",mr,unknown,male
005510.wav,"बघतो मी गुन्ह्याविनं, सारे मलाच पोळताना",mr,unknown,male
006298.wav,"यावर सौदागर म्हणाला, बर, पाच रुपये.",mr,unknown,male
002002.wav,तहान भागेपर्यंत त्या स्वराने खूप खूप पाणी प्यायले.,mr,unknown,female
000886.wav,"सनातन हिंदु धर्म सांगतो, आम्ही निसर्गाचे एक अविभाज्य घटक आहोत.",mr,unknown,female
000870.wav,पावसाळ्यात उन्हाळी हंगाम नंतर येतो.,mr,unknown,female
006455.wav,जादूटोण्याच्या संशयावरून वृद्धाचे डोळे फोडले.,mr,unknown,male
010606.wav,"शाळे व्यतिरिक्त मिनूचा संपूर्ण वेळ मिठूशी खेळण्यात जायचा, तिला मिठूचा खूपच लळा लागला होता.",mr,unknown,female
009823.wav,राजाने दोन-तीन वेळा त्यांना हाक मारली.,mr,unknown,male
007643.wav,मी म्हणजे भक्ती तर त्या प्रदेशातून पळून गेले.,mr,unknown,male
005721.wav,निदान दोन दिवस तरी अधिक समंजसपणे,mr,unknown,male
000357.wav,निर्मनुष्य मार्गावरून श्वापदांचा वावर असलेल्या रानातून येतांना त्याला भीती वाटायची.,mr,unknown,female
010837.wav,परीक्षेत गणितात गौरी नापास झाली आणि टीनाला मात्र पैकीच्या पैकी मार्कस मिळाले.,mr,unknown,female
005452.wav,राजधानीमध्ये एक वैभवसंपन्न मिरवणूक काढायचे आयोजन झाले होते.,mr,unknown,male
007161.wav,श्री सुपुगडे यांच्या एका मुलाचे आठवड्यापूर्वीच लग्न झाले आहे.,mr,unknown,male
008974.wav,किना-यावर एक कोल्हा होता.,mr,unknown,male
007258.wav,काही वेळाने देवाला हार घालायला जागा रहात नाही.,mr,unknown,male
009143.wav,"अर्जुनाला कुणीही स्पर्धक राहू नये, तो सर्वश्रेष्ठ धनुर्धारी असावा, यासाठी तुम्ही असं केलंत.",mr,unknown,male
002744.wav,तो आवाज ऐकून खड्गवर्मा ताबडतोब उठून म्हणाला.,mr,unknown,female
008613.wav,"बर्‍याच वर्षांपासून दक्षिण भारतात जाण्याची त्यातल्या त्यात केरळ बघण्याची अगदी मनापासून इच्छा होती, पण या ना त्या कारणाने तो योग येतच नव्हता.",mr,unknown,male
001276.wav,आजूबाजूच्या खेडयांतील लोक आम्हांला खोत म्हणून संबोधीत.,mr,unknown,female
001891.wav,एकलव्याच्या शब्दांत त्याची कैफियत पुढे मांडली आहे.,mr,unknown,female
009519.wav,"पैसा सोडुन आमची नजर दुसरीकडे वळलीच नाही, पण रक्षणकर्तेच लांडग्यांसारखे नेमके आवाज हेरतात.",mr,unknown,male
006416.wav,गाडीतील हीटर चालू करून आम्ही परत लॉस एंजलिसला घरी परत आलो.,mr,unknown,male
007914.wav,नाभाने हिरमुसून सर्व हकिकत बाबांना सांगितली.,mr,unknown,male
010058.wav,उपासनेच्या योगाने देवाची कृपा होऊन ज्ञानसंपन्नता कशी येते.,mr,unknown,male
003564.wav,काही प्रदेशात जमीन भुसभुशीत असते त्यामुळे खड्डे टिकत नाहीत.,mr,unknown,female
005788.wav,"परंतु दीदी झगडत राहिल्या आणि आता त्यांच्या रोपाचा वटवृक्ष कोल्हापूर, सिंधदुर्ग, पुणे असा पसरलेला दिसून येतो.",mr,unknown,male
004959.wav,"त्यांना इंद्राचा मत्सर वाटत होता, म्हणून त्यांनी तीन मस्तकांच्या विश्वरूपाची निर्मिती केली.",mr,unknown,male
001547.wav,"रंगाचे पैसे खर्च करणे आपल्याला शक्य नाही, तसे ही हातामुळे मंजूला फार काळ चित्रकला करता येईल असे मला वाटत नाही.",mr,unknown,female
006194.wav,सर्वांनी राजाचा स्वार्थीपणा दिसत असूनही टाळ्या पिटत अंगरख्याची वाहव्वा केली.,mr,unknown,male
002381.wav,आणखी कोणाच्याही हाताने तारकासुराच्या केसालाही धक्का पोचणे शक्य नाही.,mr,unknown,female
006475.wav,कणकवली शहरापासून चार किलोमीटरवर मुंबईगोवा महामार्गानजीक वागदे गावात श्री ना.,mr,unknown,male
003824.wav,"सुंठ अधिक जायफळाचे चाटण बेलफळाचा मोरंबा, कुड्याचे पाळ ताकातून घ्यावे.",mr,unknown,female
003233.wav,इंडियन ग्रीन बिल्डिंग कौंन्सिल ची स्थापना दोन हजार एक साली भारतात कॉन्फिडरेशन ऑफ इंडियन इंडस्ट्रीच्या माध्यमातून झाली.,mr,unknown,female
009194.wav,या अनपेक्षित प्रश्नाने मनोज क्षणभर गोंधळला.,mr,unknown,male
003307.wav,"त्याचे बृहजातक, लघुजातक, समाससंवहिता, वृद्दसंवहिता आणि पंचसिध्दरन्तिका पैतामह-प्रणाली, रोमक-प्रणाली, पौलिश-प्रणाली, वशिष्ट-प्रणाली आणि सूर्य-प्रणाली हे ग्रंथ प्रसिध्द आहेत.",mr,unknown,female
000493.wav,शमीक ऋषींचा मुलगा शृंगी हाही त्या ऋषिकुमारांतच व्रतस्थ राहून अध्ययन करीत होता.,mr,unknown,female
003500.wav,"आयुर्वेदामध्ये रोगनिदानात कफ, वात, पित्त, नाडी, इत्यादी महत्त्वाचे असते.",mr,unknown,female
008026.wav,जेव्हा यम राजकुमाराच्या खोलीत सर्परुपात प्रवेश करण्याचा प्रयत्न करतो तेंव्हा त्याचे डोळे सोन्या चांदीने दिपतात.,mr,unknown,male
001117.wav,"आपल्या लहानपणी आपणांस नाही असे ऋषी भेटले, परंतु आपल्या मुलीच्या भाग्याने भेटले आहेत, तर ती तरी चांगली होवो.",mr,unknown,female
005638.wav,नंतर पावसाचे आणि तुझे वैर झाले.,mr,unknown,male
009618.wav,आपण तरुण धडधाकट असूनही घोड्यावर बसला आहे आणि बापाला पायी चालवतो आहे!,mr,unknown,male
006147.wav,टिळकांच्या मनात मायमराठी बद्दल नितांत श्रद्धा.,mr,unknown,male
010796.wav,चिकमगलूरला आल्यापासून आजचा त्याचा दिवस खूपच आनंदात गेला होता.,mr,unknown,female
009619.wav,हे ऐकून दोघेही घोड्यावर बसले.,mr,unknown,male
008078.wav,एक पावसाळी दिवशी आकाश ढग सह झाकलेले राहते.,mr,unknown,male
009009.wav,आता त्या शेतक-याच्या शेतखणाची गाडी ओढून नेण्याचे काम त्याला करावे लागत होते.,mr,unknown,male
006858.wav,लव्ह स्टोरी असे तिचे नाव आहे.,mr,unknown,male
009433.wav,म्हणून लोक गाढवालाच भक्ती-भावाने हार घालू लागतात.,mr,unknown,male
006590.wav,"राजापूर तालुक्‍यातील सागवेचे गंगाधर गाडगीळ यांच्या पैतृक गाव, ज्योत्स्ना आणि ज्योती, नसती बिरामत या नाट्यकृतीही गाजल्या.",mr,unknown,male
009934.wav,तुझ्या सेवेने मी फार संतुष्ट झालो आहे.,mr,unknown,male
003646.wav,ज्ञानेश्वरांच्याप्रमाणे शिवाजी महाराजांनाही प्रस्थापित समाजधुरीणांविरूद्ध झुंजावे लागले.,mr,unknown,female
002501.wav,"हलाहल वणव्यासारखे पसरूं लागले व त्रिलोक भस्म होणार की काय, अशी शंका वाटूं लागली.",mr,unknown,female
005678.wav,फुटपाथवर जुने अंक डेबोनेरचे चाळून काढले,mr,unknown,male
008780.wav,तिला खूप दिवसांपासून ते घ्यायचे मनात होते.,mr,unknown,male
005242.wav,"पाऊस पडत नाही तोपर्यंत अशीच परिस्थिती राहील, जंहापनाह !",mr,unknown,male
007856.wav,"पुढे सत्यकाम मोठा प्रख्यात ऋषी झाला, आणि त्याच्याजवळ शिकून पुष्कळ शिष्य ज्ञानी झाले.",mr,unknown,male
002784.wav,तो आपल्या चारी बाजूंस बघूं लागला.,mr,unknown,female
006159.wav,मग उद्धव ठाकरे व राज ठाकरे यांनी एकत्र का येऊ नये,mr,unknown,male
003810.wav,स्त्रिया या सुंदर नाण्यांच्या माळा गुंफून आपल्या गळ्यात घालत.,mr,unknown,female
007973.wav,"भय, क्रोध, कर्मफळ यापासून विमुक्त होऊन त्याने राज्य केले व शेवटी परमपदाला पोचला.",mr,unknown,male
009474.wav,प्रत्यक्ष दहा मिनिटं माझ्या पुढे उभी राहून मला एकही शब्द बोलू न देणाऱ्या त्या अनोळखी मुलीला.,mr,unknown,male
002994.wav,या धंद्यात बोधिसत्व उचित तेवढेच लक्ष घेत.,mr,unknown,female
001697.wav,"आपण कधीच मोठं होतं नाही, आपली कधीच वाढ होत नाही.",mr,unknown,female
005686.wav,तिचे कैक प्रश्न दडवून ठेवल्याचा मला मात्र त्रास होतो,mr,unknown,male
002296.wav,तुला त्यांच्यासाठी तरी अयोध्येला रहावेच लागेल.,mr,unknown,female
009010.wav,थकला भागला तो घोडा असाच एकदा रस्त्यावरून जात असताना पूर्वीचे ते गाढव त्याला भेटले.,mr,unknown,male
006505.wav,प्रत्येक पालक आपल्या ऐपतीप्रमाणे व हौसेनुसार हे साहित्य खरेदी करतो.,mr,unknown,male
005940.wav,अनेक जण उच्चारात गफलत करून गोंधळ उडवितात.,mr,unknown,male
002053.wav,शंख व लिखित नावांचे दोघे भाऊ यज्ञोपवित संस्कार झाल्यावर गुरूगृही विद्याध्यानासाठी गेले.,mr,unknown,female
001777.wav,आणखी काही दिवस गेल्यावर त्याने आपल्या बक-यांचा फन्ना उडवला.,mr,unknown,female
007908.wav,"`काय रे पोरा, कोणाच्या गायी पळवतो आहेस, हे सर्व धन माझे आहे, यज्ञात शेवटी जे जे उरेल त्यावर माझा हक्क असतो.'",mr,unknown,male
003314.wav,तिथे जरूरीपेक्षा काही पटीने अधिक विजेच्या प्रकाशाची उधळपट्टी खूपदा चाललेली दिसते.,mr,unknown,female
004782.wav,माझ्याशी मित्रभावाने राहून सात जन्मानंतर तुमचा उद्धार होईल.,mr,unknown,male
006633.wav,जोधपूर एक्केचाळीस पूर्णांक आठ,mr,unknown,male
009262.wav,संपूर्ण वेद वेदांगाचा अभ्यास करून गुरूची परवानगी घेऊन हे दोघे घरी परत आले.,mr,unknown,male
008167.wav,"या सर्वांचा परिणाम शरिराच्या कार्यक्षमतेवर होतो, त्यामुळे वेळेत अन्नग्रहण करणे शारीरिकदृष्ट्या आवश्यक आहे.",mr,unknown,male
001593.wav,"अशामुळे शाळेत येऊन इतके दिवस झाले तरी त्याला कुणीच मित्र मिळाले नव्हते, भुवन अगदी एकटा पडला होता.",mr,unknown,female
001724.wav,सगळे म्हणाले अजबच आहे हा फूल डोंगर.,mr,unknown,female
000216.wav,आधी तो गवत्या वाघ मांस खायला सिद्ध होईना.,mr,unknown,female
007614.wav,त्या वेळी त्यागराजांच्या डोक्यात प्रकाश पडला.,mr,unknown,male
006708.wav,यामुळे संतप्त झालेल्या ग्रामस्थांनी वन विभागाच्या कार्यालयाची नासधूस केली.,mr,unknown,male
009526.wav,चुकिची शिक्षा गर्दन मारलीच म्हणुन समज.,mr,unknown,male
000491.wav,शमीक ऋषी महान तपस्वी आणि परोपकारी वृत्तीचे होते.,mr,unknown,female
010031.wav,त्या अचानक परत मिळालेल्या गायी मोठ्या आनंदाने पिटाळीत त्याने आपल्या घरी नेल्या.,mr,unknown,male
003484.wav,स्तनाच्या कर्करोगाचे निदान उशिरा झाले तर पुढे उपचार जास्त किचकट होतात.,mr,unknown,female
007007.wav,तिसऱ्या महिन्याच्या शेवटापासून स्तनाग्रातून चिकट द्राव बाहेर येतो.,mr,unknown,male
005103.wav,असे म्हणून वेताळाने कथा सांगायला सुरवात केली.,mr,unknown,male
005188.wav,समरबाहूच्या अनुयायांजवळ पोहचण्यापूर्वी प्राणीसंग्रहालयाच्या अधिकार्‍यांनी आपल्या सैनिकांना थांबवून त्यांना सांगितले.,mr,unknown,male
003432.wav,महाराष्ट्र-गुजरातमधल्या स्वाध्याय चळवळीने लाखो लोकांना दारूपासून सोडवले.,mr,unknown,female
006600.wav,"तुम्ही तुमच्याकडील फोटो, व्हिडीओ, गाणी, लिंक्‍स आणि डेटा अपलोड करू शकता.",mr,unknown,male
007579.wav,त्याच्या आईला ही गोष्ट ठाऊक नव्हती.,mr,unknown,male
000461.wav,"नारदमुनी म्हणाले, भक्तीदेवी, कलियुगाच्या प्रभावानं तुम्हा तिघांची ही दुर्दशा झाली आहे, हे खरं आहे.",mr,unknown,female
006411.wav,खारफुटी जमिनीचे धूप होण्यापासून संरक्षण करते.,mr,unknown,male
008328.wav,ही सर्वस्वी आपलीच समजा व तिला नीट वळण लावा.,mr,unknown,male
006651.wav,रजिस्टर्ड मॉर्गेजसाठी नोंदणी कार्यालयात जाऊन नोंदणी करावी लागते.,mr,unknown,male
005514.wav,"ओठात गोड भाषा, डोळ्यात कपटि नशा",mr,unknown,male
010386.wav,"शबरी म्हणाली, तात, मी आज त्या हरिणपाडसास बाणाने टोचले, ते त्यांना दिसले असेल का.",mr,unknown,female
000026.wav,"पुजारी तर देवाला काहीच देत नाही, तरी त्याला देव कसा दर्शन देतो.",mr,unknown,female
003513.wav,ही वैद्यकीय ग्राहक विमा कंपनी आणि रुग्णालय यातील मध्यस्थ संस्था असते.,mr,unknown,female
002410.wav,जयविजय हे कश्यप प्रजापतीची पत्नी दिती हिच्यापोटी हिरण्यकश्यप आणि हिरण्याक्ष या नामे जन्मले.,mr,unknown,female
003271.wav,आज कोळसा हा रेल्वे इंजिन आणि आगबोटीत वापरला जातो.,mr,unknown,female
005210.wav,"तिच्या तोंडातून एक पाण्याची लाट फुटली, आणि मी डोळेच मिटले.",mr,unknown,male
009546.wav,परंतु त्याला नदीची खोली माहीत नसल्याने तो तिथेच काठावर विचार करत बसतो.,mr,unknown,male
001553.wav,"आईच्या डोळयात पाणी आले, तिने मंजूला कुशीत घेत म्हटले, मंजू आपल्या अपंगत्वावर आपणच मात करायला शिकले पाहिजे.",mr,unknown,female
010075.wav,"दैत्यांचे सामर्थ्य कमी झाले असून, देव शांत झाले आहेत, त्यांनी दैत्य व मनुष्यांचा द्वेष करणे सोडले आहे.",mr,unknown,male
009983.wav,त्या वेळी त्याला एक `साम’ सुचले.,mr,unknown,male
006684.wav,त्यावेळी बापूंच्या डोळ्यात पाणी आले होते.,mr,unknown,male
003872.wav,"वर आपण केलेली पूजा आहे, जवळ खुंटीवर पागोटं आहे.",mr,unknown,female
007311.wav,"म्हणूनच तर मी तिने सांगितलेला पोशाख पण घालून नाही आलो, पहा.",mr,unknown,male
003403.wav,सोयाबिनचे पीठ गहू-ज्वारीच्या पिठात मिसळून चपाती-भाकरी केल्यास प्रथिनपुरवठा आपोआप वाढतो.,mr,unknown,female
004530.wav,"अग्निपंख, यांत्रिकी अभियान्त्रिकी, भारतीय प्रौद्योगिकी संस्थान, दिल्ली",mr,unknown,female
000980.wav,बहुळा नदीच्या तीरावर सायगाव म्हणून एक गाव होतं.,mr,unknown,female
002656.wav,मुसळधार पाऊस कोसळत होता आणि ढगांचा गडगडाट थरकांप उडवत होता.,mr,unknown,female
001848.wav,घमेंडीत वावरणा-यांचा सदैव नाश होतो.,mr,unknown,female
008851.wav,"तुमच्यात न दमता जर कोणी डोंगर चढला असेल तर तो आहे विनित, असं का माहिती आहे का, मुलांनी नाहीच्या माना डोलावल्या.",mr,unknown,male
009026.wav,"हा डोमकावळा बराच काळ तिथेच बसला आहे, असे एका कोल्ह्याच्या लक्षात आले, तेंव्हा त्याने त्याला कारण विचारले.",mr,unknown,male
008396.wav,"शबरी सद्गदित झाली होती, ऋषिपत्नीने तिला पोटाशी धरिले व म्हटले, बाळे शबरी, अधूनमधून येत जा हो आश्रमात, आम्हाला आता हे घर खायला येईल.",mr,unknown,male
008483.wav,आजूबाजूच्या खेडयांतील लोक आम्हांला खोत म्हणून संबोधीत.,mr,unknown,male
005722.wav,दारापुढे कार पार्क केल्याने माझे घर,mr,unknown,male
000516.wav,इतक्यात एका झाडाखाली मेलेला एक सर्प राजाच्या दृष्टीस पडला.,mr,unknown,female
009007.wav,"बिचारे गाढव गप्पच राहीले, पण घोडयाचे ते उध्दटासारखे वागणे त्याच्या मनात राहीले.",mr,unknown,male
010562.wav,मे महिन्यात सगळेजण आंब्याची मजा लुटतात आणि कोयी मात्र फेकून देतात.,mr,unknown,female
009086.wav,"तो वृध्दाला म्हणाला, या तुमच्या मताबद्दल मी आभारी आहे.",mr,unknown,male
001103.wav,रानातील हरिणीच्या डोळ्यांसारखेच तिचे डोळे खेळकर व पाणीदार असून ती हरिणीप्रमाणेच चपळही होती.,mr,unknown,female
003277.wav,"या इंधनाचा उपयोग स्वयंपाकासाठी तसेच इंजिने, जनित्रे व बॉयर्ल्स चालविण्यासाठी करतात.",mr,unknown,female
008929.wav,मग फुलबागेतली फुलं घेऊन मुलांनी तो अख्खा डोंगर फुलांनी सजवला!,mr,unknown,male
005346.wav,"एक माळी उन्हातान्हात झाडांना पाणी घालत होता, तो राजाला दिसला.",mr,unknown,male
002658.wav,"प्रजा सुखी होती आणि राज्याची भरभराट होत होती, त्याबद्दल तो जागरूक होता.",mr,unknown,female
009940.wav,"वाटेत संध्याकाळ झाली तेव्हा त्याने गायी बांधल्या, अग्नी पेटविला व तो त्यात समिधा टाकू लागला.",mr,unknown,male
009130.wav,"ही करामत फक्त गुरूंचा आशीर्वादच करू शकतो, हे यांना कोण सांगणार?",mr,unknown,male
003997.wav,"त्यांनी फक्त मार्क्स, शीलर, दुर्खाइम, फ्रॉईड, युंग, सॉस्सूर या जागतिक मानवशास्त्रज्ञांचा हवाला द्यावा.",mr,unknown,female
000195.wav,"शिष्य म्हणाला, बघा, आपण भगवंताची आठवण करून करून मरतो, त्याचे फळ!",mr,unknown,female
004712.wav,म्हणूनच तुम्ही या जंगलात पाऊल टाकण्याचे साहस केलेत.,mr,unknown,male
000644.wav,ज्ञानाचे अपूर्व तेज सत्यकामाच्या तोंडावर झळकत होते.,mr,unknown,female
010538.wav,"सतत काम करत रहायल्यामुळे त्यांना थकवा येत असे, चिडचिड होत असे.",mr,unknown,female
003286.wav,काही अधिकाऱ्याच्या व मंत्र्यांच्या कार्यालयातील टयूब दिवसा उजेडीही अनवधानाने जळत असतात.,mr,unknown,female
003117.wav,त्यांच्या जवळ एक हजार वराह एक सोन्याचे नाणे त्यांच्या जवळ जमा झाले.,mr,unknown,female
007797.wav,"एक दरिद्री पोर आश्रमात घुसून गुरुजींच्या थेट जवळ जातो आहे, हे पाहून शिष्यांत कुजबुज होऊ लागली.",mr,unknown,male
003576.wav,काही पदार्थ जात्याच रुक्ष असतात व पोटात मैदा मिठाई बेसन इत्यादी हानी करतात.,mr,unknown,female
006873.wav,आमच्या घरात श्राद्ध या रुढीला नेहमीच छेद दिला.,mr,unknown,male
009884.wav,तेथे तो हर एक कामात हुशार होई.,mr,unknown,male
004321.wav,"शेती, त्याचा जोडधंदा दुग्धोद्योग, फूड प्रोसेसिंग, कॅनिंग इत्यादी.",mr,unknown,female
009795.wav,"त्यायोगाने भक्ती, ज्ञान आणि वैराग्य यांना पुन: संजीवन मिळाले.",mr,unknown,male
010932.wav,"मोठया आनंदाने ते तिकडे वळले, त्यांनी झाडाखाली आसरा घेतला.",mr,unknown,female
002208.wav,पाहून तिथले क्रिकटेचे बुजूर्ग एकमेकात कुजबूजु लागले आहेत.,mr,unknown,female
004553.wav,मी गेल्या दहा वर्षात फ्लोरीडा-कूपरटीनो-फ्लोरीडा-सनीव्हेल्-सॅक्रामेंटो-सीऍटल्-ऑस्ट्रेलिया-इंडिया-ऑस्ट्रेलिया अशी मुव्हिन्ग्स केलीत.,mr,unknown,female
004403.wav,गावडेने उत्साहाने एक फाईल रावराणेंच्या हातात दिली.,mr,unknown,female
009695.wav,त्यामुळे त्याला पराभव पत्करून मागे फिरावे लागले.,mr,unknown,male
007396.wav,कृपया भारत देशाला महाविद्यालयाएवढेच महत्व देऊन उच्चशिक्षित लोकांची भरती आपल्या सरकार मध्ये करावी.,mr,unknown,male
003719.wav,त्या ब्रम्हगिरीपासूनच पतितपावनी गौतमी गंगेचा उगम झाला आहे.,mr,unknown,female
000973.wav,"ज्यांना पाव, ब्रेड यांसारखे मैद्याचे पदार्थ खाणे टाळता येत नाहीत, त्यांनी असे पदार्थ खातांना मध्ये मध्ये कोमट पाणी प्यावे, म्हणजे ते पदार्थ पचतात.",mr,unknown,female
004580.wav,आणि आत्ताच्या मोनालिसाने विचारलेल्या प्रश्नात अनेक गोच्या तिने करून ठेवलेल्या होत्या.,mr,unknown,female
006517.wav,सध्या बॅंकांमध्ये ठेवी संकलन व इतर बाबींतही चढाओढ सुरू आहे.,mr,unknown,male
006699.wav,सीमा या सुकूरचे माजी सरपंच महानंद अस्नोडकर यांच्या चुलत भगिनी होत्या.,mr,unknown,male
000720.wav,आपल्या हक्कासाठी न भांडणाऱ्या व तरीही दुसऱ्याचे हक्क मानणाऱ्या नाभाने आपले नाव वेदांत अमर करून ठेवले आहे.,mr,unknown,female
008335.wav,"तिने गाईंना नदीवर न्यावे, त्यांस पाणी पाजावे, गाईचे धारोष्ण दूध शबरीला फार आवडे.",mr,unknown,male
006156.wav,शिवसेनेचे काय व कसे होणार या चिंतेने सध्या अनेकांना ग्रासले आहे.,mr,unknown,male
010326.wav,"मतंग ऋषी फार थोर मनाचे होते, प्रातःकाळी नदीवर स्नान करुन नंतर ते संध्या, ईश्वरपूजा व ध्यानधारणा करीत.",mr,unknown,female
003897.wav,खर खर सांगा स्वांतत्र्य म्हणजे काय',mr,unknown,female
002804.wav,तिकडे जीवदन्त आपल्या मंत्रदंडाने लांडग्यांना घाबरवत होता.,mr,unknown,female
002567.wav,इंद्राने महात्मा विश्वरूपाचा अंत करण्याचा निर्णय घेतला.,mr,unknown,female
004026.wav,"थॅंक्स दिनेश तांदळाचे पीठ, मैदा दोन्ही घरात आहेत ट्राय करीनच आता.",mr,unknown,female
006199.wav,लोकसभा आणि विधानसभांच्या निवडणुकीत शरद पवारांसारखा एकच शिलेदार महाराष्ट्राच्या स्वाभिमानाची पताका घेऊन महाराष्ट्रभर फिरला.,mr,unknown,male
000033.wav,त्याने आपल्या मुलांना बराच उपदेश केला; पण उपड्या घड्यावर पाणी.,mr,unknown,female
009096.wav,अतुलनीय ज्ञान आणि युध्दतंत्र याकरिता महर्षी द्रोणाचार्यांची ख्याती होती.,mr,unknown,male
009680.wav,"जातांना त्याने आत्मानंद महाराजांना नम्रपणे विचारले, महाराज, मी राज्यकारभार बघण्यात व्यस्त असतो.",mr,unknown,male
010742.wav,"चॉकलेट केक, दहा मेणबत्त्या, पावभाजी आणि हो त्या दिवशी घालण्यासाठी खास सीमाचा निळ्या टिकल्यांचा फ्रॉक.",mr,unknown,female
004064.wav,अर्थकारण गुंतवणुक निफ्टी बिएसई सेन्सेक्स प्रतिसाद मार्केट टॉक आउटलूक.,mr,unknown,female
009804.wav,शमीक ऋषी महान तपस्वी आणि परोपकारी वृत्तीचे होते.,mr,unknown,male
007302.wav,"तिच्या होणाऱ्या गैरसमजाबद्दल उद्या नक्की सांगू असा निश्चय करून, मी त्या विचारांना स्वल्पविराम दिला.",mr,unknown,male
005541.wav,"घे जरासा सोबतीला, प्राण ही गातोय गाणी",mr,unknown,male
001698.wav,"आपण सगळयांना मदत करायची, सगळयांना ऊर्जा पुरवायची, सगळया सगळयांना आनंदी करायचं, पण तरीही, आपली झीजच होते!",mr,unknown,female
002793.wav,"जमेल तेवढ्या लवकर त्यांना मारुन, त्याला तेथून निघून जायचे होते.",mr,unknown,female
002223.wav,त्यांच्या स्मृतीप्रित्यर्थ त्यांचे देखणे स्मारक पांडव लेण्याच्या पायथ्याशी उभारण्यात आले आहे.,mr,unknown,female
005819.wav,सध्या राष्ट्रीय राजकारणात महिलांची संख्या नगण्या आहे.,mr,unknown,male
010579.wav,होता होता पंधरा दिवस झाले.,mr,unknown,female
003765.wav,तीन शे चौतीस दुर्बल मनाचा मनुष्य कधीच हुतात्म होऊ शकत नाही.,mr,unknown,female
003867.wav,आणि प्रेयसीशी असलेला संबंध तुटला,mr,unknown,female
010451.wav,"लहानपणी मन फारच संस्कारक्षम असते, मातीसारखे, मेणासारखे असते, द्यावा तो आकार त्याला मिळेल.",mr,unknown,female
009491.wav,"त्या दोघांशी, साधी ओळखही नसताना, त्या दोन अनोळखी जीवांच्या विचारांत, किती फरक होता.",mr,unknown,male
009794.wav,त्या योजनेप्रमाणे सर्व धर्मनिष्ठांना आचरण करण्याच्या आज्ञा सोडल्या.,mr,unknown,male
008035.wav,तसेच समुद्र मंथनातून धन्वंतरी अमृतकुंभ घेऊन बाहेर आला.,mr,unknown,male
002513.wav,"धान्ये चांगली निघावी, त्यांना रोग होऊं नये, यासाठी खतपाणी देतो.",mr,unknown,female
003759.wav,काही सांधेदुखीचे रोगी हेज्यांनी आहारात अवेळी जेवण करणे.,mr,unknown,female
002832.wav,"मला इतकंच वाईट वाटतं कीं तुझ्यांत चिकाटी आहे, शौर्य आहे, प्रेमाची भावना आहे.",mr,unknown,female
003228.wav,असे पथदर्शक दिवे अतिशय कमी प्रकाश देत असत.,mr,unknown,female
004215.wav,ज्याला कोणी अडवत नाही असा तार्क्ष्य आमचे पोषण करो.,mr,unknown,female
003924.wav,‘प्रफुल्ल पिक्चर्स’ मध्ये फक्त ऐंशी रुपये.,mr,unknown,female
003905.wav,परी म्हणती राष्ट्रैक्य हेची अमुचे असे लक्ष्य,mr,unknown,female
002278.wav,त्याच्या मांडलिक राजांचे व प्रजेचे मत का ते घ्यायचे उरले होते.,mr,unknown,female
007002.wav,या स्पर्धकांनी स्टार्ट घेण्यापूर्वीच त्यांच्या टॅलेंटने चकित झालेय.,mr,unknown,male
008198.wav,सायगावात विनू व मनू दोघे मित्र होते.,mr,unknown,male
001402.wav,आता तिला खात्री पटली होती की शाळा सुरु होई पर्यंत तिची आंब्याची झाडे चांगली येणार होती.,mr,unknown,female
000740.wav,तेव्हा शंकरांनी म्हाळसा नावाच्या डोंगरावर राहूच्या घशात अंगठा घालून अमृत बाहेर काढले.,mr,unknown,female
006553.wav,"या वेळी आझमी म्हणाले, आश्‍वासन देऊन ते विसरण्याची कॉंग्रेसची परंपरा आहे.",mr,unknown,male
004267.wav,पण भिमाशंकरला चिकटुनच असलेल्या पदरगडावर जायचा योग काही आजवर आला नव्ह्ता.,mr,unknown,female
010790.wav,"भुवनेही मान डोलावली पण त्याला माहीत होते की हे सारे छोटया परीने केले आहे, त्याने तिला मनोमन धन्यवाद दिले.",mr,unknown,female
004980.wav,मग त्या लोकांनी मलेरियाच्या इलाजासाठी त्या सालातून रसायन काढणे शीकून घेतले.,mr,unknown,male
003254.wav,वेबसाईटच्या माध्यमातून दुकानदार आपल्या वस्तू जगभरातील गरजू ग्राहकांना दाखवू शकतो.,mr,unknown,female
003852.wav,इंडियन आयडॉल अभिजित सावंत कुणाशी लग्न करणार?,mr,unknown,female
009457.wav,"अशीच सकाळची वेळ होती, सुर्यदेवांची कोवळी किरणे अलगद शरीरास स्पर्श करून जात होती.",mr,unknown,male
002662.wav,एक दिवस एक साधू दरबारांत आला.,mr,unknown,female
008164.wav,"अन्नाचे सेवन योग्य वेळेत केले नाही, तर देहाला अन्नशक्तीचा पुरेसा पुरवठा होत नाही.",mr,unknown,male
008223.wav,"त्याला खून करून काय करायचं होतं, देवाला माहीत, एकटा तर आहे, पैसे हवेत कशाला.",mr,unknown,male
000675.wav,"माझे कोडे सोडवून मला खाली पाहावयास लावणारा माणूस हा पाहा मला दिसतो आहे, आता काय कारायचे मला जगून?’",mr,unknown,female
007306.wav,साधारण माझ्याच वयाचा पण उंचीने माझ्याहून चार बोट उंच असलेला एक तरुण होता तो.,mr,unknown,male
008361.wav,शबरीचे ते प्रेमळ व निष्कपट डोळे पाण्याने डबडबून आले.,mr,unknown,male
007012.wav,या सर्व पदार्थांत तीव्र क्‍लोरिनचा समावेश असतो.,mr,unknown,male
007656.wav,नंतर या यमुनाकाठी गोकुळवृंदावनात आम्ही आलो.,mr,unknown,male
003842.wav,मूर्तीची सोंड ही उजव्या बाजूला वळलेली आहे.,mr,unknown,female
001816.wav,"तो वाट पाहात होता कि, उंबराची फळे अजून पिकली नाहीत.",mr,unknown,female
009331.wav,गौतमने ते चणे घेतले व तुळशी वृंदावनात टाकुन दिले.,mr,unknown,male
010763.wav,"बऱ्याच दिवसांपासून त्यांना शहरातले प्रदुषण, आवाज, धूळ आणि वेगवान आयुष्यापासून दूर शांततेत जगायचे होते.",mr,unknown,female
010080.wav,विष्णूच्या आज्ञेनुसार प्रल्हादाने राज्याभिषेक करवून घेतला.,mr,unknown,male
004654.wav,त्यांच्या तपश्चर्येच्या तापाने त्रिभुवन तप्त झाले.,mr,unknown,male
003658.wav,त्यापैकी एका गुफेत गणेशाची सुमारे साडेआठ फूटाची भव्य आणि सुंदरमूर्ती आहे.,mr,unknown,female
002101.wav,ड्राइव्हरला ताबडतोब त्यांना उचलुन गाडीत घालण्यास सांगितले.,mr,unknown,female
005164.wav,"डाकूंचा सरदार नाराजीने स्वर्णाचारीकडे बघत म्हणाला, 'ए वास्तुविशारदा!",mr,unknown,male
006709.wav,टाटा स्कायच्या जाहिरातीतील कॅचलाईनसारखीच त्यांची अवस्था लाईफ झिंगालाला अशी झाली होती.,mr,unknown,male
001674.wav,"तेव्हापासून दोघींची छान गट्टी तर जमलीच पण टीनानेही सर्वांना मदत करायला, मिळून मिसळून वागायला सुरूवात केली.",mr,unknown,female
002102.wav,गाडी मोठया दवाखन्यापाशी येऊन थांबवली.,mr,unknown,female
004214.wav,काही साधू आपल्या गुरुच्या समाधीजवळ समाधी घेतात.,mr,unknown,female
008605.wav,होता होता पंधरा दिवस झाले.,mr,unknown,male
007809.wav,"गौतम म्हणाले, `बाळा, सत्यकामा, तू इतके खरं बोललास हेच पुरे आहे.",mr,unknown,male
001549.wav,सकाळी काढलेले चित्र तिने फाडून टाकले.,mr,unknown,female
008403.wav,"हिमालयाच्या दऱ्याखोऱ्यात असे प्रचंड व गगनचुंबी वृक्ष असतील, की ज्यांची नावे जगाला माहीत नाहीत.",mr,unknown,male
009151.wav,टाळून टळण्यातला शिष्य मी नाही.,mr,unknown,male
003324.wav,कारण आतापर्यन्त वापरात असलेले स्त्रोत हे कायम रहाणार नाहीत.,mr,unknown,female
008458.wav,"वाळवंटातील झरा अधिकच सुंदर व पवित्र वाटतो, अंधारात एक किरणही आशा देतो.",mr,unknown,male
000356.wav,शाळा सुटल्यावर घरी परततांना मात्र वाटेत रान लागायचे.,mr,unknown,female
005185.wav,"जीव, गुरु भल्लूक आणि त्याच्या टोळीचा काही पत्ता लागत नाही.",mr,unknown,male
001462.wav,"मुलांचे प्लॅन ऐकून आजोबा खूष झाले, मुलांनो तुमचा मदर्स डे नक्कीच स्पेशल होणार आहे, मीही त्या दिवशी तुम्हाला कामात मदत करीन.",mr,unknown,female
008909.wav,"डोंगरावरच्या झाडांना, झ-यांना व रस्त्यांना डोंगराच्या मनातलं कळलं.",mr,unknown,male
006632.wav,भूज चार एक पूर्णांक एक,mr,unknown,male
010276.wav,"हातून पाप झालं तर कदाचित दु:खाच्या लहरीत, उदासीनतेच्या लहरीत, वेडाच्या लहरीत केलं असशील हे पाप.",mr,unknown,female
003221.wav,पेट्रोल दर लिटरमध्ये बेचाळीस हजार बी टी.,mr,unknown,female
000940.wav,पण अख्ख्या कुटुंबाविषयी जिव्हाळा वाटण्यासाठी असे जेवण घेणे फारच लाभदायक ठरते.,mr,unknown,female
010033.wav,आपल्या हक्कासाठी न भांडणाऱ्या व तरीही दुसऱ्याचे हक्क मानणाऱ्या नाभाने आपले नाव वेदांत अमर करून ठेवले आहे.,mr,unknown,male
005148.wav,त्यामुळे धगीने भिंत गरम झाली आहे आणि माझे अंग भाजत आहे.,mr,unknown,male
007171.wav,गिलख्रिस्टच्या त्या ग्लोव्हज्‌बद्दल श्रीलंकेस आक्षेप,mr,unknown,male
006418.wav,रस्त्यावर असा बर्फ साठल्यास गाडी चालविणे अशक्‍य असते.,mr,unknown,male
005924.wav,सारी सृष्टी परत नव्या नवरीसारखी हिरवीसुंदर वाटायला लागेल.,mr,unknown,male
007431.wav,"इकडे राजाच्या मनात शेठजींच्या विषयी कुभाव उत्पन्न झाला की, हा शेठजी निपुत्रिक आहे.",mr,unknown,male
008800.wav,"अशामुळे शाळेत येऊन इतके दिवस झाले तरी त्याला कुणीच मित्र मिळाले नव्हते, भुवन अगदी एकटा पडला होता.",mr,unknown,male
001752.wav,इतक्यात रस्त्याच्या कडेला त्यांना एक मोठे झाड दिसले.,mr,unknown,female
003977.wav,शिवाय शत्रूची जहाजे तोफांच्य माऱ्याच्या टप्प्यात येईपर्यंत त्यांचे अस्तित्व शत्रूच्या लक्षात येत नसे.,mr,unknown,female
008875.wav,निर्मळ मनाची गौरी टीनाला मदतीची परतफेड कशी करता येईल हयाची संधी शोधत होती.,mr,unknown,male
001773.wav,"जो आपल्या निरूपद्रवी मित्रांचा विश्वासघात करू इच्छितो, तो साक्षात मृत्युपेक्षाही भयंकर!",mr,unknown,female
001197.wav,"रानावनांतील कानाकोप-यात असे एखादे रमणीय व सुगंधी फूल फुललेले असेल, की, ज्याचा पत्ता कोणाला लागलेला नाही.",mr,unknown,female
001879.wav,"हे परमेश्वरा, मला माझ्या कामात इतका व्यग्र कधीच करू नकोस की मला दुस-यांबद्दल सहानुभूती वाटू नये, दुस-यांच्या मी सदैव उपयोगी पडो असा मला अशिर्वाद दे.",mr,unknown,female
002669.wav,या गोष्टीवरून तरी तू तसाच मूर्खपणा करणार नाहीस.,mr,unknown,female
003172.wav,हजारो वर्षे जडत्व व चैतन्य यांच्या संबंधाबद्दल माणसाला आकर्षण आहे.,mr,unknown,female
002017.wav,त्या झ-याचे विषण्ण रूप पाहून स्वराला खूप रडू येऊ लागले.,mr,unknown,female
002006.wav,"तिकडे सर्वजणं गात होते, तो झरा, ती पाने-फुले, ते पक्षी.",mr,unknown,female
009058.wav,"एक दिवस, दिवसभर प्रयत्न करूनही त्याला मासे सापडले नाहीत.",mr,unknown,male
003894.wav,कुटुंबातील लोक धर्माभ्रष्ट व नीतिभ्रष्ट होतात.,mr,unknown,female
010931.wav,इतक्यात रस्त्याच्या कडेला त्यांना एक मोठे झाड दिसले.,mr,unknown,female
003238.wav,आस्तित्वात असलेल्या इमारतींचा पर्यावरणावरील परिणाम कमी करू शकतील.,mr,unknown,female
004425.wav,राजस्थानच्या मुख्यमंत्री म्हणून त्यांची कारकिर्द मात्र वादळी ठरली.,mr,unknown,female
004745.wav,"मला माहित नाही मॅडम, आमच्या गल्लीत अस कोणी रहात नाही.",mr,unknown,male
010011.wav,"नंतर नाभा अंगिरस ऋषीकडे गेला व म्हणाला, `ऋषींनो, मला तुमच्या यज्ञात घ्या, तुम्हाला अडलेले मंत्र मी सांगतो.",mr,unknown,male
002079.wav,खांडेकरांना साहित्य अकॅडमीचे पारितोषिक मिळाले तेव्हांचा प्रसंग.,mr,unknown,female
005220.wav,साहेब जंगलात शिकार करताना आम्ही एक हरीण मारले.,mr,unknown,male
000397.wav,"त्यागराजला आश्चर्य वाटले, त्याने विचारले, तुम्ही मला नमस्कार का करता ?",mr,unknown,female
002789.wav,समरबाहूच्या अनुयायांजवळ पोंचण्यापूर्वीं प्राणीसंग्रहालयाच्या अधिकार्यांनी आपल्या सैनिकांना थांबवून त्यांना सांगितले.,mr,unknown,female
002258.wav,त्यांनी विश्वामित्र ऋषींची विधिवत पादपूजा केली व यज्ञास आल्याबद्दल आभार मानले.,mr,unknown,female
007839.wav,"हंस म्हणाला, `अग्नी, सूर्य, चंद्र आणि वीज ही मिळून ईश्वराचा एक भाग होतो, बाकी ज्ञान तुला पाणबुड्या पक्षी सांगेल.'",mr,unknown,male
004073.wav,आम्ही रहात असलेल्या फ्लॅटच्या खालच्या फ्लॅटमध्ये आमच्या बाथरुममधून होत आहे.,mr,unknown,female
005575.wav,"प्रवचनमार्गदर्शन संपते वासुदेव महाराजांचा सत्कार मान्यवरच करतात, महाराज श्रोत्यांना अभिवादन करतात.",mr,unknown,male
009162.wav,"या विद्यार्थ्यांनी आजपर्यंत अनेक आपतग्रस्तांना मदत केली होती, पूर, वादळ, वायुग्रस्तांना यथायोग्य सहाय्य केलं होतं.",mr,unknown,male
010409.wav,"उगीच कोणाला दुखवू नकोस, कोणाची हिंसा करु नकोस.",mr,unknown,female
005356.wav,ते फक्त एक खट्याळ व मजेशीर भूत होते.,mr,unknown,male
009299.wav,तेव्हांपासुन आपल्याकडे यायचे होते तो योग आज आला.,mr,unknown,male
006094.wav,"त्यांनी म्हटले होते, मातृभाषेवर प्रभुत्त्व असल्याशिवाय परकीय भाषेवर प्रभुत्त्व मिळविता येणार नाही.",mr,unknown,male
008892.wav,सगळया गावाचं या डोंगरावर फार प्रेम होतं.,mr,unknown,male
001520.wav,समुद्रातले अनेक रंगी मासेही तिला खूप आवडत असत.,mr,unknown,female
008977.wav,एका फासेपारध्याच्या जाळयात एक कवडा सापडला.,mr,unknown,male
001379.wav,अशा तर्हेने पृथ्वीवरचा प्रत्येक दिवस सूर्यासोबत कामात आणि रात्र चंद्रासोबत आरामात जाऊ लागली.,mr,unknown,female
005673.wav,कवितेची कोळिष्टकं होण्याची वाट पाहत राहतो,mr,unknown,male
001024.wav,"मनूची मान खाली झाली होती, ईश्वराने त्याचे आईबाप नेले होते, त्याची बहीण नेली होती.",mr,unknown,female
002588.wav,रामदास एक अद्वैतिन व अजोड भक्त होते.,mr,unknown,female
009321.wav,"मानवता हाच खरा धर्म, पण हाच धर्म इतर पाळत नाहीत, बाई उत्तरल्या.",mr,unknown,male
010686.wav,त्यामुळे चॉकलेट आणि अन्नाचे सगळे कण आमच्या दातात अडकून रहातात.,mr,unknown,female
005622.wav,स्वतःचे दुःख ते माझ्या नेत्रातून सांडतात,mr,unknown,male
008672.wav,"कधी इडली, ढोकळा, थालिपीठ, नूडल्स अगदी रोज काहीतरी वेगळे असायचेच.",mr,unknown,male
005009.wav,"तिचा पती, बिरबल, हा एक सज्जन गृहस्थ होता.",mr,unknown,male
002858.wav,असे म्हणून वेताळाने शशांकाची गोष्ट सांगायला सुरवात केली.,mr,unknown,female
009040.wav,एका सापाच्या डोक्यावर एक गांधीलमाशी बसली व दंश करून ती त्याला सतावून सोडू लागली.,mr,unknown,male
005772.wav,घरातील सर्वजण तैलाभ्यण करून उष्णोदकाने स्नान करतात.,mr,unknown,male
005843.wav,"लोणी, तूप, दूध यांची रेलचेल होती.",mr,unknown,male
007123.wav,मंजूळ आणि श्रीकांत बहुलकर यांचे लेनने पुस्तकात आभार मानले आहेत.,mr,unknown,male
008404.wav,"रानावनांतील कानाकोप-यात असे एखादे रमणीय व सुगंधी फूल फुललेले असेल, की, ज्याचा पत्ता कोणाला लागलेला नाही.",mr,unknown,male
005833.wav,कॉलेज मध्ये जाणारी नोकरीव्यवसायात अधिकारपद भूषविणारी स्त्री अनेक चित्रपटांमधून दिसू लागली.,mr,unknown,male
001630.wav,"सर्वांनी आपापले डबे उघडले, विनितनेही डब्यात आणलेला शिरा आणि ऍपलचा चट्टामट्टा करायला सुरूवात केली.",mr,unknown,female
004889.wav,आपल्या पायांनी त्याने मंदारपर्वताला समतोल उभा करून वर काढला.,mr,unknown,male
004527.wav,साधारण साडेदहा वाजता आर्मी फोनची रिंग वाजली.,mr,unknown,female
003524.wav,बरीच बाळंतपणे सुखरुप होत असली तरी काही बाबतींत धोके संभवतात.,mr,unknown,female
005905.wav,स्वप्नामधल्या स्वप्नफ़ुला रे वास्तवात तू येशील का,mr,unknown,male
000523.wav,नंतर शृंगीसह ते ऋषिकुमार त्या आश्रमात आले आणि पाहतात तो काय!,mr,unknown,female
003608.wav,या सर्व विविध घटकांचा विचार करून निवड करण्यासाठी खालीलप्रमाणे मॉडेल्स प्रकार दिलेले आहेत.,mr,unknown,female
010311.wav,"चित्रकूट हे पर्वताचे नावच त्या पर्वताची सुंदरता पटवून देते, तेथे भारद्वाज ऋषी राहिले.",mr,unknown,female
005221.wav,जवळच वाघाचे पिल्लू अस्वस्थपणे येरझार्‍या घालतंय चोर म्हणाला.,mr,unknown,male
007181.wav,त्यावेळी एकमेव सांगे तालुक्‍यातून दीड लाख टन ऊस उत्पादनाचा उच्चांक गाठला.,mr,unknown,male
000235.wav,एकदा एक पिता-पुत्र एका घोड्याला घेऊन जात होते.,mr,unknown,female
003989.wav,"ते अहिंसा, शाकाहार, सात्विक जीवन, भिक्षा मागणे व देशभ्रमण या गोष्टी काटेकोरपणे पाळतात.",mr,unknown,female
003797.wav,"सकारात्मक विचारांचा प्रचंड उस्फूर्त असा प्रवाह अनुभवायचा असेल तर, डॉक्टर रेगे यांचं भाषण ऐका.",mr,unknown,female
004119.wav,मधल्या एक्झिट्जवळची जरा ऐसपैस पाय ठेवायला मिळणारी जागा बघून खूष झाला.,mr,unknown,female
006319.wav,"तो मनात म्हणाला, आपण केलेली चोरी उघडकीस आली तर म्हशीपरी म्हैस जाईल, आणि वर अब्रुही जाईल.",mr,unknown,male
005002.wav,राज्यातल्या मंदिरातून प्रवचने करण्यासाठी त्याला राजाकडून संमती हवी होती.,mr,unknown,male
007095.wav,स्वेतलाना कुझ्नेत्सोवाची व्हीनस विल्यम्सवर मात,mr,unknown,male
006776.wav,आदी नाना प्रकारच्या शंकांमुळे मदत करायची हिंमतच होत नाही.,mr,unknown,male
003801.wav,एका भोकात बुगडी असली तर शेजारे दुसऱ्या भोकात बाळी घालतात.,mr,unknown,female
008627.wav,पण आता तिला बरे करायचे आहे म्हणून काळजी घेत होती.,mr,unknown,male
003900.wav,ज्यावर कवीचा जथा उतरायचा झोळ्या घेऊन.,mr,unknown,female
005025.wav,गण्डक जमातीने हा दिवस वार्षिकोत्सव म्हणून साजरा करायचे असे ठरवून आवश्यक ती तयारी केली.,mr,unknown,male
001949.wav,यात कृष्ण आणि विदूर यांना मात्र कायम समतोल राखता आला.,mr,unknown,female
006362.wav,सुहास पेडणेकर व सौभाग्यवती राजश्री सिरसाट यांनीही आपले विचार मांडले.,mr,unknown,male
000471.wav,जगाचं कल्याण होऊन सर्व सुखी होतील.,mr,unknown,female
002449.wav,"मामाचे नाते सांगून, कंस म्हणून जन्मलेल्या कालनेमीचा, मृत्यू म्हणून तू जन्म घेऊन कृष्णावतारांत कंसाचा वध करणार आहेसच!",mr,unknown,female
003493.wav,शिवाय लाकूडफाटयासाठी होणा-या झाडतोडीमुळे पर्यावरणावर दुष्परिणाम होतात.,mr,unknown,female
006835.wav,डी सावंत यांनीच पर्यटन विकासाचा श्रीगणेशा केला.,mr,unknown,male
006092.wav,रानडे यांना या अन्यायाविरूद्ध झगडावे लागले.,mr,unknown,male
002672.wav,परंतु दुःखाची गोष्ट अशी कीं तू माझ्या सांगण्याकडे लक्ष देत नाहीस.,mr,unknown,female
010723.wav,"चित्र पाहताच आईने आनंदाने मंजूला जवळ घेत म्हटले, मंजू, तुझ्या हातात कला आहे, त्याला अधिकाधिक वाढवायचा प्रयत्न कर.",mr,unknown,female
002225.wav,"विस्तीर्ण पसरलेला समुद्रकिनारा, पायांना कोमल स्पर्श करणारी मऊ वाळू, कोवळे उन सुखावणारे होते.",mr,unknown,female
001107.wav,आपल्या मुलीचे कोडकौतुक राजा-राणी कितीतरी करीत.,mr,unknown,female
002189.wav,ग्रंथोक्त एक कोमल निषाद च असला तरी चालतो,mr,unknown,female
000819.wav,ती त्यास वेगवेगळी गाणी व गोष्टी सांगुन जागे ठेवते.,mr,unknown,female
007055.wav,सहायक पोलिस आयुक्त पालवेंच्या घराची झडती घेत होते,mr,unknown,male
006756.wav,हाच धडा घालून दिला आहे माईल्स हिल्टनबार्बर यांनी.,mr,unknown,male
005572.wav,"घास ठेवणारी मंडळी नदिवर जमते, मृतात्म्यास पाणी दिले जाते.",mr,unknown,male
004524.wav,त्यामुळेच ती जास्तीतकास्त काळ गेल्या सहा दिवसात मोनासमोरच असायची.,mr,unknown,female
005794.wav,'आऊटलूक'तर्फे देण्यात येणारा 'स्पीक आऊट पुरस्कार,mr,unknown,male
010272.wav,"तुझ्या उशाशी तो सुरा होता, तो का दुसऱ्यानं आणून ठेवला, तूच तो खून केला असावास, मलाही असंच वाटतं.",mr,unknown,female
009625.wav,काही केले तरी लोक टीका करतात.,mr,unknown,male
005739.wav,माणुस विकतो माणूसकीला भाव असे ठरलेला,mr,unknown,male
002625.wav,गंगा ही एक तोंडाळ आणि भांडखोर स्वभावाची बाई होती.,mr,unknown,female
004729.wav,अयोध्येपासून जवळ रानात त्रिपक नावाचा एक वृद्ध ब्राह्मण रहात असे.,mr,unknown,male
010283.wav,"या जगात न्याय नाही, सत्य नाही, प्रेम नाही काही नाही, असे तो मनात म्हणाला.",mr,unknown,female
010846.wav,निर्मळ मनाची गौरी टीनाला मदतीची परतफेड कशी करता येईल हयाची संधी शोधत होती.,mr,unknown,female
010715.wav,अधिक घेण्याचा हव्यास करायचा नाही.,mr,unknown,female
000889.wav,त्यासाठीच विधीनिषेध आहेत.,mr,unknown,female
008791.wav,"बऱ्याच दिवसांपासून त्यांना शहरातले प्रदुषण, आवाज, धूळ आणि वेगवान आयुष्यापासून दूर शांततेत जगायचे होते.",mr,unknown,male
008148.wav,असा अनुभव या अभ्यासाअंती नोंदवण्यात आला आहे.,mr,unknown,male
002438.wav,डोकं कापलेल्या स्थितीत मुलाला पाहून ती शंकराकडे डोळे वटारून पहात म्हणाली-.,mr,unknown,female
006057.wav,आज इंग्रजी व हिंदीच्या कचाट्यात आपण सापडतो आहोत.,mr,unknown,male
009210.wav,तहान भागेपर्यंत त्या स्वराने खूप खूप पाणी प्यायले.,mr,unknown,male
000818.wav,सर्व महालात मोठमोठ्या दिव्यांनी लखलखीत प्रकाश केला जातो.,mr,unknown,female
010784.wav,वर्गातल्या मुलांना खूपच आश्चर्य वाटले.,mr,unknown,female
003415.wav,सोबत दिलेल्या कॅलेंडरच्या मदतीने पाळीच्या तारखेवरून बाळंतपणाची संभाव्य तारीख काढता येईल.,mr,unknown,female
006353.wav,त्या दिवशी अशीच ती परदेशस्थ मुलगी आईवडिलांबरोबर ऑफिसात आली.,mr,unknown,male
002342.wav,म्हणून त्यांनीं पांच अप्सरांना मांडकणी मुनींची तपश्चर्या भंग करण्यासाठी पाठविले.,mr,unknown,female
009891.wav,"ती एक दासी होती, तिला ना जात ना गोत !",mr,unknown,male
003168.wav,"सर्व निरीक्षकांच्या दृष्टीकोनातून स्थल, काल वस्तुमान यांचे मानदंड हे एकच असणार नाहीत तर ते सापेक्ष असतील.",mr,unknown,female
001810.wav,"डोक्याचा कोबीचा कांदाच जणू, एकंदरीत ते ध्यान पाहता सारे पशु खदखदा हसू लागले.",mr,unknown,female
008665.wav,"आदिती सांगू लागली, रविवारी आम्ही दोघेही आईच्या आधी उठून तिला सकाळचा चहा करुन देणार आहोत.",mr,unknown,male
008887.wav,बागेत थुईथुई उडणांरं कारंजं होतं.,mr,unknown,male
007162.wav,शारदा व्याख्यानमालेच्या सहाव्या दिवशीचे पुष्प त्यांनी गुंफले.,mr,unknown,male
001265.wav,"माझ्या आईची आई अत्यंत नियमित व दक्ष होती, तिच्या घरातील भांडी आरशाप्रमाणे स्वच्छ असत.",mr,unknown,female
005087.wav,"तुझ्याजवळ अमाप संपत्ती आहे, धनदौलत आहे.",mr,unknown,male
008571.wav,"तिसरा माणूस हसून म्हणाला, आजच.",mr,unknown,male
008845.wav,"जसे जसे हे मावळे वर जात होते तसा त्यांचा उत्साह कमी कमी होत होता, त्यांना दम लागत होता.",mr,unknown,male
007729.wav,ध्यानमग्न असलेल्या शमीक ऋषींच्या गळ्यात मेलेला सर्प घातलेला.,mr,unknown,male
005836.wav,आजही ते दोघे संगीताचे क्लास घेतात.,mr,unknown,male
007017.wav,मुलींच्या अंगाला हळद लागावी ही त्यांची नव्हे तर कोणत्याही बापाची इच्छा.,mr,unknown,male
005195.wav,"नराधमांनो, ह्याक्षणी महाभूताच्या पायावर तुम्हा दोघांना बळी देतो.",mr,unknown,male
004450.wav,"द्रुपद, श्रीकृष्ण यादव, विराट हे सगळे त्यांचे हितचिंतक झाले होते.",mr,unknown,female
004946.wav,"बळी तो कान पिळी, हाच न्याय झाला.",mr,unknown,male
007458.wav,"कंबन रामायण रचतो आहे, हे समजल्यावर कूत्तनलाही स्फूर्ती आली.",mr,unknown,male
004046.wav,बाजारात याला गुलछडी असा शब्द होता,mr,unknown,female
008527.wav,त्या दिवसापासून त्याच्यात बराच फ़रक पडला व तो प्रजेचं अपत्यवत पालन-पोषण करु लागला.,mr,unknown,male
003703.wav,एक नीळकंठेश्वर मंदिराजवळ तर दुसरी हल्लीच्या गावाच्या किंचित् बाहेर एका शेतात.,mr,unknown,female
001036.wav,"विनू उभा राहिला, तो म्हणाला, मनू माझा मित्र आहे, परंतु सत्याशी माझी अधिक मैत्री आहे, सत्याला मी कधी सोडणार नाही.",mr,unknown,female
010136.wav,म्हणुनच या दिवसास यमदीपदान असेही म्हणतात.,mr,unknown,male
006920.wav,नरेंद्र मोदी या मर्द माणसाचा आम्ही नेहमीच आदर केला आहे.,mr,unknown,male
005591.wav,"कधी अचानक, धाड टाकुनी, स्वप्नांची तू, झडती घे",mr,unknown,male
007227.wav,"राजा रोज देवळात जायचा, देवासाठी सोन्याच्या ताटातून जेवण पाठवायचा, देवासाठी दानधर्म करायचा.",mr,unknown,male
001229.wav,"आश्रमातील मित्र त्याची जीवनकथा पुष्कळ वेळा विचारीत, परंतु श्याम सांगत नसे.",mr,unknown,female
010374.wav,"ती आपल्या भक्तांना काही उणे पडू देत नाही, ही उषादेवी किती सुंदर, पवित्र व धन्यतम अशी आहे.",mr,unknown,female
007877.wav,तेव्हा मोठ्या आनंदाने तो तडक कक्षीवानाकडे धावत गेला.,mr,unknown,male
005150.wav,जीवदन्त वृद्धाचे बोलणे मधेच थांबवत म्हणाला .,mr,unknown,male
005142.wav,एवढ्यात जवळच्या विटांवर काहीतरी जडवस्तू आपटल्याचा आवाज दोघांनी ऐकला.,mr,unknown,male
008193.wav,"जर गावात अपराध झालाच, तर सारे लोक देवळात जमत.",mr,unknown,male
006552.wav,पंजाबमध्ये गव्हाची सोंगणी दहा एप्रिलपासून पुढे सुरू होत असते.,mr,unknown,male
000053.wav,उत्सव पुन्हा चालू होतो अन् सर्वजणदुसऱ्या गावाकडे प्रयाण करतात.,mr,unknown,female
001012.wav,"मनू जागा झाला, त्याच्या उशाशी रक्ताने माखलेला सुरा होता; तो दचकला.",mr,unknown,female
006556.wav,तसेच सर्व आमदारही मूग गिळून गप्प राहिले.,mr,unknown,male
008548.wav,होता होता नीतूचा सहावा वाढदिवस आला.,mr,unknown,male
007182.wav,"या चिठ्ठीत आत्महत्येचे कारण नमूद केले नसले, तरी आत्महत्येसाठी कुणालाही जबाबदार धरू नये, असा उल्लेख आहे.",mr,unknown,male
009190.wav,चाचणीनंतर मनोजच्या डोळयांचं ऑपरेशन अगदी व्यवस्थीत पार पडलं.,mr,unknown,male
000160.wav,"ते म्हणाले, आम्ही केलेल्या कार्याला काहीच नाही का अर्थ, आमचे प्रयत्न, आमचे बलीदान सगळेच कसे गेले व्यर्थ?",mr,unknown,female
008628.wav,"दोन दिवसांनी मैना पुष्कळच टवटवीत दिसू लागली, घरात थोडीफार इकडे तिकडे फिरु लागली.",mr,unknown,male
001588.wav,नवीन गावातल्या शाळेचे मित्र मात्र त्याला इतके स्मार्ट वाटत नसत.,mr,unknown,female
001590.wav,भुवन त्या मुलांपासून अलिप्त राहत असे त्यामुळे वर्गातली मुले त्याच्याशी बोलायला उत्सुक नसत.,mr,unknown,female
010766.wav,बंगलोरच्या शाळेचे मित्र अत्यंत स्मार्ट होते.,mr,unknown,female
010384.wav,डोळ्यांत तेल घालून मनुष्याची कृत्ये ते पाहत असतात व माणसांची वाईट कृत्ये पाहून ते तारे रडतात.,mr,unknown,female
008806.wav,"परी म्हणाली, भुवनबाळा तुझे दुःख मी जाणते, सगळी मुले तुझ्याशी खेळायला लागतील, मैत्री करतील, मात्र त्यासाठी तुला बरेच बदलावे लागेल, आहेस तयार ह्या सार्‍यांसाठी.",mr,unknown,male
010365.wav,"शबरीचे केस नीट विंचरुन कोणीही आजपर्यंत बांधले नव्हते, ऋषिपत्नी शबरीच्या केसांत सुंदर फुले घाली.",mr,unknown,female
010216.wav,"शेतकरी, विणकरी, रंगारी, पिंजारी, सोनार, सुतार, लोहार, कुंभार सर्व प्रकारचे लोक होते.",mr,unknown,female
006688.wav,आर्थिक व सामाजिक प्रगतीचा मार्ग चोखाळणाऱ्या रेबिया स्त्री-हक्कांच्या कट्टर पुरस्कर्त्या.,mr,unknown,male
010228.wav,"मनू एकटा होता, त्याचे आईबाप मरण पावले होते.",mr,unknown,female
008274.wav,"धर्म, तत्त्वज्ञान, कला यांचा विकास येथेच प्रथम झाला व संस्कृतिसूर्याचे किरण हळूहळू अखिल भारतवर्षावर पसरु लागली.",mr,unknown,male
007946.wav,"तेच अमृत वाहत जाऊन समुद्राला मिळाले, त्या ओघाला प्रवरा नदी असे म्हणतात.",mr,unknown,male
006175.wav,त्यांच्या डोळ्यांतले व्यथित भाव मी पुढिल अनेक महिने टिपले आहेत.,mr,unknown,male
008799.wav,वर्गातही अभ्यास करतांना भुवन सतत शिक्षकांच्या पुढे पुढे करायचा त्यामुळे वर्गातली इतर मुले त्याला आपल्यापेक्षा हुशार आणि वेगळी समजत असत.,mr,unknown,male
009744.wav,पुढे काही दिवसांनी तिन्ही सांजेच्या वेळी तो रानातून परतत असतांना त्याला वाघाची डरकाळी ऐकू आली.,mr,unknown,male
007481.wav,लोक तुला आणि मला रामायणकर्ते म्हणून ओळखतील !,mr,unknown,male
003859.wav,भिमेच्या खोऱ्यातील लोक मात्र कसेबसे तग धरून राहिले.,mr,unknown,female
010738.wav,आईच्या बोलण्याने मंजूला खूपच हुरुप आला.,mr,unknown,female
010139.wav,"धनत्रयोदशी बद्दल अजून एक दंतकथा आहे, ती म्हणजे समुद्र मंथन.",mr,unknown,male
008058.wav,"तो दिवस म्हणजे कार्तिक शुद्ध प्रतिपदा होय, या दिवशी विक्रम संवत सुरू होते.",mr,unknown,male
002829.wav,तरुणांना कायद्याचे ज्ञान देणे हा माझा व्यवसाय आहे.,mr,unknown,female
000437.wav,"आपण मुक्तीऐवजी शक्ती, युक्ती आणि आसक्ती यांच्याच भजनी लागले.",mr,unknown,female
005790.wav,"त्यात अपंगाना लागणारी व्हीलचेअर, कॅलिपर्ससोबत इतरही सर्व फर्निचर बनवले जाते.",mr,unknown,male
010400.wav,"फुले हे वृक्षांचे सौंदर्य आहे, वृक्षांचे सौंदर्य आपण नष्ट करु नये.",mr,unknown,female
010362.wav,"तिने गाईंना नदीवर न्यावे, त्यांस पाणी पाजावे, गाईचे धारोष्ण दूध शबरीला फार आवडे.",mr,unknown,female
008961.wav,"मोठया आनंदाने ते तिकडे वळले, त्यांनी झाडाखाली आसरा घेतला.",mr,unknown,male
003879.wav,"जिनं कहाणी ऐकलीं नाहीं, ती दरिद्रानं पीडली.",mr,unknown,female
001589.wav,ही मुले इंग्रजीत न बोलता सतत आपल्या मातृभाषेत म्हणजेच कन्नडात बोलत आणि डब्यात दहीभात आणत असत.,mr,unknown,female
007399.wav,"शिष्य म्हणाला, बघा, आपण भगवंताची आठवण करून करून मरतो, त्याचे फळ!",mr,unknown,male
002781.wav,"अरे बाबा, या दोघांना बहुतेक वाटतंय की लांडग्यांचा कडा म्हणजे आरामस्थान आहे.",mr,unknown,female
009840.wav,ऋषिमुनींची अशी अवहेलना करणाऱ्या त्या नराधम परिक्षिती राजाला आजपासून सातव्या दिवशी सर्पदंशाने मृत्यू येईल.,mr,unknown,male
009376.wav,ती देवळात गेली तर तिला साडी-चोळी मिळाली.,mr,unknown,male
005687.wav,"त्याक्षणी ती मोकळा श्वास घेत, बागडत असल्याचा भास होतो.",mr,unknown,male
003966.wav,"सध्याचं जग फास्ट ट्रॅकवर चालत असल्यामुळे कुठल्याही गोष्ठीच्या साधनेला वेळ मिळत नाही, अशी कारणे दिली जातात.",mr,unknown,female
004728.wav,नंतर रामाने वनयात्रेस निघण्यापूर्वी दानधर्म केला.,mr,unknown,male
000974.wav,"जेवतांना मधे मधे थोडे थोडे पाणी प्यावे, यामुळे पचन व्यवस्थित होते.",mr,unknown,female
001239.wav,"जीवन निर्दोष व निर्मळ व्हावे, ही माझी तळमळ, हेच माझे ध्येय, हेच माझे स्वप्न.",mr,unknown,female
002952.wav,यांचं मांस तर फारच चविष्ट असेल.,mr,unknown,female
007619.wav,एक सुंदर तरुण स्त्री मोठ्या काळजीत बसली होती.,mr,unknown,male
002343.wav,धर्मभृत मुनींनी ही कथा सांगितल्यावर राम- लक्ष्मण सीतेसह आश्रमांत येऊन पोंचले.,mr,unknown,female
008858.wav,टीना तिच्या आई-वडिलांची एकुलती एक मुलगी होती म्हणून तिचे सर्व लाड पुरवले जात होते.,mr,unknown,male
008493.wav,एकदा तो प्रधान शिकारीसाठी रानात बराच दूरवर गेला असता त्याला एका झाडाखाली जप करीत बसलेला साधू दिसला.,mr,unknown,male
006047.wav,कारण त्यात त्यांचा मतलब साधत असावा.,mr,unknown,male
002159.wav,चुलीवर होती खीर ! कावळयाच्या तोंडाला पाणी सुटले.,mr,unknown,female
010169.wav,व्यापारी लोकांच्या जमा-खर्चाच्या कीर्द खतावणीच्या नवीन वह्या ह्या दिवशी सुरू होतात.,mr,unknown,male
007936.wav,मग विष्णूंनी मोहिनीरूप घेऊन वाटप सुरू केले.,mr,unknown,male
001498.wav,त्याने इकडे तिकडे पाहिले परंतु कोणी दिसेना.,mr,unknown,female
004546.wav,तीन ते बारा वयोगटातील मुलांसाठी वर्गणी शुल्कात पन्नास सूट एक,mr,unknown,female
006466.wav,यातील बावन्न ड्रममध्ये रॉकेल भरले होते.,mr,unknown,male
007356.wav,"मान खाली घालुन तसाच पुढे गेलो, काय आश्चर्य स्वर्गात मला औरंगजेब भेटला, म्हणे काफरांना मारुनच तर स्वर्ग गाठला.",mr,unknown,male
007526.wav,ती उपवर होताच कृष्णराव नामक एका तरुणासमवेत तिचा विवाह निश्चित केला.,mr,unknown,male
007824.wav,"बैल पुन्हा म्हणाला, `आमची संख्या आता हजारावर आली आहे.",mr,unknown,male
007548.wav,"आता पत्नीच्या धर्माचे पालन करते, असे म्हणून तिने तलवार उपसली आणि स्वतःच्या पोटात खुपसली.",mr,unknown,male
004258.wav,आम्ही तो आग्रह आमच्या तुडूंब भरलेल्या पोटांच्या काळजीने साभार परतवून लावला.,mr,unknown,female
002423.wav,"‘ज्यांचा विवाह होतो, त्यांचा जन्म धन्य झाला, सार्थ झाला असे मानले जाईल!",mr,unknown,female
009381.wav,"तेव्हा राजाने तिला सांगितले, तू जाऊ शकतेस.",mr,unknown,male
010534.wav,"फार फार वर्षांपूर्वी पृथ्वीची उत्पत्ती झाली तेंव्हा फक्त सूर्यच आकाशात होता, चंद्र अजिबातच नव्हता.",mr,unknown,female
005186.wav,"खड्ग, बिळातून आरडाओरडा ऐकू येतो आहे.",mr,unknown,male
005648.wav,केसच ते ऐनवयात पांढरे झाले तर,mr,unknown,male
000358.wav,त्या वेळी तो बापडा जीव मुठीत घेऊन कसाबसा घर गाठायचा.,mr,unknown,female
005243.wav,दगडाच्या आवाजावरून तो दगड कोरड्या तळाच्या जमिनीवरच पडल्याचे लक्षात आले.,mr,unknown,male
002131.wav,गौतमने ते चणे काढून पुन्हा शेतात टाकले.,mr,unknown,female
010119.wav,ह्या दिवसापासून अंगणात रांगोळी काढण्यास सुरूवात करतात.,mr,unknown,male
002093.wav,"सकाळी नऊचा सुमार, ऑफिसला जाणार्यांची एकच गर्दी.",mr,unknown,female
005410.wav,त्यामुळे वापरात नव्हते म्हणून थोडे फिक्के पडले होते.,mr,unknown,male
002016.wav,तो चटकन उठला आपल्या राजमहालाला सोडून तो आपल्या झ-याजवळ आला.,mr,unknown,female
009922.wav,ह्यांना अरण्यात चरण्यास घेऊन जा असे सांगितले.,mr,unknown,male
004045.wav,तुम्हाला काय कारण आहे माझ्या खासगी बाबींत सल्ले द्यायचं.,mr,unknown,female
000188.wav,"हे ऐकून तो माणूस हसू लागतो, आपला खराखुरा वेष समोर आणून म्हणतो.",mr,unknown,female
000910.wav,"स्वभावदोष अन् अहं यामुळे मानसिक प्रदूषण होते, तर दुर्जन शक्तीमुळे आध्यात्मिक प्रदूषण होते.",mr,unknown,female
003656.wav,"सुपारी, तंबाखू, गुटख्यामध्ये असलेले टॉनेन, नायट्रोझामाईन कर्करोगजन्य पदार्थ निर्माण करतात.",mr,unknown,female
003427.wav,गरजेप्रमाणे वारंवार धुऊन दिवस वापरल्यावर पुढच्या पाळीपर्यंत तो राखून ठेवता येतो.,mr,unknown,female
008427.wav,"सूर्यचंद्रांना माहीत असो वा नसो, त्यांच्या किरणांनी कमळे फुलतात, ही गोष्ट खरी.",mr,unknown,male
001382.wav,ताईंनी ह्या कोयींपासूनच मुलांना रोपे तयार करण्यास सांगितली होती.,mr,unknown,female
010202.wav,"तहान लागते त्या वेळी एकाएकी घटाघट पाणी न पिता थोडे थोडे पाणी प्यावे, असे आयुर्वेद सांगतो.",mr,unknown,female
000414.wav,एक सुंदर तरुण स्त्री मोठ्या काळजीत बसली होती.,mr,unknown,female
007428.wav,हे केवळ राजाच विकत घेऊ शकतो.,mr,unknown,male
007552.wav,तोच तिच्या जगण्याचा एकमेव आधार होता.,mr,unknown,male
005038.wav,मुसळधार पाऊस कोसळत होता आणि ढगांचा गडगडाट थरकाप उडवत होता.,mr,unknown,male
004898.wav,"धान्ये चांगली निघावी, त्यांना रोग होऊ नये, यासाठी खतपाणी देतो.",mr,unknown,male
003337.wav,न्यूटनचे गतिविषयक तीन नियम आजच्या अवकाशयुगात पृथ्वीवरून अंतराळात झेपावणाऱ्या अग्निबाणाच्या उड्डाणात पायाभूत महत्त्वाचे आहेत.,mr,unknown,female
003607.wav,फीट मिरगी अतिरक्तदाब मानसिक आजार यावरचे बहुतेक औषधोपचार यामुळे लैंगिक इच्छा मंदावते.,mr,unknown,female
003176.wav,आइन्स्टाईनने दिलेल्या एका मुलाखतीत वयाच्या सोळा व्या वर्षी विशिष्ट सापेक्षतावादाविषयी विचारास प्रारंभ केल्याचे सांगितले,mr,unknown,female
006847.wav,ही रक्कम उद्दिष्टापेक्षा सुमारे निम्म्याने कमी होती.,mr,unknown,male
002242.wav,आश्रमांत परत गेल्यानंतरही ते त्याचाच विचार करीत राहिले.,mr,unknown,female
010627.wav,आजोबांनी हा प्रश्न विचारल्यावर आदितीने घाबरुन खोलीत आई नाही ना ह्याची खात्री करुन घेतली.,mr,unknown,female
008758.wav,आईने आश्चर्याने तिला त्याबद्दल विचारले.,mr,unknown,male
000257.wav,कंबनचे रामायण लोकप्रिय झाले.,mr,unknown,female
008346.wav,सुंदर दवबिंदूंचे हार घालून आपल्या झगझगीत रथात बसून ती येते.,mr,unknown,male
000201.wav,"गुरु पहाटे उठले, त्या वेळी अर्ध्या छपरातून चंद्र दिसत होता.",mr,unknown,female
009417.wav,"वडिलांनी त्या पाच काठ्यांची एका दोरीने मोळी बांधली, आणि प्रत्येकाला ती मोडायला सांगितली.",mr,unknown,male
002236.wav,तिथे त्यांना क्रौंच पक्ष्यांची एक जोडी दिसली.,mr,unknown,female
004744.wav,खेकरानाला खापरा रेंज जंगलातली एक ड्याम साइट आहे.,mr,unknown,male
001768.wav,"कधी कधी चांगल्याप्रमाणे वाईट गोष्टीही जगात परस्परांना साजेशा, शोभून दिसतात.",mr,unknown,female
004237.wav,क्वचितप्रसंगी आमच्यामध्ये खर्या वा काल्पनिक कारणांमुळे बेबनावही निर्माण झाला.,mr,unknown,female
009061.wav,"मी इतका लहान आहे की, माझी बाजारात काहीही किंमत यायची नाही.",mr,unknown,male
009246.wav,बाबा अहो तेवढे आठ आणे मिळवायला मला किती वणवण करावी लागली आणि तुम्ही ते फेकून दिलेत .,mr,unknown,male
008412.wav,मनुष्य जन्मतो त्याच्यापूर्वीच त्याचे शिक्षण सुरू झालेले असते.,mr,unknown,male
001573.wav,तिला खूप दिवसांपासून ते घ्यायचे मनात होते.,mr,unknown,female
000025.wav,"राजाला वाटायचे, मी देवासाठी इतके करतो, तरी मला देवदर्शन का होत नाही.",mr,unknown,female
003364.wav,"[[शून्यलेखन, संख्यालेखन आणि कुट्टक गणिताचा अपूर्व शोध",mr,unknown,female
001089.wav,आश्रमाच्या आसमंतातले वातावरण अतिशय प्रसन्न व पावन असे ती ठेवीत असे.,mr,unknown,female
004675.wav,कंदमुळे आणि फळे खाऊन तो मोठ्या कष्टाने रहात होता.,mr,unknown,male
002695.wav,त्या पदावर योग्य व्यक्तीची निवड करण्यासाठी शोध सुरुं झाला.,mr,unknown,female
008643.wav,डोळे उघडून पाहिले तर मिनू मोठयाने किंचाळलीच.,mr,unknown,male
003399.wav,धूम्रपान तंबाखू सेवन दारू अतितिखट खाणे इत्यादी सवयींमुळे कर्करोगाची शक्यता वाढते.,mr,unknown,female
003560.wav,रक्त प्यायलेली जळू लगेच पाण्यात टाकून त्यावर चिमूटभर हळद टाकावी.,mr,unknown,female
010028.wav,एवढा क्रूर तो पण नाभाचा हिरमोड पाहून त्याचेही मन विरघळले.,mr,unknown,male
002842.wav,अस्वलाची कातडी पांघरलेल्या माणसांनी खड्गवर्मा व जीवदत्ताला भुयारातून कांही अंतरावर नेले.,mr,unknown,female
002312.wav,राम आश्रमासमोर अंगणात तपस्वी वेषांत लक्ष्मण व सीतेसह बसलेला होता.,mr,unknown,female
007538.wav,त्यांनी त्याला गप्प बसण्याचे कारण विचारले.,mr,unknown,male
009126.wav,"सतत सराव, निधिध्यास, दिवस रात्र केलेलं चिंतन, नेमबाजी, उंचावरील वस्तूचा अचूक वेध घेणे.",mr,unknown,male
003235.wav,भविष्यात असे खरोखरीच घडले तर काय होईल ?,mr,unknown,female
007471.wav,"कंबन म्हणाला अरे वेड्या, हा काय प्रकार चालवला आहेस ?",mr,unknown,male
010201.wav,"जेव्हा आपल्याला पाणी आणि अन्न यांची आवश्यकता असते, तेव्हा आपल्याला अनुक्रमे तहान आणि भूक लागते.",mr,unknown,female
004153.wav,आपला युकी भांबरी हा ज्युनिअर बॉइजच्या चौथ्या फेरीत पोहोचला आहे.,mr,unknown,female
001310.wav,"यावर वरपिता असलेला तो पक्षी त्याला म्हणाला, 'तुझी मुलगी मी सून म्हणून आनंदाने स्वीकारतो, पण मुलीबरोबर 'स्त्रीधन' म्हणून शंभर गावे आंदण द्यायची.",mr,unknown,female
000696.wav,"त्यांना कोणते मंत्र हवे आहेत ते मी तुला शिकवतो, तू जाऊन त्यांचा यज्ञ पुरा कर.",mr,unknown,female
010482.wav,"आपल्या आश्रमात आता खाजगी असे काहीएक नाही, जे आहे, ते सर्वांच्या मालकीचे आहे.",mr,unknown,female
008032.wav,"धनत्रयोदशी बद्दल अजून एक दंतकथा आहे, ती म्हणजे समुद्र मंथन.",mr,unknown,male
003753.wav,एक शे सदुसष्ठ तुम्हाला मोठेपणी कोणं व्हायचंय ते आजच ठरवा आत्ताच ठरवा,mr,unknown,female
006338.wav,तुच ते तिच्याकडून घेऊन तिला बुडवले आहेस.,mr,unknown,male
001228.wav,"दररोज तो आपल्या आईला मनात धन्यवाद देत असे, कधी कधी चार अश्रूंनी तिचे तर्पण करीत असे.",mr,unknown,female
002000.wav,"एका झ-याच्या जवळ आला, तो झरा खूप निर्मळ होता, त्याचे पाणी स्वच्छ आणि अमृतासरखे होते.",mr,unknown,female
000277.wav,लोक तुला आणि मला रामायणकर्ते म्हणून ओळखतील !,mr,unknown,female
008154.wav,यासाठी शक्यतो दुपारी १२ वाजेपर्यंत सकाळचे आणि रात्री ९ च्या आत रात्रीचे जेवण घ्यावे.,mr,unknown,male
002368.wav,आमच्या शेजारची लोक वाणी स्वातंत्र्य मधे मानतात.,mr,unknown,female
005930.wav,एकाच कवितेत विविध विषय हाताळले जाऊ शकतात.,mr,unknown,male
002954.wav,केळीं पाहिल्याबरोबर निया धांवतच पिंजर्यांत शिरला.,mr,unknown,female
003638.wav,' पाळणाघरे आणि बालसंगोपनाची रजा या राष्ट्रीय गरजा आहेत ही चैन नाही.,mr,unknown,female
003907.wav,दलित क्रांती झिंदाबाद ची घोषणा दिली,mr,unknown,female
004779.wav,नारदाच्या बालवयातच त्याची आई साप चावल्याने मरण पावली.,mr,unknown,male
005846.wav,आज पैशाचे मूल्य घसरत चालले आहे.,mr,unknown,male
010617.wav,डोळे उघडून पाहिले तर मिनू मोठयाने किंचाळलीच.,mr,unknown,female
004118.wav,"अजुन पाहिला नाहीये, पण लवकरच पाहो व तो ओमोऊ स्मित स्मित",mr,unknown,female
002528.wav,नंतर कैकेयीस शंख व पद्माच्या अंशाने मौक्तिक नील वर्णाचा भरत जन्मला.,mr,unknown,female
001138.wav,"ही उषा लवकर उठणाऱ्याला संपत्ती देते, ही आकाशदेवतेची मुलगी आहे.",mr,unknown,female
002768.wav,नाहीतर तुला उंटावरुन खाली पाडीन आणि या सिंहाचेच भक्ष्य बनवीन.,mr,unknown,female
002335.wav,"ते अरण्य दाट होते, पण सुंदर व रमणीय होते.",mr,unknown,female
010574.wav,"वसंत ऋतूत झाडांना छान मोहोर येईल, त्यावर कोकीळा, बुलबुल, मैना गाणी गातील.",mr,unknown,female
007662.wav,"नारदमुनी, आपण आलात, छान झालं, आता तुम्हीच मला मार्ग दाखवा, आमचं संकट निवारण करा.",mr,unknown,male
000943.wav,"अनेकदा आपल्या घरातल्या रीतीरिवाज, परंपरा यांची माहिती मुलांना देण्यासाठी हे सहभोजन उत्तम ठरते.",mr,unknown,female
008689.wav,धावतच तो आईच्या खोलीत गेला.,mr,unknown,male
009138.wav,"मला मुक्त कंठाने, मनापासून आशीर्वाद दिलात, तो दिवस माझा होता.",mr,unknown,male
002491.wav,ब्रह्मदेव जागा होईपर्यंत नाव ध्रुव तार्याच्या दिशेने तरंगत जात राहील.,mr,unknown,female
010596.wav,"अगं आई, लवकर बागेत ये, बघ काय आहे, मिनू जोरात हाका मारत आईला बोलवत म्हणाली.",mr,unknown,female
007743.wav,त्याचे आदरातिथ्य येथे न झाल्यामुळेच तो रागावला असेल.,mr,unknown,male
006291.wav,मग मी तुमच्या गालांवरून वस्तरा फिरवीत असताना तुम्हाला नेमकं कसं वाटत होत,mr,unknown,male
004936.wav,नाहीतर शत्रुत्वाने वागून तीन जन्मांतच माझ्या हातून तुम्हाला मुक्ती मिळेल.,mr,unknown,male
003936.wav,"आणि मराठी रंगभूमीची सद्यःस्थिती इतकी संपन्न आहे की, मराठी माणसांनी आजच्या नाटकाचाही अभिमान अधिकारपरत्वे जरूर मिरवावा.",mr,unknown,female
006881.wav,"निर्माते सचिन खानोलकर म्हणाले, युवा दिग्दर्शक विजय सातघरे आहेत.",mr,unknown,male
008291.wav,प्रेमाने व निर्लोभतेने येथील लोकांची हृदये वश करुन घेऊन सुंदर ज्ञान व पवित्र आचार हे ऋषी त्यांस शिकवू लागले.,mr,unknown,male
002385.wav,शंकराने पार्वतीचा हात धरला तेव्हांच शंकराचे तेज पार्वतीच्या देहात सर्वत्र व्याप्त झाले.,mr,unknown,female
007085.wav,प्राथमिक आरोग्य केंद्रातील टेस्ट किट्‌स भंगारात,mr,unknown,male
000116.wav,"ती मुलगी किती भोळी, जिने आंधळा विश्वास ठेऊन, ह्याचाशी जवळीक केली, आणि त्याचे तिच्या बद्दलचे विचार इतके घाणेरडे.",mr,unknown,female
001864.wav,"उत्कंठतेने त्याने पाहिले तर, वळणारून अनेक घोडेस्वार येतांना दिसले.",mr,unknown,female
007497.wav,प्रधानाने राजास त्याप्रमाणे कळवले.,mr,unknown,male
010915.wav,"बळजबरीपेक्षा कुशलपणे दुस-याचे मन वळविणे, हेच जगात अधिक यशकारक असते, हेच खरे.",mr,unknown,female
003120.wav,गांधार देशाच्या तक्षशिला नगरीतील एका सुप्रसिद्ध गुरुकुलात विद्याभ्यासासाठी पाठविले.,mr,unknown,female
004259.wav,रात्री उशिरा कधी तरी बारा-बारा शे तीस वाजता निद्रादेवीच्या आधिन झालो.,mr,unknown,female
008076.wav,पावसाळ्यात उन्हाळी हंगाम नंतर येतो.,mr,unknown,male
000903.wav,"काहीही झाले, तरी मानवतेच्या दृष्टीने सर्व विकसित, तसेच अविकसित राष्ट्रांनी उशिरा का होईना, एकत्र होऊन त्याविषयी विचारविनिमय चालू केला आहे.",mr,unknown,female
002820.wav,जवळच वाघाचे पिल्लूं अस्वस्थपणे येरझार्या घालतंय चोर म्हणाला.,mr,unknown,female
003823.wav,दोन शे अठ्ठावन्न अंतर्बाह्य प्रांजळपणा हाच प्रीतीचा प्राण होय.,mr,unknown,female
008380.wav,"शबरी म्हणाली, लहानपणी मी तर शिकार करीत असे, माझे बाबा हरणे मारुन आणीत, शेळ्या, मेंढ्या आमच्याकडे मारल्या जायच्या.",mr,unknown,male
008250.wav,"परंतु ते कबूल करून गावाची क्षमा मागण्याऐवजी तू दंभ दाखवीत आहेस, काय याला म्हणावं.",mr,unknown,male
009954.wav,सत्यकाम अशा रीतीने पूर्ण ज्ञानी झाला व आश्रमात परत आला.,mr,unknown,male
004700.wav,उलट दोघांनी त्यांच्या आज्ञेचा भंग केल्यासारखे होईल,mr,unknown,male
009771.wav,तो रानातून जात असतांना त्याला लुबाडण्यासाठी दोन चोर त्याच्या पाठी लागले.,mr,unknown,male
003803.wav,या ऐतिहासिक कथा ऐकण्यात हजारोंच्या श्रोतृसभा दंग होऊन जातात.,mr,unknown,female
009102.wav,त्यांच्या चेह-यावरचं तेज तर सदैव मनाला टवटवी देणारं आहे.,mr,unknown,male
006069.wav,लोकशाहीत लोककल्याणाच्या गाड्याला लोकभाषेच्या वंगणाखेरीज तशी कधीच गती देता येणार नाही.,mr,unknown,male
005811.wav,वर्षाला एक ते दीड लाखाचे उत्पादन मिळू लागले.,mr,unknown,male
003537.wav,तोंडातील अंतर्भागात हे गंध सगळीकडे झोपताना लावावे चूळ भरू नये.,mr,unknown,female
003826.wav,"शब्दाचा अर्थ कधीं कधीं शब्द, पदें किंवा वाक्यें यांचा उपयोग त्यांच्या भाषेत होतो",mr,unknown,female
006643.wav,जवाहर बागेसमोर सहा वाजण्याच्या सुमारास ही निदर्शने करण्यात आली.,mr,unknown,male
009469.wav,पण तिच्या चाललेल्या बऱ्याच वेळेच्या बडबडीत एक गोष्ट उमजली.,mr,unknown,male
009430.wav,उत्सव पुन्हा चालू होतो अन् सर्वजणदुसऱ्या गावाकडे प्रयाण करतात.,mr,unknown,male
004811.wav,त्याने त्रिलोक जिंकला आणि देवांवरचा सूड उगविण्यासाठी देवांवर अत्याचार सुरू केला.,mr,unknown,male
001947.wav,घरच्या गरिबीमुळे आपला मुलगा अश्वत्थामा याला पीठाचे पाणी दूध म्हणून गुरू द्रोण यांना पाजावे लागले.,mr,unknown,female
009558.wav,भारतातील सर्वात मोठ्या महाविद्यालयातील मुख्याध्यापकाकडे नोकरी मागण्यासाठी गेला.,mr,unknown,male
008389.wav,ब्रह्मचर्याश्रम सोडून गृहस्थाश्रमात तू आता प्रवेश कर; विवाह करुन सुखाने नांद.,mr,unknown,male
005336.wav,'पिलूशेट या नावानेच लोक त्यांना ओळखत.,mr,unknown,male
003489.wav,खोपडी अरक लट्ठा नवटांक वगैरे प्रकारांनी दरवर्षी शेकडो मृत्यू होतात.,mr,unknown,female
001611.wav,"भुवनेही मान डोलावली पण त्याला माहीत होते की हे सारे छोटया परीने केले आहे, त्याने तिला मनोमन धन्यवाद दिले.",mr,unknown,female
007270.wav,"त्यासाठी रस्त्यात जो दगड येईल तो घ्यायचा, गळ्यातल्या साखळीला लावायचा आणि फेकून द्यायचा.",mr,unknown,male
008576.wav,"त्यांना कधी कुठले काम करावे, किती वेळ करावे हे समजत नाही.",mr,unknown,male
007930.wav,"मुखातून बाहेर पडलेल्या विषाच्या उष्णतेचा सर्वांना त्रास होऊ लागला, तेव्हा महादेवांनी ते विष प्राशन केले.",mr,unknown,male
008344.wav,"ती पहा, अमृताची जणू काय ध्वजाच, अमर जीवनाची जणू पताकाच अशी उषा येत आहे.",mr,unknown,male
007167.wav,मळी साठवणुकीच्या गंभीर समस्येने प्रदूषणाचा वेगळा प्रश्‍नही निर्माण झाला आहे.,mr,unknown,male
004678.wav,पण घोडे पुढे पाऊलं टाकीत नव्हते.,mr,unknown,male
004960.wav,इंद्राने विश्वरूपाच्या तपस्येचा भंग करण्याचा निश्चय केला.,mr,unknown,male
006964.wav,सीझनपास धारकाविरुद्ध टीसी नियम वापरत नाहीत,mr,unknown,male
005868.wav,ओव्हरडोस घेतलाय अन तिच्या नवऱ्याने बेशुद्ध अवस्थेत हॉस्पिटलमध्ये दाखल केलयं.,mr,unknown,male
009605.wav,"जर हा मेला, तर याचे धन राज्य भांडारात जमा होईल.",mr,unknown,male
007472.wav,स्वतः रचलेले रामायण असे का जाळत आहेस?,mr,unknown,male
004762.wav,चतुर्मुख ब्रह्मदेवाने आपल्या चारही तोंडांनी सर्व स्पष्ट सांगितले.,mr,unknown,male
002195.wav,घराणे कधीही एक नव्हते आणि आजही एक नाही.,mr,unknown,female
000883.wav,मराठी भाषेची निर्मिती संस्कृतमधून निर्माण झालेल्या महाराष्ट्री प्राकृत भाषांपासून झाली आहे.,mr,unknown,female
007697.wav,अनेक ऋषिकुमार त्यांच्याकडे वेदाध्ययनासाठी राहात होते.,mr,unknown,male
005702.wav,आणि प्रेयसीशी असलेला संबंध लोंबकळत राहिलाय,mr,unknown,male
007692.wav,अशाप्रकारे नंतर नारद वगैरे पुण्यशील ऋषींनी नंतर त्या भागवत धर्माचा महिमा वाढविला.,mr,unknown,male
005114.wav,त्यांना घेऊन ये अकबराने हुकूम केला.,mr,unknown,male
000558.wav,त्यायोगे तो पुण्यकारक भागवतसप्ताह सगळ्या लोकांना श्रवण करण्याचे श्रेय लाभले.,mr,unknown,female
010611.wav,घरभर तिला शोधले पण सापडली नाही.,mr,unknown,female
005140.wav,कशामुळे ही अशी उजाड मोडकळीला आली असतील,mr,unknown,male
001208.wav,"या आजूबाजूच्या सृष्टीतून काय शिकावे, हे आईबापच शिकवतात.",mr,unknown,female
000977.wav,असे कृश होणे आरोग्याला अपायकारक असते.,mr,unknown,female
007685.wav,भागवत धर्माच्या प्रसाराची आणि प्रचाराची योजना सर्वांनी विचार करुन ठरविली.,mr,unknown,male
008492.wav,"त्यामुळे राजाला ताळ्यावर कसं आणावं, हा त्याच्यापुढे प्रश्न पडला.",mr,unknown,male
001511.wav,मोंटू दचकून जागा झाला.,mr,unknown,female
010091.wav,आमच्या बागेत जांभळाचे झाड मुद्दाम आणून लावले आहे.,mr,unknown,male
003830.wav,मुरली वाजवीत हुबेहूब कृष्णाचा अवतार धारण करतो.,mr,unknown,female
003733.wav,महाराष्ट्रात प्रमुख देवदेवतांव्यतिरिक्त पंथीय व स्थानिकदैवतेही पुष्कळ आहेत.,mr,unknown,female
008847.wav,"डोंगर चढायचा उत्साह फारच थोडया मुलांमध्ये शिल्लक होता अपवाद फक्त विनितचा, तो सर्वात आधी डोंगरावर जाऊन पोहोचला.",mr,unknown,male
003212.wav,परंतु आता शास्त्रज्ञांनी बऱ्याच पर्यायी ऊर्जाप्रणाली पुढे आणल्या आहेत.,mr,unknown,female
003631.wav,पाळीव पशूंची नीट काळजी घेतल्यास ते मनुष्याप्रमाणे जीव लावतात.,mr,unknown,female
001709.wav,"आम्ही म्हणजे, तू पाणी पिऊन तृप्त झाल्यावर टाकलेल्या चुळा.",mr,unknown,female
001846.wav,पराभूत झालेला कोंबडा तोंड लपवनू बसलेला असल्यामुळेच बचावला नि अखेर कोणी प्रतिस्पर्धी न उरल्यामुळे निश्चिंतपणाने तो त्या कोंबडयांमध्ये खेळूबागडू लागला.,mr,unknown,female
000267.wav,"कंबन म्हणाला अरे वेड्या, हा काय प्रकार चालवला आहेस ?",mr,unknown,female
005986.wav,आपल्या राजांची गाडी या आपल्या सावंतवाडिच्या महाराजांच्या शेजारी बसून आलीस तू दुसऱ्यानं माहिती पुरवली.,mr,unknown,male
001141.wav,अशा प्रकारच्या गोड कविता शबरीला मतंग ऋषी शिकवीत असत.,mr,unknown,female
003163.wav,मात्र पाणीपुरवठ्याचा नळ मोठा करता येत नाही.,mr,unknown,female
006208.wav,"मराठी माणूस मराठी माणसाबरोबर खेकड्याप्रमाणे नांग्या उगारील, पण परप्रांतीय दिसला की, नांगी टाकील, कुत्र्यासारखे शेपूट घालील.",mr,unknown,male
002047.wav,"हे कसं शक्य आहे, डोळे दिले तर मी काहींच करू शकणार नाही, भिकारी म्हणाला.",mr,unknown,female
003731.wav,महाराष्ट्राचा भारतात क्षेत्रफळानुसार तीसरा व लोकसंखेनुसार दोसरा क्रमांक संकीर्ण माहिती,mr,unknown,female
001910.wav,"विचार असा होता, की जर तुम्ही माझे आहात, जर मी तुम्हाला पाहू शकतो, तर ती शिकवणी किती आगळीवेगळी किती थोर असेल!",mr,unknown,female
002212.wav,खांद्यावर बसवून नाचल्यामुळे डावा खांदा फ्रॅक्चर झालेले ब्रिज मोहन हे आमच्या हरयाणा संघात होते,mr,unknown,female
002661.wav,"त्याची हकालपट्टी होईच, शिवाय त्याला मरणदंडाची शिक्षा होई.",mr,unknown,female
000657.wav,"तेव्हा तो म्हणाला, `ह्याचे उत्तर मला देता येत नाही.",mr,unknown,female
006661.wav,मुख्यमंत्री देशमुख यांनी दीपप्रज्वलन करून आंबा महोत्सवाचे उद्‌घाटन केले.,mr,unknown,male
001308.wav,"ते दोन पक्षी एकमेकांशी जे बोलत आहेत, त्याचा अर्थ जर मी आपल्याला सांगितला, तर आपण मला जिवंत ठेवणार नाही.",mr,unknown,female
002568.wav,तो ऐरावतावर स्वार होऊन विश्वरूपाकडे गेला आणि त्याच्यावर त्याने आपल्या वज्रायुधाचा प्रयोग केला.,mr,unknown,female
008021.wav,या रात्री त्याची पत्नी त्यास झोपू देत नाही.,mr,unknown,male
000999.wav,पुढे-मागे बहिणीचे लग्न करावे त्यासाठी तो पैसे साठवी.,mr,unknown,female
008558.wav,नीतूने आलेल्या सगळ्या मैत्रिणींना आणि मोठयांना धन्यवाद दिले.,mr,unknown,male
002835.wav,"मल्लयुद्ध, धनुर्विद्या, गदायुद्ध वगैरे सर्व क्षत्रियांच्या विद्यामधें तो प्रवीण होता.",mr,unknown,female
010477.wav,"आत्मप्रौढीचा शब्दही माझ्या तोंडून बाहेर न येवो, अशी देवाला माझी प्रार्थना असते.",mr,unknown,female
010053.wav,तेव्हा शंकरांनी म्हाळसा नावाच्या डोंगरावर राहूच्या घशात अंगठा घालून अमृत बाहेर काढले.,mr,unknown,male
005881.wav,शिलाला शुद्ध आल्यामुळे डॉक्टर रॉय घरी जायला निघाले.,mr,unknown,male
001238.wav,"ही पिशाच्चे पुन्हा वर उठून माझ्या मानगुटीवर बसू नयेत, म्हणून माझी ही धडपड आहे.",mr,unknown,female
002152.wav,"थोडावेळ थांबून पुन्हा कावळयाने कडी वाजवली 'चिऊताई, चिऊताई, दार उघड'.",mr,unknown,female
008574.wav,"बाई कौतूकाने म्हणाली, आजच झाला.",mr,unknown,male
003836.wav,रंगकाम भारतीयांना झळाळणाऱ्या रंगांचे खास आकर्षण आहे.,mr,unknown,female
010614.wav,"मिनू उदास झाली, तिचा रोजचा वेळ आता कंटाळवाणा जाऊ लागला.",mr,unknown,female
008424.wav,"लहानपणी मन फार संस्कारक्षम असते, मातीसारखे, मेणासारखे असते, द्यावा तो आकार त्याला मिळेल.",mr,unknown,male
009470.wav,अगदी योगायोगाने मी त्या दिवशी त्याच पोशाखात तिथे पोहोचलो होतो.,mr,unknown,male
006579.wav,येथील अजयनगर भागातील प्रात्री संजय बडोदकर यांची वैशाली ही पत्नी.,mr,unknown,male
005092.wav,"राजन्, तुझी जिद्द व सहनशक्ती असामान्य आहे यात शंकाच नाही.",mr,unknown,male
002187.wav,आरोहात तो वर्ज करून अवरोहातसुद्धा सां ध या दोन स्वरांमध्ये प्रच्छन्न करावा लागतो.,mr,unknown,female
009456.wav,"मुंबई कधीही न झोपणार शहर, पण इथे सुद्धा मनमोहक सकाळ रोज होते बर का!",mr,unknown,male
001135.wav,उषादेवीची सुंदर गाणी ते तिजकडून म्हणवीत.,mr,unknown,female
005005.wav,"राजन, मला तुझा हेतू काय आहे ते कांही उमजत नाही.",mr,unknown,male
006627.wav,शुष्क पानगळीमुळे आग भडकते,mr,unknown,male
008349.wav,ऋषींच्या तोंडून त्या सुंदर कवितांचे विवरण ऐकताना लहानग्या शबरीचेही हृदय भरुन येई.,mr,unknown,male
001304.wav,संध्याकाळी फ़िरायला जाताना राजा व प्रधान यांच्याबरोबर अर्थातच तो गोसावीही होता.,mr,unknown,female
009266.wav,निराश झालेला लिखित परत निघाला.,mr,unknown,male
001628.wav,सगळ्यांनी खाऊची अगदी जय्यत तयारी करुन आणली होती.,mr,unknown,female
008787.wav,पण सीमाने मात्र समजूदारपणे तिचा फ्रॉक काहीही तक्रार न करता घालायला दिला.,mr,unknown,male
001523.wav,"मग सगळ्यांनी बाजारात जाऊन विकायचे काय आणि खायचे काय, मिताच्या ह्या प्रश्नावर आई-बाबा दोघांनाही हसू आले.",mr,unknown,female
010733.wav,मंजूने कालचे संभाषण ऐकल्याचे सांगितले.,mr,unknown,female
000359.wav,"एके दिवशी त्याला रहावले नाही, त्याने रडत रडत आपली भीती आपल्या आईला सांगितली.",mr,unknown,female
000139.wav,"काय रे ? कोण्या जेम्स लेनने म्हणे बत्तमीजी केली, तुमची अक्कल तेव्हा सांगा कोठे चरायला गेली ?",mr,unknown,female
000300.wav,राजा आणि प्रधान यांना वाकून खोलीत यावे लागले.,mr,unknown,female
001557.wav,आईच्या बोलण्याने मंजूला खूपच हुरुप आला.,mr,unknown,female
005100.wav,"निश्‍चयी विक्रम पुन्हा झाडाजवळ गेला, त्याने शव खाली ओढले, खांद्यावर घेतले व तो स्मशानाकडे चालू लागला.",mr,unknown,male
000383.wav,ते पाहून भगवंतास फारच वाईट वाटले.,mr,unknown,female
009101.wav,"होय, गुरू द्रोणाचार्य, उत्कृष्ट शिक्षक, शस्त्रहाताळणीमध्ये निपुण, विशाल ज्ञान आणि विद्वत्ता यांचा जणू सागर.",mr,unknown,male
008286.wav,आमचे हे प्राचीन आर्य धर्मप्रचारक रानटी लोकांत जाऊन आश्रम स्थापून त्यांना संस्कृतिज्ञान देऊ लागले.,mr,unknown,male
007665.wav,त्या स्त्रीने सांगितलेली ही हकिगत नारदांनी ऐकली.,mr,unknown,male
004858.wav,कोटीविघ्ने आली तरी विनायकाचे लग्न काही थांबायचे नाही!,mr,unknown,male
010780.wav,"दुसर्या दिवशी शाळेत चित्रकलेची स्पर्धा होती, भुवनची चित्रकला उत्तमच होती.",mr,unknown,female
003181.wav,कोणत्याहि कार्यासाठी आणि ऊर्जा निर्मितीसाठी इंधन आवश्यक असते.,mr,unknown,female
001440.wav,"ते पाहिल्यावर आई म्हणाली, मिनू मला तुझे कौतूक वाटते, पिंजर्यात डांबून न ठेवता तू मिठूला मोकळे ठेवलेस त्यामुळेच ती तुझ्याकडे परत आली.",mr,unknown,female
008387.wav,"शबरी आता वयात आली, ती यौवनपूर्ण झाली.",mr,unknown,male
005674.wav,साने गुरुजींनी संस्कार केलेल्या शाळकरी मुलांप्रमाणे,mr,unknown,male
007043.wav,कोल्हापुरास अर्बन लॅन्ड सिलिंग'मधून वगळण्याची मुख्यमंत्र्यांकडे मागणी केली.,mr,unknown,male
000947.wav,"दुपारी १२ ते ४ वाजेपर्यंत कडकडीत ऊन असते, या काळात भोजन केल्यास जठराग्नी प्रदीप्त होऊन शारीरिक त्रास होण्याची शक्यता असते.",mr,unknown,female
002391.wav,"आपण तिघी ज्या त्रिमाता म्हणवितो, त्यांची मूळ जन्मदात्री एकच आहे.",mr,unknown,female
005499.wav,माझ्या माध्यावरून भिरभिरणारे चांदणे येथे विसावते,mr,unknown,male
004917.wav,श्रीमतीने विष्णूला वरमाळा घालून त्याला वरले आणि वैकुंठलोकी गेली.,mr,unknown,male
008022.wav,त्याच्या अवतीभवती सोन्या चांदीच्या मोहरा ठेवल्या जातात.,mr,unknown,male
010109.wav,"घरासमोर, बागेत, शाळेत कुठेही, पण एक तरी झाडं लावायचेच.",mr,unknown,male
002722.wav,पाण्याचा एक थेंबही नाही दीर्घ श्वास घेत काळजीयुक्त स्वरांत बादशहा म्हणाला.,mr,unknown,female
001933.wav,अंगठयाशिवाय धनुर्धारी कसा काय सर्वश्रेष्ठ ठरणार.,mr,unknown,female
002353.wav,अयोध्येपासून जवळ रानांत त्रिपक नांवाचा एक वृद्ध ब्राह्मण रहात असे.,mr,unknown,female
007657.wav,"भगवान श्रीकृष्णाच्या वास्तव्यानं पवित्र झालेला हा प्रदेश, पण इथही तोच प्रकार.",mr,unknown,male
003237.wav,रस्त्यांचा वापर प्रामुख्याने फक्त वस्तूंची वाहतूक करण्यासाठीच होईल.,mr,unknown,female
003141.wav,"पण एकोणीस शे साठ ही संख्या रचतांना पंचाईत पडें, कारण रिकाम्या ओळीबद्दल कोणती खूण वापरावी हें मोठमोठ्या रथी-महारथींना कळलें नाहीं.",mr,unknown,female
004164.wav,अमेरिकेचे पेंटॅगॉनमधील अधिकारी पाकिस्तानचे रक्षक ठरले.,mr,unknown,female
009741.wav,"तू ज्या रानातून जातोस, तिथे तुझा गोपाळदादा राहतो.",mr,unknown,male
009543.wav,बोलून बोलून थकले आणि झाले सगळे शांत.,mr,unknown,male
003808.wav,तरीही महाराष्ट्र शक्य तसे आणि शक्य तेवढे वैर,mr,unknown,female
010380.wav,नभोमंडलात दंडकारण्याची शोभा पाहण्यासाठी एकेक तारका येत होती.,mr,unknown,female
001937.wav,"तेंव्हा मी मोकळा झालो, आणि तुम्ही मात्र अडकलात, पाप-पुण्यांच्या दुष्टचक्रात, राजनीतीच्या अन्यायी सापळयांत.",mr,unknown,female
009757.wav,त्याने आपली व्यथा गोपाळदादाला सांगितली.,mr,unknown,male
006782.wav,ब्रिटिश इस्ट इंडिया कंपनी देशात आल्यानंतर त्यांनी दीडशे वर्षे राज्य केले.,mr,unknown,male
008253.wav,"सभा संपली, मनूला 'खूनी मनू' म्हणून संबोधन्यात येऊ लागले.",mr,unknown,male
004155.wav,"आणि सर्वात सुंदर पवन दिवानी, न मानी उडावे मोरा घुंघटा.",mr,unknown,female
004173.wav,"वडा पाव, चहा, कॉफी, सरबत, ज्यूस, चिप्स-साल्सा, साधं वरण आणि मऊ भात छोट्यांकरता एक दिड वाटी केला होता",mr,unknown,female
000797.wav,आणि हो नुसतेच लावायचे नाही तर त्यांना रोज पाणी घालून ती जगवायची सुद्धा.,mr,unknown,female
002417.wav,गजासुर रूपांतील विघ्नावर तू चढून त्याला तुडवीत होतास.,mr,unknown,female
008414.wav,"जगात फक्त आईबापच शिकवतात, असे नाही, आजूबाजूचे सारे जग, सारी सजीव-निर्जीव सृष्टी शिकवीत असते.",mr,unknown,male
006140.wav,"तुम्ही कुठल्याही माध्यमात शिकत असा, पण पुल आणि पुलंबरोबर इतर थोर लेखक तुम्ही वाचायलाच हवे.",mr,unknown,male
000786.wav,नारळाचे पाणी म्हणजेच शहाळे आजारी माणसांना देतात.,mr,unknown,female
008352.wav,"ऋषी व त्यांची पत्नी बाहेर अंगणात बसली होती, फलाहार झाला होता.",mr,unknown,male
006790.wav,क्‍लोज्ड डाईंगची जगातील सर्वांत मोठी यंत्रणा बारामतीतील युनिटमध्ये कार्यान्वित केली जाणार आहे.,mr,unknown,male
003159.wav,परिणामी शहराचे मुळचे रूप नष्ट होऊन त्याला काँक्रीटच्या जंगलाचे रूप येते.,mr,unknown,female
007203.wav,महाभारतकालीन राजा सत्यदेव एक दिवस सकाळी उठले.,mr,unknown,male
008037.wav,या दिवसास धन्वंतरी जयंती असेही म्हणतात.,mr,unknown,male
000124.wav,"आपण ह्या सोशल नेटवर्किंगच्या जमान्यात वावरणारे, रोज असंख्य नाती जोडतो.",mr,unknown,female
010358.wav,"राजाने मुलीसाठी तांबड्या रंगाची वल्कले केली होती, ती तिला दिली.",mr,unknown,female
005669.wav,आदल्या रात्रीच्या कवितेतला तडफडून मेलेला शब्द,mr,unknown,male
002173.wav,डावीकड च्या वाटेने वळल्यावर दहा मिनिटांतच आपण सीता गुहेपाशी येऊन पोहोचतो.,mr,unknown,female
002170.wav,हरिश्चंद्रेश्र्वराचे मंदिर तळापासून या मंदिराची उंची साधारणतः सोळा मीटर आहे.,mr,unknown,female
006629.wav,सेस'ला तीव्र विरोधाचा चेंबर ऑफ कॉमर्सचा निर्णय,mr,unknown,male
004010.wav,"तेव्हा त्यांच्या सायकलची अवस्था पाहून तो ‘साहेब, या सायकलची दुरूस्ती करणे अशक्य आहे’",mr,unknown,female
010205.wav,काहीजणांना वैद्यांनी त्यांच्या रोगाला अनुसरून भरपूर पाणी पिण्यास सांगितलेले असते.,mr,unknown,female
004341.wav,शेम टू शेम नावाच्या टुकार चित्रपटात सर्वंच कलाकारांचे डबल रोल्स होते.,mr,unknown,female
000911.wav,जिवावर पर्यावरण आणि पर्यावरणावर जीव अवलंबून असतो.,mr,unknown,female
006269.wav,"तेव्हा त्यांच्या सायकलची अवस्था पाहून तो 'साहेब, या सायकलची दुरूस्ती करणे अशक्य आहे' असं म्हणाला",mr,unknown,male
008746.wav,पण मंजू जिद्दीने स्वतःची कामे कोणाचीही मदत न घेता पूर्ण करायची.,mr,unknown,male
002310.wav,सकाळी मीच त्यांना गंगेपलीकडे पोंचता करून आलो.,mr,unknown,female
010575.wav,आपल्या सर्वांना मिळून त्या डोंगरावर ट्रीपलाही जाता येईल.,mr,unknown,female
003635.wav,या तक्रारीत तथ्य आहे की नाही याबद्दल ग्राहक मंच सल्ला देऊ शकेल.,mr,unknown,female
001258.wav,"माझ्या आईचे माहेर फार श्रीमंत नव्हते, तरी सुखी होते, माहेरी खाण्यापिण्याची ददात नव्हती.",mr,unknown,female
006592.wav,बारा व्होल्ट क्षमतेचा अल्टरनेटर मात्र त्यांनी विकत घेतला.,mr,unknown,male
004459.wav,आहाहा गणेशोत्सव छायाचित्रांचा झब्बू स्पिन द यार्न धमाल स्मित स्मित शुभेच्छा,mr,unknown,female
006134.wav,"लेखनांत, व्याख्यानांत एवढ व्यग्र असूनही माझ वय विद्यार्थीपण हे दुय्यम न मानता लक्ष देत होते.",mr,unknown,male
007598.wav,एकदा त्याला दुसर्‍या शहरात जायचे होते.,mr,unknown,male
001179.wav,"हे रानफूल सात्त्विक सौंदर्याने, गुणगंधाने नटताना पाहून त्याला का धन्य वाटणार नाही.",mr,unknown,female
008445.wav,"ही पिशाच्चे पुन्हा वर उठून माझ्या मानगुटीस बसू नयेत, म्हणून माझी ही धडपड आहे.",mr,unknown,male
010217.wav,"गावातबहुधा भांडण होत नसे, मारामारी होत नसे कोणी कोणाचा हेवादावा करीत नसे, सारे गुण्यागोविंदाने नांदत.",mr,unknown,female
004653.wav,नंतर ते स्वतःच उत्तरेकडे हिमालय पर्वतात कौशिकी नदीच्या काठी जाऊन तपश्चर्या करू लागले.,mr,unknown,male
006219.wav,मराठ्यांचा या पराक्रमाला आम्ही टाळी देतो.,mr,unknown,male
003651.wav,स्वतःच चित्रीकरण केलेल्या शॉट्सचा समावेश असावा अन्यथा कॉपीराईट कायद्याचा भंग केल्याबद्दल शिक्षा होऊ शकते,mr,unknown,female
000443.wav,महाराष्ट्र हे खरचं महान् राष्ट्र वाटलं आम्हाला !,mr,unknown,female
003416.wav,याशिवाय कर्करोग रुग्ण आणि त्याच्या नातेवाईकांसाठी अनेक बाबतीत समुपदेशनाची गरज भासते.,mr,unknown,female
001400.wav,नम्रता आनंदाने घरभर नाचली.,mr,unknown,female
009576.wav,"परमात्म्या, तुझी कृपा म्हणून अर्धे छप्पर अजूनही आहे.",mr,unknown,male
008423.wav,"दोनचार महिन्यांच्या मुलाला जर बाहेर अंगणात ठेवले, तर आजूबाजूच्या हिरव्या हिरव्या झाडांचा त्याच्या मनावर इतका परिणाम होतो, की त्याच्या मनासही रंग येतो.",mr,unknown,male
001458.wav,"आदिती सांगू लागली, रविवारी आम्ही दोघेही आईच्या आधी उठून तिला सकाळचा चहा करुन देणार आहोत.",mr,unknown,female
008612.wav,निसर्गाने जणू आपला सर्व खजिना या प्रांतावर अगदी मुक्तहस्ते उधळलाय.,mr,unknown,male
005745.wav,"तोच तर असतो खरा संशोधक, शास्त्रज्ञ",mr,unknown,male
010876.wav,"आपण कधीच मोठं होतं नाही, आपली कधीच वाढ होत नाही.",mr,unknown,female
001055.wav,"त्याला वाईट वाटले, त्याच्या डोळ्यांतून पाणी आले, परंतु शेवटी प्रणाम करून त्याने घराबाहेर पाऊल ठेवले.",mr,unknown,female
008169.wav,या मतभेदांमुळे सामान्य माणसाच्या मनात संभ्रम निर्माण होतो.,mr,unknown,male
007654.wav,"द्रव्यार्जनात गर्व झालेले लोक ते, त्यांना भक्ती, ज्ञान, वैराग्य यांचं महत्व काय!",mr,unknown,male
003276.wav,"कचरा- औद्यौगिक, शहरी आणि शेतातील कचरा ऊर्जेची भूक भागवण्यास मदत करतात.",mr,unknown,female
001464.wav,त्याची आई रोज त्याच्यासाठी वेगवेगळे पदार्थ करायची.,mr,unknown,female
003700.wav,"याशिवाय तेर, नेवासा, जुन्नर, नाशिक आदि केन्द्रेही वस्त्रनिर्मितीमध्ये अग्रेसर होती.",mr,unknown,female
003760.wav,"प्रभावती तेजस्वी, ऐश्वर्यशाली, यौवनाश्व राजाची पत्नी, सूर्यपत्नी",mr,unknown,female
000930.wav,"क्वचित अपवाद असेल; परंतु या दहा वर्षांत चार प्रलयकारी भूकंप, चार चक्रीवादळे आणि सहा महापूर भारतभूमीने पाहिले.",mr,unknown,female
005512.wav,"स्वार्थ शोधण्यात दांभिक, स्वामीही दंग झाले",mr,unknown,male
006469.wav,विजयी गोल जुझे रेमिरेझ बारेट्टो याने गेला.,mr,unknown,male
009207.wav,"एक होता स्वर, सुरूवातीला तो खुप सुंदर गाणे गायचा, नंतर तो गाऊन गाऊन दमला.",mr,unknown,male
001830.wav,"कारण मी जीवाचा आटापीटा करून जे जे स्वच्छ करीत जाईन, ते ते एका क्षणांत काळंकुट्टं होईल, तुमच्या शेजारानं.",mr,unknown,female
002929.wav,‘पिलूशेट या नांवानेच लोक त्यांना ओळखत.,mr,unknown,female
008278.wav,"रावणासारखे राजे दक्षिणेकडून उत्तरेकडे येत होते, तर दुसरे संस्कृतिप्रसार करणारे धाडसी ऋषी विंध्यपर्वत ओलांडून दक्षिणेकडे येत होते.",mr,unknown,male
006539.wav,सिल्व्हरस्क्रीन अठ्ठावीस एप्रिलपर्यंत सकाळी दहा ते संध्याकाळी सहा दरम्यान सुरू असेल.,mr,unknown,male
004222.wav,"डीजे, बेला, निहिरा, स्वप्निल, अगदी अमेय दातेनेही अँकरींग केले आहे.",mr,unknown,female
003547.wav,सी पावडर शिकारा पंप उंदराची विषे टेट्रासायक्लिन व कोझाल गोळया इत्यादी उपयुक्त ठरतात.,mr,unknown,female
005599.wav,धेड असतो तर भडव्याची नरडीच घोटली असती.,mr,unknown,male
009793.wav,भागवत धर्माच्या प्रसाराची आणि प्रचाराची योजना सर्वांनी विचार करुन ठरवली.,mr,unknown,male
008499.wav,"प्रधानाच्या या प्रतिप्रश्नाला काहीसा ओशाळून तो गोसावी म्हणाला, 'प्रधानजी ! मला झेपेल अशी कोणतीही कामगीरी तुम्ही मजवर सोपवा.",mr,unknown,male
008936.wav,पवनराजाने प्रवाशावर पहिला हल्ला केला.,mr,unknown,male
002012.wav,मग तो त्या राजवाडयात मोठया दिमाखाने राहू लागला.,mr,unknown,female
000914.wav,सत्त्वकणांशी निगडित झाडांची उत्पत्ती कमी होत-होत १० टक्क्यांवर आली.,mr,unknown,female
007612.wav,"त्यागराजांनी त्यांना विचारले, ते रक्षक कसे दिसत होते ?",mr,unknown,male
009034.wav,एक दिवस कोळसेवाल्याने धोब्याला आपल्या मनातील विचार बोलून दाखविले.,mr,unknown,male
007837.wav,दुसर्‍या दिवशी संध्याकाळी सत्यकामाने गायी बांधल्या.,mr,unknown,male
008463.wav,काही बैलांच्या गळयांतील घंटांचा गोड आवाज दुरून ऐकू येत होता.,mr,unknown,male
003220.wav,ऊर्जा निर्मितीच्या बाबतीत हायड्रोजन सर्वात कार्यक्षम इंधन ठरते.,mr,unknown,female
002607.wav,"या, रेंजर राणी आपल्याला ह्याची काही विशेषता दाखवत आहे.",mr,unknown,female
003265.wav,पण या पध्दती खर्चिक आणि धोकादायकही आहेत.,mr,unknown,female
004929.wav,"त्यांनी पंचधातूची केलेली एक पेटी घेऊन त्यांत त्या अर्भकाला ठेवले, आणि ती पेटी समुद्रात टाकून दिली.",mr,unknown,male
009490.wav,काही वेळ असेच अजागळ उद्गार काढून तो निघून गेला.,mr,unknown,male
006565.wav,याच कारणामुळे काही दिवसांपूर्वी शंकरशेठ रस्त्यावर संतप्त नागरिक रस्त्यावर उतरले होते.,mr,unknown,male
008939.wav,"अखेर कंटाळून जाऊन वा-याने आपण हरल्याचे कबूल केले, व त्या प्रवाशाला सूर्य नारायण कसे काय वागवतील, ह्या उत्सुकतेने वायुराज गंमत पाहू लागले.",mr,unknown,male
000007.wav,लक्ष्मी बाहेर गेल्यानंतर आपण दान करू शकणार नाही; म्हणून मीही तिच्यासह जात आहे.,mr,unknown,female
002981.wav,राजमार्गाच्या दुतर्फा उभे असलेले लोक मोठ्या उत्साहाने.,mr,unknown,female
007836.wav,"अग्नी हा समुद्र व पृथ्वी यांवर हिंडतो, आकाशातही सूर्याच्या रूपाने तो राहतो; म्हणून त्याला हे माहीत होते.",mr,unknown,male
006584.wav,अर्थात रथोत्सव आणि पालखी उत्सवाला गर्दी उच्चांक गाठते.,mr,unknown,male
003362.wav,विश्वरचनेंतील वर्तुळात्मक गतीच्या कल्पनेला धक्का देण्याचे श्रेय भारतीयांना मिळतें.,mr,unknown,female
004775.wav,सर्वत्र अंधकार पसरला व जग काळोखात बुडाले.,mr,unknown,male
001944.wav,"मला टाळलंत, पण शेवटी येणा-या पिढया जेंव्हा जेंव्हा एकलव्याचे नाव घेतील तेंव्हा तेंव्हा त्यांना गुरू द्रोणाचार्य जरूर आठवतील.",mr,unknown,female
008569.wav,"देवाने दुसर्‍या माणसाला विचारले, झाड लावण्यासाठी तू हा खड्डा कधी खणलास.",mr,unknown,male
005500.wav,डी साठी तांड्यात सांस्कृतीक सहकाराची धडपड सुरू असते.,mr,unknown,male
001636.wav,मधून मधून उत्साह वाढावा म्हणून टिचर त्यांना 'हर हर महादेव' म्हणायला सांगत होत्या.,mr,unknown,female
001142.wav,ऋषींच्या तोंडून त्या सुंदर कवितांचे विवरण ऐकताना लहानग्या शबरीचेही हृदय भरुन येई.,mr,unknown,female
009724.wav,तो तिच्या जगण्याचा एकमेव आधार होता.,mr,unknown,male
002042.wav,एक भिकारी भीक मागता मागता एका श्रीमंत व्यापार्याच्या वाडयासमोर उभा राहून भीक मागू लागला.,mr,unknown,female
006816.wav,"डॉक्टर सुगन बरंठ म्हणाले, की राजकारण सर्वस्पर्शी आहे.",mr,unknown,male
006704.wav,याबाबत सचिन काळूराम मांढरे रात्री धनकवडी यांनी तक्रार दिली.,mr,unknown,male
007243.wav,"वडिलांनी त्या पाच काठ्यांची एका दोरीने मोळी बांधली, आणि प्रत्येकाला ती मोडायला सांगितली.",mr,unknown,male
000360.wav,ती ऐकून तिलाही अश्रू आवरेनात.,mr,unknown,female
002071.wav,"राजा म्हणाला 'लिखिता तू म्हणतोस ते खरंही असेल पण चोरीची फिर्याद कुणीच केलेली नाही, गुन्हा शाबीत झाला तर शिक्षा.",mr,unknown,female
003135.wav,मात्र तर्कावर आधारलेल्या गणितास सत्य व स्पष्टपणे वर्गीकरण करता येईल अशी माहिती हवी असते.,mr,unknown,female
005161.wav,लगेच त्याने आपला भाला उचलून सिंहावर फेकला.,mr,unknown,male
006991.wav,आंबवणे गावाजवळील कोराई गडावरून मुळशीचे दर्शन,mr,unknown,male
003244.wav,"इमारतीची रचना, बांधकाम, व वापर यासगळ्यांचा एकत्रितपणे पर्यावरणावर होणारा परिणाम अतिशय महत्वाचा ठरत आहे.",mr,unknown,female
002243.wav,त्यांना पाहून वाल्मिकी चटकन उठले आणि त्यांनी साष्टांग नमस्कार घातला.,mr,unknown,female
001475.wav,"बापरे किती वेळ लागतो हे करायला, चिनू वैतागला.",mr,unknown,female
009408.wav,एक गृहस्थ म्हातारपणामुळे बराच थकला होता.,mr,unknown,male
003260.wav,ग्रीन बिल्डिंग हा शब्द वाचताच अचंबित होण्याची वेळ येते.,mr,unknown,female
004021.wav,"' या वाक्याचा, तो कोणाचें उणें बोलणें सहन करीत नाहीं, हा रुढार्थ आहे.",mr,unknown,female
009679.wav,शूरसेन राजा प्रसन्न झाला.,mr,unknown,male
003501.wav,नागाच्या विषामध्ये वरील विषाबरोबरच हृदयक्रिया बंद पाडणारे विषही असते.,mr,unknown,female
002659.wav,ते पदार्थ चांगले बनले नाहीत म्हणून राजाने त्या आचार्यांना नोकरीवरूनच नाही तर राज्याबाहेर ताबडतोब हाकलून दिले.,mr,unknown,female
009252.wav,सेवक बोलवायला आलेला पाहून भिकार्‍याला खूप आनंद झाला.,mr,unknown,male
001131.wav,"शबरीचे केस नीट विंचरुन कोणीही आजपर्यंत बांधले नव्हते, ऋषिपत्नी शबरीच्या केसांत सुंदर फुले घाली.",mr,unknown,female
001820.wav,"आशेमुळे माणसाला भ्रम तेवढा होतो, अशाने वाट पाहून कुणाचेच पोट भरत नाही.",mr,unknown,female
007462.wav,"कंबन आपले रामायण गायला लागला की, श्रोते तल्लीन व्हायचे आणि वाहवा करायचे.",mr,unknown,male
009315.wav,"माझी फारच महत्त्वाची मिटिंग होती, कागदपत्र वेळेवर पोचायला हवी होती.",mr,unknown,male
008590.wav,"नम्रता तर, बाबांनी आंबे आणले की लगेचच त्याच्या कोयी आपल्याला कधी मिळतात ह्याची वाट बघायची.",mr,unknown,male
008966.wav,"तो आपल्या सहप्रवाशाला म्हणाला, फुकट हे एवढं मोठ्ठं झाड आहे, फळं धरत नाही, काही नाही, काय उपयोग या झाडाचा माणसाला?",mr,unknown,male
007065.wav,अध्यक्षस्थानी रेठरे बुद्रूकचे सरपंच अशोकराव मोहिते होते.,mr,unknown,male
004319.wav,ट्रॅफीकमध्ये चालवताना गतीची अपेक्षा करु नको पोलीस गेला सांगुन.,mr,unknown,female
004670.wav,त्यांच्या मनात तुला सांगावेसे वाटत आहे.,mr,unknown,male
005477.wav,ह्या खेळासाठी तुमच्या जवळ कंचे मार्बल्स किंवा छोटे रंगीत काचेचे बॉल्स आणि खुल्ली जागा असली पाहिजे.,mr,unknown,male
010761.wav,आईबाबांनाही खूप आनंद झाला कारण त्यांची नीना आज खऱ्या अर्थाने मोठी झाली होती.,mr,unknown,female
009604.wav,"इकडे राजाच्या मनात शेठजींच्या विषयी कुभाव उत्पन्न झाला की, हा शेठजी निपुत्रिक आहे.",mr,unknown,male
001857.wav,"त्यावेळी मला विकून तुला खूप पैसे मिळतील, आज तू मला सोडून दे.",mr,unknown,female
002283.wav,तुम्हाला हे पसंत नसेल तर दुसरा उचित सल्ला द्या.,mr,unknown,female
009527.wav,पण मेलेल्यांना मारायला ते खुर्चीतले नेते नव्हते.,mr,unknown,male
004009.wav,सहा शे चोवीस तारुण्यातील बेछूट वर्तन हे वृध्दापकाळाच्या नावावर काढलेले कर्ज असते.,mr,unknown,female
006402.wav,विशुद्ध चक्रानंतर भ्रूमध्यामध्ये म्हणजे दोन भुवयांच्यामध्ये आज्ञाचक्र असते.,mr,unknown,male
010859.wav,या बागेतून त्या बागेत जायला लाल नागमोडी रस्ते होते.,mr,unknown,female
010150.wav,लक्ष्मी ही फार चंचल असते असा समज आहे.,mr,unknown,male
000387.wav,तो चमत्कार पाहून गुरुजींनी त्याची क्षमा मागून सत्य स्थिती विचारून घेतली.,mr,unknown,female
001629.wav,साडे आठला गाडीतच सगळयांनी ब्रेकफास्ट करायचा ठरला.,mr,unknown,female
009230.wav,"आणि तो झरा, तो स्वर, ती सृष्टी आजही तिकडे अशीच आहेत.",mr,unknown,male
010207.wav,"ज्यांना पाव, ब्रेड यांसारखे मैद्याचे पदार्थ खाणे टाळता येत नाहीत, त्यांनी असे पदार्थ खातांना मध्ये मध्ये कोमट पाणी प्यावे, म्हणजे ते पदार्थ पचतात.",mr,unknown,female
007719.wav,"तहानेने व्याकुळ झालेला तो राजा त्या अपमानामुळे अधिकच संतापला, त्याला विचारच राहिला नाही.",mr,unknown,male
008440.wav,"श्याम, तू सर्वांचे ऐकून घेतोस, पण स्वत:चे मात्र का काहीच सांगत नाहीस, असे त्याचे मित्र पुष्कळदा त्याला म्हणत.",mr,unknown,male
010906.wav,"रस्त्याने जाणा-या एका प्रवाशाला त्याच्या अंगावरील कपडे काढायला लावण्यात जो यशस्वी होईल तोच श्रेष्ठ व विजयी होय, असे दोघांनी ठरविले.",mr,unknown,female
001843.wav,बिचा-याने लाजेने चूर होऊन एका अडगळीमध्ये तोंड लपविले.,mr,unknown,female
002498.wav,क्षीरसागराचे मंथन झाले तेव्हां राक्षस देवांची थट्टा करीत आपले भुजबळ दर्शवीत होते.,mr,unknown,female
000202.wav,"त्यांनी कविता लिहिली, त्या कवितेत होते, देवा, आम्हाला आधीच ज्ञात असते, तर आम्ही आधी अर्धेच छप्पर बांधले असते.",mr,unknown,female
008815.wav,सगळ्या मुलांनी मिटक्या मारत आणि भुवनच्या आईचे कौतूक करत केक संपवला.,mr,unknown,male
003869.wav,वेदांग लिहिलेल्या जटाभोर मुनीच्या हौसेहुनही अधिक आहे,mr,unknown,female
005055.wav,तू जिवावर उदार होऊन या भयंकर स्मशानात एकटाच चालला आहेस.,mr,unknown,male
005890.wav,निरपेक्षपणे मैत्री हेच शब्द कानावर येतील.,mr,unknown,male
002703.wav,म्हणूनच संकटाशी सामना करताना तू घाबरत नाहीस.,mr,unknown,female
007923.wav,त्या अचानक परत मिळालेल्या गायी मोठ्या आनंदाने पिटाळीत त्याने आपल्या घरी नेल्या.,mr,unknown,male
000332.wav,"त्या वेळी कृष्णराव काहीच बोलला नाही, त्यामुळे इतरांना त्याचे मोठे आश्चर्य वाटले.",mr,unknown,female
003809.wav,"विष्णू, अच्युतानंद, स्थानभ्रष्ट न होण्याचा आनंद उपभोगणारा",mr,unknown,female
000936.wav,"त्याला कारण मुलांच्या शिकवणीच्या वर्गाच्या, नोकरीवरून घरी परतण्याच्या वेळा यांना काही धरबंधच राहिलेला नाही.",mr,unknown,female
001775.wav,वादळी नि वाईट हवेमुळे एक शेतकरी आपल्या घरीच कित्येक दिवस अडकून पडला होता.,mr,unknown,female
010323.wav,आश्रमाच्या आसमंतातले वातावरण अतिशय प्रसन्न व पावन असे ती ठेवीत असे.,mr,unknown,female
010018.wav,"तो म्हणजे रुद्र होता, रुद्र मोठा भयंकर दिसे, पण नाभा यत्किंचितही न भिता आपला हक्क बजावीत होता.",mr,unknown,male
000990.wav,गावातील सर्व लहान-थोरांना अपराध करणाऱ्याचे नाव कळे.,mr,unknown,female
005444.wav,वाटेत एका जागी त्याला ताडामाडाएवढा उंच व अवाढव्य देहधारी रोमांच राक्षस भेटला.,mr,unknown,male
009141.wav,अंगठयाशिवाय धनुर्धारी कसा काय सर्वश्रेष्ठ ठरणार.,mr,unknown,male
006994.wav,सध्याच्या प्रकल्पाच्या दोन शे मीटरखाली खोदकाम केले असल्याचेही त्यांनी सांगितले.,mr,unknown,male
009364.wav,"चिऊताईचे बाळ झोपल्यावर तिने दार उघडले, कावळा घरात आला.",mr,unknown,male
005807.wav,"मकरसंक्रांत हा सण रथसप्तमीपर्यंत चालत असून, ह्यात रोज एखाद्या स्त्रीकडे हळदीकुंकवाचा कार्यक्रम असतो.",mr,unknown,male
009571.wav,"आल्यावर त्यांनी बघितले की, झोपड्यांचे अर्धे छप्पर उडून गेले आहे.",mr,unknown,male
009531.wav,"त्याला म्हणालो जरी स्वर्गाची फाळणी होणार असेल, तरी पंचावन्न कोटी द्यायला गांधी स्वर्गात नसेल.",mr,unknown,male
006575.wav,"किसान क्रेडिट कार्डसारख्या योजनेची फलनिष्पत्ती काय, हे तपासले पाहिजे.",mr,unknown,male
003053.wav,"त्याला योग्य प्रशिक्षण देऊन अंबारीचा हत्ती मीच बनविले, प्रभू!",mr,unknown,female
009464.wav,"पण मागे वळून पाहण्याच्या अगोदरच, कोणीतरी माघून डोळे गच्च पकडले.",mr,unknown,male
004616.wav,नारद गेल्यानंतर वाल्मिकी आपला शिष्य भरद्वाज ह्याला घेऊन तमसेच्या काठावर गेले.,mr,unknown,male
003322.wav,"अ पुनर्निर्मिती न करता येणारे ऊर्जा प्रकार खनिज तेल, दगडी कोळसा, फर्नेस तेल, केरोसिन, वायू इंधन एल पी जी वायू",mr,unknown,female
008350.wav,"एक दिवस रात्रीची वेळ झाली होती, मतंग ऋषींची सायंसंध्या केव्हाच आटपली होती.",mr,unknown,male
006247.wav,अख्खी मुंबई महाराष्ट्र सरकारने थैलीशंहाच्या स्वाधीन केली.,mr,unknown,male
006049.wav,मुंबईत मराठी माणसाला घाटी म्हणूनच हे लोक संबोधतात.,mr,unknown,male
003312.wav,"उज्जयनीच्या वेधशाळेंत सम्राट्यंत्र, ज्योतीची क्रांति काढण्यास रामयंत्र ज्योतीचे उन्नतांश व दिगंश काढण्यास वगैरे साधनें वापरली जात.",mr,unknown,female
010285.wav,जग म्हणजे एक भयाण वस्तू आहे असे त्याला वाटले.,mr,unknown,female
010268.wav,"माझे हात कोणाच्या उरात भोकसतील का सुरा, सुंदर वस्त्र विणणारे हे हात, ते का कोणाचं जीवनवस्त्र कापून टाकतील.",mr,unknown,female
008211.wav,"त्याच्याजवळ बरेचसे पैसे होते, विनूला पैसे पाहिजे होते.",mr,unknown,male
003629.wav,"तसेच ते बहुधा पावलावर आणि थोडया प्रमाणात हातावर, विशेषतः हाताच्या पंज्यावर होतात.",mr,unknown,female
009714.wav,तो अल्लाउद्दीनला मिळाल्याचे समजताच तिच्या तळपायाची आग मस्तकात गेली होती.,mr,unknown,male
001357.wav,"सतत काम करत रहायल्यामुळे त्यांना थकवा येत असे, चिडचिड होत असे.",mr,unknown,female
005003.wav,विजांचा गडगडाट आणि कोल्हेकुई यांत मधेच भुतांचा हंसण्याचा आवाज येत होता.,mr,unknown,male
008984.wav,"बाहेर जाता येत नाही, अन्न आणता येत नाही, हे पाहून शेवटी त्याने आपली मेंढरे मारून खायला सुरवात केली.",mr,unknown,male
005824.wav,नवऱ्याला उदंड आयुष्य लाभाव म्हणून स्त्रीया उपवास करतात.,mr,unknown,male
010404.wav,"आपण दुष्ट आहोत, मनुष्यप्राण्याला आपल्या प्रियजनांच्या संगतीत मरणे आवडते, या फुलांनाही तसेच नसेल का वाटत.",mr,unknown,female
005671.wav,महिनो न्‌ महिने वरच्या खिशात घुटमळतो.,mr,unknown,male
003113.wav,"की जंगलात शिकारीस गेलेल्या त्यांचा सरदार, समरबाहूला जंगली नरभक्षकांनी पकडून कुठेतरी दूर नेले आहे.",mr,unknown,female
000183.wav,"इथे अतिशय उच्चशिक्षित लोकांना सुद्धा नोकरी मिळणे अवघड आहे, तसेच तुम्ही तर एका गुंडा सारखे दिसता.",mr,unknown,female
010433.wav,पृथ्वीच्या पोटात ता-यांसारखे तेजस्वी हिरे असतील; परंतु मानवजातीस त्यांचे अद्यापि दर्शन नाही.,mr,unknown,female
000856.wav,व्यापारी लोकांच्या जमा-खर्चाच्या कीर्द खतावणीच्या नवीन वह्या ह्या दिवशी सुरू होतात.,mr,unknown,female
009237.wav,"काहींतरी काम करून पैसे मिळवुन आण तरच तुला जेवायला मिळेल, मुलाला काहीच कळेना.",mr,unknown,male
004913.wav,नंतर कैकेयीस शंख व पद्माच्या अंशाने मौक्तिक नील वर्णाचा भरत जन्मला.,mr,unknown,male
009354.wav,"टप् टप् पाऊस पडू लागला, झाडे भिजली, जमिनीवरून धो धो पाणी वहायला लागलं.",mr,unknown,male
001801.wav,आता त्या शेतक-याच्या शेतखणाची गाडी ओढून नेण्याचे काम त्याला करावे लागत होते.,mr,unknown,female
010131.wav,सर्व महालात मोठमोठ्या दिव्यांनी लखलखीत प्रकाश केला जातो.,mr,unknown,male
005483.wav,"पण संघाचा कोणीही खेळाडू स्वतःला, चेंडु लागायच्या अगोदर विपक्षी संघाच्या खेळाडूला स्पर्श करून वाचवू शकतो.",mr,unknown,male
009815.wav,"या ठिकाणी आपणांस पाणी मिळेल, आपली तृष्णा शांत होईल.",mr,unknown,male
001969.wav,"चंद्र कसा आणि कुठे आहे हे ज्याला ठावं नाही तो चंद्रावर जाण्याची ईच्छा बाळगतो, क्षणभर सगळयांना वाईट वाटले.",mr,unknown,female
009242.wav,"हा धावत पुढे गेला, 'साहेब, इकडे आणा', ती बॅग त्याने डोक्यावर उचलली, घामाघूम झाला.",mr,unknown,male
010446.wav,"तो आईजवळ हसतो, रडतो, खातोपितो, खेळतो-खिदळतो, झोपतो, आईजवळ त्याची ऊठबस सुरू असते, म्हणूनच खरी शिक्षणदात्री आईच होय.",mr,unknown,female
004698.wav,अशा तऱ्हेने वडिलांच्या आज्ञेचे पालनही होईल व सर्वांना सुखही मिळेल.,mr,unknown,male
004988.wav,तो उठून उभा राहिला व म्हणाला.,mr,unknown,male
004651.wav,"मेनका भीत होती, की विश्वामित्र रागाने कदाचित शाप देतील.",mr,unknown,male
001160.wav,"ऋषीने शबरीचे वात्सल्याने अवघ्राण केले, व ऋषिपत्नीने तिला प्रेमभराने हृदयाशी धरिले.",mr,unknown,female
009312.wav,शर्माजी शुध्दीवर आले 'माझ्या फाईल्स' ते घाबरले होते.,mr,unknown,male
001326.wav,नीतूला ह्या स्कूटर समोर आपली कार अगदी साधी वाटत होती.,mr,unknown,female
008641.wav,"मिठूची खूप आठवण येत असे, असेच दिवस चालले होते.",mr,unknown,male
004797.wav,त्याचवेळी आठही दिशांनी अष्टसिद्धी सुंदर तरुणींचे रूप धारण करून तिथे आल्या.,mr,unknown,male
006797.wav,त्यांच्या या वक्तव्यावरून राजकीय क्षेत्रात धृवीकरण होत असल्याचेच संकेत मिळत आहेत.,mr,unknown,male
005809.wav,मला हेमंत जोगळेकर सारखं मऊ उबदार लिहीता येत नाही,mr,unknown,male
010793.wav,"मी आहे ना तुला शिकवायला, राघव आश्वासक आवाजात म्हणाला.",mr,unknown,female
001456.wav,"ते उत्साहाने म्हणाले, मुलांनो, मलाही तुमचा प्लॅन सांगा, मी सुध्दा तुम्हाला काहीतरी मदत करु शकेन.",mr,unknown,female
005411.wav,ते सोन्याचे आहे हे दोघींनाही माहीत नव्हते.,mr,unknown,male
002801.wav,इतके लोक आंत राहूं शकतील असं बाहेरच्या लोकांना समजणारदेखील नाही.,mr,unknown,female
007617.wav,तुम्ही चोर असून आणि रामाचे भक्त नसूनही तुम्हाला रामाचे दर्शन झाले.,mr,unknown,male
009807.wav,"एके दिवशी ते सर्व ऋषिकुमार त्या उपवनात होमासाठी समिधा आणण्यास गेले होते, त्यांच्या बरोबर शृंगीही गेला होता.",mr,unknown,male
007816.wav,त्या गायी अगदी वाळकुट्या होत्या.,mr,unknown,male
004379.wav,विकल्प या बॅनरखाली लघुपटांच्या स्क्रिनिंगचे आयोजन केले जाते.,mr,unknown,female
008736.wav,तिला काही कळले नाही पण न विचारताच ती शाळेत गेली.,mr,unknown,male
006717.wav,मेड इन चायना व फ्लेमिंगो या कंपन्यांतर्फे कोल्ड पॅक उपलब्ध आहे.,mr,unknown,male
003737.wav,हा पंथ महाराष्ट्रात नवव्या शतकात इजिप्तमधील नुरूद्दिन या संताने आणला.,mr,unknown,female
002262.wav,या महापुरुषाचा जीवन वृत्तांत खरोखरच ऐकण्याजोगा आहे.,mr,unknown,female
007430.wav,त्यामुळे माझा व्यापार चांगला होईल.,mr,unknown,male
004006.wav,राघोबाचा पुत्र दुसरा बाजीराव याने चिंतामणी मिश्रा या धृपद गायकाला पदरी ठेवले होते.,mr,unknown,female
002395.wav,"ज्ञान, औषधी वनस्पती व बीजें नष्ट होता कामा नयेत.",mr,unknown,female
001186.wav,निरोपाप्रमाणे राजाने दुसऱ्या एका भिल्ल राजाच्या मुलाची वर म्हणून योजना केली व शबरीला नेण्यासाठी तो आश्रमात आला.,mr,unknown,female
002008.wav,"तुझ्या माधुर्याच्या रसात सर्वजणं न्हाऊन निघतील, माझ्यातलं अमृत तुला पावन करेल.",mr,unknown,female
000194.wav,"आल्यावर त्यांनी बघितले की, झोपड्यांचे अर्धे छप्पर उडून गेले आहे.",mr,unknown,female
005526.wav,हे शोधत अखेरचा श्वास घेत होता.,mr,unknown,male
000772.wav,खूप खूप झाडांचे मिळून जंगल होते.,mr,unknown,female
001479.wav,"आई रोज सकाळ, दुपार, संध्याकाळ इतके पदार्थ कसे करत असेल, ते सुध्दा आपली अजिबातच मदत नसतांना.",mr,unknown,female
001847.wav,गर्वाचे घर नेहमी खालीच असते.,mr,unknown,female
003741.wav,शाहूने साताऱ्यास तर ताराबाईने पन्हाळ्यास आपली स्वंतत्र गादी स्थापन केली.,mr,unknown,female
007987.wav,"पण बाबा म्हणतात की कडूनिंब तोडायचा नाही, तो फार औषधी असतो, हवा स्वच्छ करतो.",mr,unknown,male
000406.wav,"चोरांनाही आश्चर्य वाटले, ते दोन्ही रक्षक नाहीसे झाले होते.",mr,unknown,female
010443.wav,मुलांच्या शिक्षणात जास्तीत जास्त वाटा आईबापांचा असतो व त्यातही आईचा अधिक.,mr,unknown,female
009366.wav,"चिमणी म्हणाली 'तू बैस चुलीपाशी', कावळा चुलीपाशी बसला.",mr,unknown,male
006318.wav,ती वस्तु शोधून मला आणून देणाऱ्यास मी ती म्हैस अवघ्या पाच रुपयात विकत देईन.,mr,unknown,male
006582.wav,दीनानाथ नाट्यगृह विलेपार्ले - पुन्यांदा तीच छम छम रात्री आठ,mr,unknown,male
001448.wav,"मदर्स डे म्हणजे आपला मातृदिन होय, आजोबा समजूतीने म्हणाले.",mr,unknown,female
000343.wav,"आता पत्नीच्या धर्माचे पालन करते, असे म्हणून तिने तलवार उपसली आणि स्वतःच्या पोटात खुपसली.",mr,unknown,female
007469.wav,"ही वाईट बातमी कंबनच्या कानी गेली, तो धावतपळत मित्राकडे पोहोचला.",mr,unknown,male
000728.wav,वरील चौदा रत्नांची वाटणी होत असता अमृत व सुरा याबद्दल वाद सुरू झाला.,mr,unknown,female
004578.wav,पराकोटीच्या वैमनस्यात सदासर्वदा रममाण होण्यामुळे येणारा एकाकीपणा.,mr,unknown,female
003517.wav,यात आतल्या त्वचेवर बहुधा मोहरीइतके लालसर रक्ताळलेले ठिपके असतात.,mr,unknown,female
009743.wav,लहानग्या जटीलचा आपल्या आईच्या बोलण्यावर विश्वास बसला.,mr,unknown,male
009025.wav,ती कधीतरी पिकतील याची वाट पाहात तो तिथेच बसून होता.,mr,unknown,male
007157.wav,लेखक माईर्स एमआयटी स्कूल ऑफ गव्हर्नमेंटचे संस्थापक अधिष्ठाता आहेत.,mr,unknown,male
007852.wav,गुरुमुखाखेरीज सर्व विद्या व्यर्थ आहे असे मी ऐकतो.',mr,unknown,male
001349.wav,"नीतू बघ, सगळ्यांनी मिळून तुझ्यासाठी काय गिफ्ट आणले आहे, आई म्हणाली.",mr,unknown,female
000661.wav,त्यातून एक एक दाणा काढून तो दर वर्षी फेकून देत असे.,mr,unknown,female
001493.wav,कधी जर खूप थंड किंवा अती गरम पदार्थ खाल्ले तर त्याच्या दातातून कळा येत असत.,mr,unknown,female
010718.wav,मंजूच्या बोटांना जन्मापासूनच आपल्या सारखी पेरं नव्हती.,mr,unknown,female
005155.wav,एका चौथर्‍यावर एका सुशोभित सिंहासनावर त्याला बसवून ते उत्सव साजरा करु लागले.,mr,unknown,male
010488.wav,"तो आश्रम म्हणजे त्या गावातील जीवनाला, साचीव जीवनाला, स्वच्छ ठेवणारा जिवंत व पवित्र झरा होय.",mr,unknown,female
002525.wav,कैकेयीने सुद्धा त्याचप्रमाणे थोडी खीर काढून ठेवली.,mr,unknown,female
008461.wav,"तो आश्रम म्हणजे त्या गावातील जीवनाला, साचीव जीवनाला, स्वच्छ ठेवणारा जिवंत व पवित्र झरा होय.",mr,unknown,male
009277.wav,"राजा मला शिक्षा कर, लिखित म्हणाला.",mr,unknown,male
005375.wav,तो इतर गुरांबरोबर गावभर मन मानेल तिकडे हिंडे फिरे.,mr,unknown,male
003199.wav,गेल्या शतकापासून मोठमोठाले ऊर्जानिर्मितीचे प्रकल्प उभारणेत येत आहेत.,mr,unknown,female
005718.wav,तुम्हांला जाणवेल आपण एकटे एकटे आहोत.,mr,unknown,male
008370.wav,"शबरी हळूहळू वयाने वाढत होती, मनाने वाढत होती, सत्य, दया, परोपकार यांचे ती धडे घेत होती.",mr,unknown,male
009968.wav,प्रियमेधाने खूप डोके खाजवले पण ह्याचा त्याला उलगडा होईना.,mr,unknown,male
009023.wav,एक भुकेलेला डोमकावळा एका उंबराच्या झाडावर बसला होता.,mr,unknown,male
008260.wav,"परंतु तो उठला, ते पूर्वजांचे घर सोडून तो निघाला.",mr,unknown,male
008824.wav,चिकमगलूरला आल्यापासून आजचा त्याचा दिवस खूपच आनंदात गेला होता.,mr,unknown,male
000041.wav,पाच काठ्या एकत्र असलेली ती मोळी होती.,mr,unknown,female
009687.wav,उद्यापासून तुझ्या वेळेप्रमाणे मी राजवाड्यात येईन.,mr,unknown,male
006817.wav,मंदिरातून चोरीस गेलेल्या एकलाखाच्या मूर्त्या जप्त; एक संशयित ताब्यात,mr,unknown,male
008442.wav,"श्याम भरल्या आवाजाने म्हणाला, माझ्या स्वत:च्या पूर्वजीवनाची स्मृती करणे मला फार शोकदायक वाटते.",mr,unknown,male
008960.wav,इतक्यात रस्त्याच्या कडेला त्यांना एक मोठे झाड दिसले.,mr,unknown,male
002724.wav,बादशहाचे शब्द ऐकून फैजखान कावराबावरा झाला.,mr,unknown,female
010060.wav,"पाताळाचा राजा हिरण्यकश्यपू फार उद्दाम झाला, तेव्हा नृसिंहावतार घेऊन विष्णूंनी त्याला मारले, इतर दैत्य घाबरून गेले.",mr,unknown,male
009395.wav,"मुलांनो, सदाचाराने वागणे हेच आयुष्याचे सर्वस्व आहे.",mr,unknown,male
010655.wav,"नाखुषीनेच चिनूने मटार सोलायला घेतले, त्यानंतर तांदूळ निवडले.",mr,unknown,female
007156.wav,"ते म्हणाले, ताकारी आणि म्हैसाळ योजनेला निधी कमी पडणार नाही.",mr,unknown,male
008438.wav,आपल्या सोबत्यांच्या जीवनकथा ऐकताना कधी कधी एकाएकी श्यामचे डोळे भरून येत असत.,mr,unknown,male
010099.wav,नारळाचे पाणी म्हणजेच शहाळे आजारी माणसांना देतात.,mr,unknown,male
007231.wav,देवळाच्या भिंती आणि छप्पर हलू लागले.,mr,unknown,male
005076.wav,सर्व प्रकारच्या युद्ध विद्यांमध्ये तो निपुण होता.,mr,unknown,male
007881.wav,"साकमश्व कक्षीवानाजवळ आला व म्हणाला, जो मनुष्य नुसती `ऋचा' म्हणतो आणि `साम' म्हणत नाही तो कवी अग्नीसारखा चेततो पण त्याचा प्रकाश पडत नाही.",mr,unknown,male
005395.wav,"बोधिसत्वा, माझे वाईट दिवस आले आहेत.",mr,unknown,male
009368.wav,"त्याने थोडी थोडी करत सगळी खीर संपवली, थोडया वेळाने पाऊस थांबला.",mr,unknown,male
007790.wav,"माझे नाव जबाला, म्हणून तुझे नाव सत्यकाम जबाला असेच गुरुजींना सांग.",mr,unknown,male
010224.wav,गावातील सर्व लहान-थोरांना अपराध करणाऱ्याचे नाव कळे.,mr,unknown,female
004089.wav,आयोजकांकडुन सर्वांना ठेपला आणि स्पेशल छूंदा याचा आहार देण्यात आला.,mr,unknown,female
001968.wav,आपल्या जन्मदात्या आईचं दर्शन घेऊ शकत नाही.,mr,unknown,female
009848.wav,"बाळा, परिक्षिती राजाने केलेल्या या क्षुल्लक अपराधाबद्दल तू त्याला सर्पदंशाने मृत्यू येण्याचा जो भयंकर शाप दिलास हे कृत्य वाईट केलेस!",mr,unknown,male
009647.wav,"माझ्या रामायणाला कोणीही विचारणार नाही, ते धूळ खात पडेल, त्यापेक्षा ते जाळलेले बरे !",mr,unknown,male
010498.wav,माझ्या आईला दोन भाऊ व एक बहीण होती.,mr,unknown,female
007000.wav,ड्रीम बिग बिकम बिग ही या फिल्म्सच्या निर्मितीमागची थीम आहे.,mr,unknown,male
000424.wav,"आश्चर्याने नारदमुनींनी विचारले, बाई, तू कोण आहेस, हे वृध्द पुरुष कोण, यांना काय झालंय.",mr,unknown,female
009397.wav,एक राजा खूप मोठा देवभक्त होता.,mr,unknown,male
006143.wav,'संत साहित्य नुसते वाचू नका अशी तक्रार आहे ब्रम्हचैतन्य गोंदवलेकर महाराजांची .,mr,unknown,male
005662.wav,काय झालेय हे न कळताच लोकं,mr,unknown,male
004597.wav,आंबेडकरांच्या मताप्रमाणे चौथ्या शतकात बौध्द व ब्राह्मण यांच्यातील संघर्षातुन अस्पृश्यता आली.,mr,unknown,female
002660.wav,"एखाद्या अधिकार्याने कांही चूक केली किंवा कामांत दिरंगाई केली, तर राजाची त्याच्यावर वक्रदृष्टी होत असे.",mr,unknown,female
000142.wav,"पैसा सोडुन आमची नजर दुसरीकडे वळलीच नाही, पण रक्षणकर्तेच लांडग्यांसारखे नेमके आवाज हेरतात.",mr,unknown,female
002598.wav,शिवाजींच्या भगवा ध्वजाचा स्वीकार व संत रामदासांच्या नावाखाली राज्याचं शासन करण्याविषयी ठरवल.,mr,unknown,female
006702.wav,त्यांच्याकडे मिळालेल्या कागदपत्रांवरून त्यांचा लष्करे तैयबाशी संबंध असल्याचे स्पष्ट झाले.,mr,unknown,male
001378.wav,माणसांचा वेळ रात्र आणि दिवस ह्यात वाटला गेला.,mr,unknown,female
003675.wav,"म्हशीचा मालक म्हणाला, 'छे छे साखळदंडाची किंमत आहे नऊशे पंच्चाण्णव रुपये.",mr,unknown,female
010824.wav,"टिचरनी कारण समजावत सांगितले, विनित अजिबात जंकफुड खात नाही.",mr,unknown,female
006363.wav,तेव्हा तिच्या डोळ्यातून आनंदाश्रू घळघळा ओघळले.,mr,unknown,male
010251.wav,"लोभ का कुठं सुटतो, असे लोक म्हणू लागले.",mr,unknown,female
004742.wav,"हे क्षेत्र वर्षभर हिरवळ, नैसर्गिक सौन्दर्य व सुंदर वातावरण आणि मनमोहक हवामानामुळे आकर्षित करत.",mr,unknown,male
001139.wav,सुंदर दवबिंदूंचे हार घालून आपल्या झगझगीत रथात बसून ती येते.,mr,unknown,female
007375.wav,तेव्हा त्या माणसाने लहान मुलाला नदीच्या खोलीबद्दल विचारले.,mr,unknown,male
001788.wav,"तेंव्हा त्या शेतक-याने सा-या मजुरांना घेऊन जवळच्या गावातील मोठया देवळात जाऊन शपथ घ्यायला लावायचे, असे ठरविले.",mr,unknown,female
008812.wav,वर्गातल्या मुलांना खूपच आश्चर्य वाटल.,mr,unknown,male
004647.wav,पण विश्वामित्रांचे तेवढ्याने समाधान झाले नाही.,mr,unknown,male
007569.wav,"तू ज्या रानातून जातोस, तेथे तुझा गोपाळदादा राहतो.",mr,unknown,male
000460.wav,त्या स्त्रीने सांगितलेली ही हकिगत नारदांनी ऐकली.,mr,unknown,female
006116.wav,तर मराठीतील आद्यग्रंथ म्हणून ज्ञानेश्वरीचा उल्लेख करतात.,mr,unknown,male
008180.wav,"जेवतांना मधे मधे थोडे थोडे पाणी प्यावे, यामुळे पचन व्यवस्थित होते.",mr,unknown,male
000949.wav,"सकाळचे जेवण जीवनासाठी आवश्यक असणाऱ्याक्रियालहरी पुरवते, कार्य करण्यासाठी शक्ती पुरवते.",mr,unknown,female
006371.wav,त्यानंतर दुसरा चमचा घेऊन त्यानी ब्रेडवर जॅम पसरवून घ्या.,mr,unknown,male
004629.wav,त्या रात्री रामलक्ष्मण निश्चिंतपणे झोपू शकले.,mr,unknown,male
007359.wav,"तुम्ही अजून किती मागणार दुसऱ्यांकडून आडोसे, ईथे पून्हा जन्म घेतील हजारो नथुराम गोडसे.",mr,unknown,male
005926.wav,"कवितेचा एकूणच पिंड, तिचा नखरा व नजाकत पाहाता तिचे लिंगपरिवर्तन करणे योग्य नव्हे.",mr,unknown,male
006041.wav,एक नवीन उच्चभ्रू वर्ग तयार झाला.,mr,unknown,male
000442.wav,"वैराग्याचा थोडा विकास केला आणि माझा- भक्तीचा छंद घेतला, आम्हांला आनंद झाला.",mr,unknown,female
006660.wav,मंडळावर टीका करण्याची संधी रशीद लतिफने मात्र सोडलेली नाही.,mr,unknown,male
003831.wav,अशा केन्द्रापैकी येवले हे केन्द्र बरेच नांवारूपास आले.,mr,unknown,female
010286.wav,"मध्यरात्रीचा समय, सर्वत्र अंधार होता, मनूच्या मनात बाहेरच्या अंधाराहूनही अधिक काळाकुट्ट असा अंधार पसरला होता.",mr,unknown,female
006145.wav,मराठी म्हणजे माय माऊली अगदी पोटाशी धरणारी वाटत असे.,mr,unknown,male
010787.wav,सगळ्या मुलांनी मिटक्या मारत आणि भुवनच्या आईचे कौतूक करत केक संपवला.,mr,unknown,female
006345.wav,अत्यल्प किमतीला खरेदी केलेला माल मॉलमध्ये अत्युच्च किमतीला विकला जाईल.,mr,unknown,male
001959.wav,घर लहानसच असल्यानं सर्वांची बसण्याची व्यवस्था खालीच केली.,mr,unknown,female
000156.wav,त्याला मूतोड जवाब देवून तसाच पुढे निघालो.,mr,unknown,female
004579.wav,येथून वरच्या गुहेचे दर्शन होताच मात्र आम्हाला अजुन स्फूरण चढले.,mr,unknown,female
001090.wav,आश्रमात हरिणमयूरादी सुंदर पशुपक्षी पाळलेले होते.,mr,unknown,female
006050.wav,मराठी माणसाला मुंबईतून हुसकावून लावण्यासाठी ही मंडळी सक्रिय आहेत.,mr,unknown,male
007951.wav,"तसेच, आत्मज्ञान होण्याला स्वप्रयत्नांची व विचाराची आवश्‍यकता आहे, असे यावरून स्पष्ट होते.",mr,unknown,male
001675.wav,एका गावाच्या बाजूला एक मोठा डोंगर होता.,mr,unknown,female
006764.wav,"सहा पूर्णांक तीन शून्य, स्वदेशी फॉर सेल्फ रिलायन्स सायं.",mr,unknown,male
009183.wav,एखादा उपक्रम राबवून काही रक्कम एकत्र करायची असे सांगितले.,mr,unknown,male
006417.wav,मी रॅलेमध्ये नॉर्थ कॅरोलायना प्रांतातील असताना हा मजेशीर प्रकार अनुभवला.,mr,unknown,male
002327.wav,मी त्यांची अनुज्ञा घेऊन तुझ्या राज्याचे रक्षण करीन.,mr,unknown,female
007097.wav,"स्पर्धेदरम्यान ग्रीसमध्ये थंडी होती, तसेच बोचरे वारे वाहात होते.",mr,unknown,male
010355.wav,ही सर्वस्वी आपलीच समजा व तिला नीट वळण लावा.,mr,unknown,female
008642.wav,एके दिवशी सकाळी मिनूला खिडकीत ओळखीचा आवाज आला.,mr,unknown,male
006451.wav,"दीपक मोटवानी फ्रेम्स चोपन्न सत्तेचाळीस, तेराअठ्ठावन्न, सत्तेचाळीसचव्वेचाळीस.",mr,unknown,male
001716.wav,"फुलांचा वास घेऊन ताजेतवाने होतात, तेव्हा, ते सारे तुझंच कौतुक करतात, तुलाच आर्शिवाद देतात.",mr,unknown,female
008382.wav,"उगीच कोणाला दुखवू नकोस, कोणाची हिंसा करु नकोस.",mr,unknown,male
003832.wav,हरिषेण हा वाकाटकांचा शेवटचाच ज्ञात असलेला राजा होय.,mr,unknown,female
006300.wav,राघू मग त्या लाखो रुपये किंमतीपैकी सध्या मला पतंग आणायला फक्त एक रुपया देतोस का,mr,unknown,male
003349.wav,भरमसाठ जंगलतोडीने जगातील मोठमोठी जंगले नष्ट झाली आहेत आणि त्यातून प्रदूषणाची दुसरी समस्या उभी राहिली आहे.,mr,unknown,female
010421.wav,ऋषीने राजाचे स्वागत केले व त्याला फलाहार दिला.,mr,unknown,female
000588.wav,सत्यकाम भीतभीतच आश्रमात शिरला.,mr,unknown,female
010425.wav,पुष्कळ वेळा मनुष्याचा मोठेपणा त्याच्या आईबापांवर अवलंबून असतो.,mr,unknown,female
002991.wav,"वाट निर्वेध, मोकळी असेल, जमीन ओली, दमट नसेल, मग प्रवासांत कांही अडथळे येणार नाहीत.",mr,unknown,female
010161.wav,या दिवशी स्वच्छता करण्यासाठी लागणारी नवी केरसुणी विकत घेतात.,mr,unknown,male
008680.wav,"चिनू आज मला तुझी मदत हवी आहे, मटार सोलून दे बरं, बाबा पोळया लाटता लाटता म्हणाले.",mr,unknown,male
009723.wav,तिला एक जटील नावाचा मुलगा होता.,mr,unknown,male
000265.wav,"ही वाईट बातमी कंबनच्या कानी गेली, तो धावतपळत मित्राकडे पोहोचला.",mr,unknown,female
008666.wav,"त्यानंतर दुपारचे जेवणही आम्हीच करणार आहोत, बाबा आम्हाला पोळ्या करायला मदत करणार आहे.",mr,unknown,male
006789.wav,हिंदुस्तान लिव्हर'च्या निव्वळ नफ्यात घट,mr,unknown,male
009592.wav,असे म्हणून रानातल्या वाघाने त्याच्या तोंडात बळेबळे मांस कोंबले.,mr,unknown,male
003865.wav,"नंतर तंबोऱ्याच्या तारा जोडल्या, मृदुंगाच्या भेऱ्या वाजत्या केल्या.",mr,unknown,female
006275.wav,कारण कोणतीही इमारत भक्कमपणे उभी राहण्यासाठी त्याचा पाया मजबूत असावा लागतो.,mr,unknown,male
010726.wav,"आई म्हणत होती, अहो, आता शाळेत स्पर्धा आहेत, आपण मंजूला नवीन रंग आणि काही कागद घेऊन देऊ या का.",mr,unknown,female
003712.wav,कोल्हापूरची अंबाबाई खऱ्या अर्थाने अखिल महाराष्ट्राची कुलस्वामिनी ठरेल.,mr,unknown,female
008439.wav,त्या वेळी स्वत:च्या जीवनातील तसल्याच स्मृती त्याला येत असत.,mr,unknown,male
001530.wav,"आल्यावर मिताने बघितले तर तिचे बाबा नारळाच्या झावळ्या करत होते, आई पापड करण्यात गुंग होती.",mr,unknown,female
009584.wav,"बकऱ्या बें बें करीत, तसेच तेही बें बें करू लागले.",mr,unknown,male
000924.wav,मानव हा निसर्गाचा एक अविभाज्य अंश असल्याने त्याला निसर्गावर आक्रमण करणे असंभव आहे.,mr,unknown,female
008629.wav,"मैनेची हालचाल बघून मिनूला खूपच आनंद झाला, तिने मैनेचे नाव प्रेमाने मिठू ठेवले.",mr,unknown,male
007330.wav,"अनोळखी म्हणून काय झाल, प्रत्येकाला स्वतंत्र भावना आहेत, त्यांना जपलं पाहिजे.",mr,unknown,male
004365.wav,काही जुने मॉंडेलचे पूर्ण मेकॅनिकल कॅमेरे खुप स्वस्त मिळू शकतात.,mr,unknown,female
000670.wav,त्या वेळी त्याला एक `साम’ सुचले.,mr,unknown,female
003605.wav,सुरुवातीला जो व्यायाम दमछाक करणारा वाटतो त्याची काही दिवसांतच सवय होते आणि दम लागेनासा होतो.,mr,unknown,female
005109.wav,"तू राजा आहेस, मनात येईल ते करु शकतोस.",mr,unknown,male
005249.wav,आपला जीव फुकट धोक्यात का घालतो आहेस,mr,unknown,male
007184.wav,मात्र केपेचे मतदार सुज्ञ असल्याचे वेळीप यांनी सांगितले.,mr,unknown,male
002592.wav,त्यांनी हिंदी व पंजाबी भाषेत पण काही कविता लिहिल्या.,mr,unknown,female
005907.wav,नसशील सुंदर तरी चालेल,mr,unknown,male
006510.wav,राहुल द्रविडने अनेकदा संघाला विजय मिळवून देण्यासाठी मोलाचे योगदान दिले आहे.,mr,unknown,male
007134.wav,प्रत्येक जिल्ह्यात सामाजिक न्यास भवन आहेत.,mr,unknown,male
002308.wav,"गुहने, रामाने संगमेश्वरी एक रात्र कशी काढली, याचे वर्णन करून सांगितले.",mr,unknown,female
003691.wav,"पंडित बाळकृष्ण बुवा इचलकरंजीकर, विष्णु दिगंबर पलुस्कर, भातखंडे, भास्करबुवा बखले, प्रोफेसर देवधर हे अग्रणी आहेत.",mr,unknown,female
000688.wav,आपल्या सर्व वडील भावांनी बाबांची मिळकत त्याच्या डोळ्यांदेखतच आपापसात वाटून घेतली आहे.,mr,unknown,female
000613.wav,"सत्यकाम म्हणाला, ह्या चारशेच्या हजार गायी होतील तेव्हाच मी परत येईन.’",mr,unknown,female
007168.wav,"तिचा वापर मद्यार्क, स्पिरिट व इथेनॉल यांच्या निर्मितीसाठी केला जातो.",mr,unknown,male
008675.wav,"आईला ताप आला होता, त्याला पाहून क्षीण आवाजात आई म्हणाली, चिनू बेटा, मला ताप आल्यामुळे अजिबात उठवले जात नाही आहे.",mr,unknown,male
003201.wav,डी दिव्यांच्या वापरामध्ये त्वरीत संपूर्ण तीव्रतेचा प्रकाश मिळविता येतो.,mr,unknown,female
006630.wav,नवरदेव नरेंद्र गोखले हा रेमण्ड कंपनीत काम करतो.,mr,unknown,male
004136.wav,जष्न-ए-बहार महालाभोवती दरवळतेय खरी पण दरम्यानचे फ़ासले तर मिटतच नाहीयेत.,mr,unknown,female
001899.wav,"हे असं नेहमीच घडतं, प्रस्थापितांचं संरक्षण, त्यांची कोडकौतुक पुरवली जाणं हा तर रिवाज आहे.",mr,unknown,female
000283.wav,राज्यातील सर्वश्रेष्ठ अध्यात्मातील अधिकारी असलेल्या गुरूंचा मानसन्मान करण्यास सांगितले.,mr,unknown,female
000259.wav,"कंबन जाईल तेथे त्याचा आदर व्हायचा, सन्मान मिळायचा, सगळीकडे त्याचाच जयजयकार होता.",mr,unknown,female
010318.wav,प्रेमाने व निर्लोभतेने येथील लोकांची हृदये वश करुन घेऊन सुंदर ज्ञान व पवित्र आचार हे ऋषी त्यांस शिकवू लागले.,mr,unknown,female
004944.wav,पिकांना कृमिकीटकांची बाधा होऊ नये याची काळजी वाहातो.,mr,unknown,male
002823.wav,"आम्ही तुझा आदर करूंच, पण बादशहांचाही तू लाडका होशील.",mr,unknown,female
003526.wav,रोगाचे कारण आणि बाधलेली संस्था यानुसार रोगांचे ढोबळ वर्गीकरण तक्ता पहा,mr,unknown,female
010573.wav,"पावसामुळे रोपे डोंगरावर वाढतील, मोठे वृक्ष होतील.",mr,unknown,female
005224.wav,"आम्ही तुझा आदर करूच, पण बादशहांचाही तू लाडका होशील.",mr,unknown,male
002286.wav,शुद्धीवर आल्यावर महाराजांनी राणीसाहेबांना दोन वर देऊं केले होते.,mr,unknown,female
006064.wav,आजच्या परिस्थितीत राष्ट्रीय एकात्मता एक भोंगळ गोष्ट आहे.,mr,unknown,male
008079.wav,कधीकधी कमी दबाव येतो आणि तो जड पाऊस पडतो.,mr,unknown,male
004655.wav,शेवटी ब्रह्मदेवाबरोबर सर्व देव आले व त्यांनी विश्वामित्राला ब्रह्मर्षींची पदवी दिली.,mr,unknown,male
005001.wav,राजाच्या या शीघ्रकोपी स्वभावामुळे प्रजाजन नेहमी अस्वस्थ पण शांत असत.,mr,unknown,male
006711.wav,गणवेष काढून केवळ बनियन ठेऊन आपण मजूर असल्याचे भासवत एका वस्तीवर जाऊन तेथील भाडोत्री ट्रॅक्‍टर घेतला.,mr,unknown,male
010211.wav,असे कृश होणे आरोग्याला अपायकारक असते.,mr,unknown,female
005417.wav,अशा तर्‍हेने त्याने थोड्याच दिवसात काही रौप्य नाणी संपादन केली.,mr,unknown,male
000476.wav,"आणि त्यांच्या कानाशी मोठ्याने ओरडून ते म्हणाले, गीता ! वेदांचं सार, भगवद्गीता पठन करा, उठा !",mr,unknown,female
002556.wav,हा गिड्डा आपल्याला काय अडवणार या घमेंडीत रावण प्रवेश करू लागला.,mr,unknown,female
008088.wav,मराठी भाषा नवव्या शतकापासून प्रचलित आहे.,mr,unknown,male
000008.wav,राजाने सांगितले आपणसुद्धा राजवाडा सोडून जाऊ शकता.,mr,unknown,female
006412.wav,"यात बाजापेटी, तबला, झांज हीच त्यांची संगीतसाथ होती.",mr,unknown,male
010038.wav,"मुखातून बाहेर पडलेल्या विषाच्या उष्णतेचा सर्वांना त्रास होऊ लागला, तेव्हा महादेवांनी ते विष प्राशन केले.",mr,unknown,male
009769.wav,त्याचे रामनाम सतत चालू असे.,mr,unknown,male
005547.wav,शुन्य होतांनाही शुभाशुभ मुहुर्ते कधी मानलीच नाही,mr,unknown,male
002427.wav,आपण विचारले तेव्हां श्रीमतीला विष्णूस दिल्याबद्दल अंबरीषाचा सर्वनाश करण्याचे ठरवून त्याला शाप द्यायला तयार झाला.,mr,unknown,female
006745.wav,रिक्की क्‍लार्कने तर त्यांच्यावर ताण करीत अठ्ठावीस चेंडूंत ब्यैंशी धावांची फटकावल्या.,mr,unknown,male
010540.wav,तो पृथ्वीवर आला तेंव्हा माणसे काम करत होती.,mr,unknown,female
002275.wav,तर मग मी जितेंद्रिय झालो का?,mr,unknown,female
001578.wav,आईच्या ह्या प्रश्नाने नीनाला निरुत्तर केले.,mr,unknown,female
007265.wav,हे पाहून भाविक भडकतात आणि गाढवाला धोपटतात.,mr,unknown,male
003971.wav,चवथ्या शानिवारी त्या मुलानं तांदूळ मागून घेतले आणि जातेवेळी घरभर फेंकून अदृश्य झाला.,mr,unknown,female
005880.wav,शिला शुद्धीवर आली म्हणजे आपल्यावरची अपराधीपणाची बला टळली.,mr,unknown,male
009225.wav,त्या झ-याचे विशिण्ण स्वरूप पाहून स्वराला खूप रडू येऊ लागले.,mr,unknown,male
010214.wav,बहुळा नदीच्या तीरावर सायगाव म्हणून एक गाव होतं.,mr,unknown,female
007194.wav,"प्रभाग नऊ लॉरेटा मारीयानो परेरा दोन शे चाळीस, फ्लाविता क्रूझ फर्नांडिस एक शे एकोणीस.",mr,unknown,male
003868.wav,बापजादी आत्मे भरकटत राहिले,mr,unknown,female
010308.wav,"तीन आचमने करुन त्याने सात समुद्र प्राशन केले, यातील अर्थ हा असेल की, तीन पर्यटनांत तो सात समुद्र ओलांडून आला.",mr,unknown,female
006824.wav,विष्णू गावस हे उसगाव तिस्क येथील सरकारी इस्पितळातचे कर्मचारी होते.,mr,unknown,male
007549.wav,दुसऱ्याच क्षणी ती गतप्राण होऊन कृष्णरावाच्या शवापाशी कोसळली.,mr,unknown,male
000782.wav,"पण बाबा म्हणतात की कडूनिंब तोडायचा नाही, तो फार औषधी असतो, हवा स्वच्छ करतो.",mr,unknown,female
001750.wav,"धुळीने भरलेले दोन प्रवासी, थकलेले, भागलेले, वणवण उन्हामध्ये उघडया रखरखीत रस्त्यावरून चालत होते.",mr,unknown,female
006520.wav,"गल्लीत कुणाची मौत झाली, कुणी अडचणीत आला, की अर्जुन धावलाच.",mr,unknown,male
005775.wav,मी व माझी आई परभणीहून नंदीग्राम एक्स्प्रेसने औरंगाबादला येत होतो.,mr,unknown,male
002325.wav,त्याऐवजी ही वनवासाची चौदा वर्षे संपल्यावर भरत व मी दोघे मिळून राज्य करूं!,mr,unknown,female
005056.wav,माझ्या दृष्टीने तर हा निव्वळ मूर्खपणा आहे.,mr,unknown,male
009881.wav,"सत्यकाम दिसला, की सर्व गोष्ट ती क्षणात विसरून जाई.",mr,unknown,male
001728.wav,पवनराजाने प्रवाशावर पहिला हल्ला केला.,mr,unknown,female
000611.wav,त्या गायी अगदी वाळकुट्या होत्या.,mr,unknown,female
004667.wav,तुझ्या इतकी माझे हित इच्छिणारी दुसरी कोणी असेल असे नाही वाटत.,mr,unknown,male
005414.wav,रानातून फुले वेचून त्यांच्या माळा करुन विकणारे पुष्कळ माळी त्या वाटेने आले.,mr,unknown,male
008104.wav,अन्यथा पृथ्वीवर माणूसच उरणार नाही.,mr,unknown,male
008175.wav,"संस्कृतमध्ये क म्हणजे पाणी आणि त्या कने, म्हणजे पाण्याने फलित होतो, तो कफ.",mr,unknown,male
003751.wav,"शिला, मी तुझी अपराधी आहे गऽऽ म्हणत दर्शना हुंदके देऊ लागली.",mr,unknown,female
000098.wav,"तिच्या होणाऱ्या गैरसमजाबद्दल उद्या नक्की सांगू असा निश्चय करून, मी त्या विचारांना स्वल्पविराम दिला.",mr,unknown,female
006986.wav,क्वीन घ्यायची तयारी केली आणि घेतलीही.,mr,unknown,male
003138.wav,एकोणीस शे सत्त्यैंशी साली सॅन डिएगोमध्ये व एकोणीस शे आठ मध्ये कॅलिफोर्निया मध्ये मज्जापेशींच्या संबंधावर आधारित संगणक या विषयावर परिसंवाद भरला.,mr,unknown,female
001538.wav,"तिला वस्तू धरतांना, लिहीतांना, बटण लावतांना अशी रोजची कामे करतांना खूपच त्रास व्हायचा.",mr,unknown,female
003649.wav,"गर्भाधान, पुंसवन आणि सीमातोन्नयन यांसारख्या संस्कारांना पौराणिक आणि प्रतीकात्मक महत्त्व आहे.",mr,unknown,female
001518.wav,तिला सकाळच्या उन्हात चमकणारी समुद्राची वाळू खूप आवडत असे.,mr,unknown,female
010238.wav,"त्याच्याजवळ बरेचसे पैसे होते, विनूला पैसे पाहिजे होते.",mr,unknown,female
004625.wav,त्यांना पाहून वाल्मिकी चटकन उठले आणि त्यांनी साष्टांग नमस्कार घातला.,mr,unknown,male
006567.wav,त्यात सहभाग असणारेही निवडणुकीच्या आखाड्यात उतरले आहेत.,mr,unknown,male
002091.wav,तेव्हांपासुन आपल्याकडे यायचे होते तो योग आज आला.,mr,unknown,female
007098.wav,या वेळी पावसाचा हलकासा शिडकावा होत असल्याने हे कुटुंबीय घरातच होते.,mr,unknown,male
006172.wav,"त्यांचे कर्ज माफ व्हावे यासाठी उद्धव ठाकरे यांनी विदर्भासह महाराष्ट्रात अक्षरशः रान उठविले, झंझावती दौरे केले.",mr,unknown,male
007522.wav,त्यामुळे त्याला पराभव पत्करून मागे फिरावे लागले.,mr,unknown,male
000573.wav,सत्यकामाला शिकायची फार हौस होती.,mr,unknown,female
009937.wav,"तो म्हणाला, `सत्यकामा, प्रकाशणाऱ्या चारी दिशा हा एक ईश्वराचा अंश आहे, तुला अग्निदेव आणखी ज्ञान देईल.",mr,unknown,male
003063.wav,आपली सेवा करावी फक्त एवढीच इच्छा आहे!,mr,unknown,female
000598.wav,"गौतम कौतुकाने म्हणाले, उत्तम आहे, बाळ; पण तुझे गोत्र काय?",mr,unknown,female
006634.wav,"मात्र, कावीळ दूषित पाणी पिल्यानंतर साधारणपणे महिनाभराने जडते.",mr,unknown,male
007876.wav,त्याने ते गाणे म्हटल्याबरोबर त्याला ते कोडे सुटले.,mr,unknown,male
007346.wav,"पैसा सोडुन आमची नजर दुसरीकडे वळलीच नाही, पण रक्षणकर्तेच लांडग्यांसारखे नेमके आवाज हेरतात.",mr,unknown,male
006305.wav,शहरी माणूस अरे वाः मोठे नशीबवान दिसता तुम्ही.,mr,unknown,male
010336.wav,मुलगी काळीसावळीच होती; पण तिचा चेहरा तरतरीत होता.,mr,unknown,female
005977.wav,"ती म्हणाली,ह्यां बग, यष्टीवाले दोन आने घेता.",mr,unknown,male
001939.wav,"गुरूंनी मागितलेल्या गोष्टीचा अन्याय वाटला, तर तो खरा शिष्य असतो का?",mr,unknown,female
008101.wav,मानव म्हणजे निसर्गाचे एक अंगच आहे.,mr,unknown,male
001754.wav,विसाव्यासाठी त्यांनी तिथेच बसकण मारली.,mr,unknown,female
003671.wav,"त्यांनी लोकजागृती, लोकांची एकजूट व राजकारणाबद्दल आस्था यावर विशेष भर दिला.",mr,unknown,female
008817.wav,"इतक्यात आदित्य आणि ऋषी तेथे आले आणि म्हणाले, भुवन तुझे टॅटू तू आमच्या कंपासमध्ये टाकलेस का, आम्हाला कितीतरी दिवसांपासून ते हवे होते.",mr,unknown,male
002362.wav,"म्हणजे, तूं स्वतःच आपल्या पतीचा वध केलास.",mr,unknown,female
004261.wav,पुढच्याच आठवड्यात लंचब्रेक मधे ती परत दिसली.,mr,unknown,female
005433.wav,काळा पाडा वाढत गेला तसतशी त्याला सुंदर कोवळी शिंगे येऊ लागली.,mr,unknown,male
006286.wav,"बबलूने प्रतिप्रश्न केला, गुरुजी सध्या तुमचं वय किती आहे",mr,unknown,male
008650.wav,"रोजच्या दोघांच्या चर्चा, कागदावर सारखे गुपचूप लिहीणे आजोबा दोनचार दिवसांपासून पाहात होते.",mr,unknown,male
010363.wav,"प्राचीन कालीन आर्यांचे गाय हेच धन असे, 'गोधन' हा शब्द प्रसिद्ध आहे.",mr,unknown,female
008609.wav,आता तिला खात्री पटली होती की शाळा सुरु होई पर्यंत तिची आंब्याची झाडे चांगली येणार होती.,mr,unknown,male
009374.wav,"एक होती कामसू चिमणी, ती लोळ लोळ लोळली, तर मोत्याने भरली.",mr,unknown,male
005592.wav,"क्षणाक्षणावर, तुझाच ताबा, तुझीच सत्ता, सभोवती",mr,unknown,male
001172.wav,"झाडामांडाकडे, फुलपाखरांकडे सुद्धा प्रेमाने पाहावयास शिकणे म्हणजे परमेश्वराच्या जवळ जाणे होय.",mr,unknown,female
007928.wav,त्यांनी मंदराचल पर्वताची रवी व वासुकी सर्पाचा दोर केला व मंथन सुरू केले.,mr,unknown,male
008834.wav,बस लगेचच सुटल्यामुळे सगळी मुलं खूपच एक्साईट झाली होती.,mr,unknown,male
010239.wav,"विनूच्या मनात पाप आले, त्या श्रीमंताचा खून करावा असे त्याच्या मनात आले.",mr,unknown,female
008877.wav,"टीनाने त्याला 'इडियट' म्हटले, हे शब्द टीचरांनी ऐकल्यावर टीनाला शिक्षा म्हणून संपूर्ण शाळा झाडायला सांगितली.",mr,unknown,male
010037.wav,देव हे शेपटीच्या बाजूने व राक्षस मुखाच्या बाजूने ओढत होते.,mr,unknown,male
000875.wav,पावसाळा अनेक प्रकारे आम्हाला उपयोगी आहे.,mr,unknown,female
002298.wav,कंदमुळे आणि फळे खाऊन तो मोठ्या कष्टाने रहात होता.,mr,unknown,female
010186.wav,कधीकधी कमी दबाव येतो आणि तो जड पाऊस पडतो.,mr,unknown,male
002644.wav,ह्यावेळी गण्डकमृग जातीचे दोन तरुण वाघांवर बसून वेगाने तिथे आले.,mr,unknown,female
005348.wav,त्यामुळे मालाची विक्री करण्यासाठी त्याला वरचेवर बाहेरगावी जावे लागत असे.,mr,unknown,male
010868.wav,डोंगर उतरतांना सोबत फळं फुलं घेऊन जायचे.,mr,unknown,female
000582.wav,"सत्यकाम म्हणाला, `आई, पण गुरुजी माझे सबंध गोत्र विचारतील ना, काय ग माझं गोत्र?’",mr,unknown,female
000205.wav,"वाघीण गरोदर होती, उडी मारता मारताच ती व्यायली आणि थोड्याच वेळाने मरण पावली.",mr,unknown,female
007897.wav,"मनू शांतपणे म्हणाला, `बाळ, काही हरकत नाही, भांडू नकोस, घेऊ दे तुझ्या भावांना सारी मिळकत, मी तुला आणखी मिळवून देतो.",mr,unknown,male
002015.wav,"मग अचानक स्वराला स्वप्न पडले की, त्याचा झरा पार सुकून गेला, आणि त्याला वाचवण्यासाठी स्वराला तिकडे असणं गरजेचं आहे.",mr,unknown,female
000906.wav,"माणसाचा पर्यावरणातील हस्तक्षेप आणि ढवळाढवळ वाढल्याने, तसेच त्याच्या स्वार्थी आणि नियोजनशून्य वृत्तीमुळे पर्यावरणातील समतोल ढासळतो.",mr,unknown,female
000632.wav,दुसर्या दिवशी संध्याकाळी सत्यकामाने गायी बांधल्या.,mr,unknown,female
008462.wav,"गावात सर्वत्र शांतता होती, आकाशात शांतता होती.",mr,unknown,male
009142.wav,माझ्या खूप गोष्टी कानावर आल्या.,mr,unknown,male
001975.wav,एखादा उपक्रम राबवून काही रक्कम एकत्र करायची असे सांगितले.,mr,unknown,female
000163.wav,"मंदिर, मुर्ती, पुतळे बांधुन देवधर्म तुम्ही करता, पण माणसातील खऱ्याखूऱ्या देवालाच तुम्ही पुन्हा पुन्हा मारता.",mr,unknown,female
004999.wav,तो साधूंना दानधर्म करीत असे आणि गुणवंत कवी व कलाकारांना पुरस्कार देत असे.,mr,unknown,male
004714.wav,"अनेक पर्वत, नद्या व नाले आणि विविध प्रकारचे पशू आणि पक्षी पहात सर्वजण आनंदाने जात होते.",mr,unknown,male
001432.wav,तिच्या सवंगडयांना भेटायला ती आकाशात दूरवर उडाली आहे.,mr,unknown,female
006869.wav,त्यांना स्वाभिमानाने जगण्याची संधी देण्यात सरकार कुचराई करत आहे.,mr,unknown,male
010008.wav,"यज्ञाच्या सहाव्या दिवशी कोणते मंत्र म्हणावे हेच त्यांना समजत नाही, म्हणून त्यांचा यज्ञ पुरा होत नाही व त्यांना स्वर्ग मिळत नाही.",mr,unknown,male
007711.wav,तो आश्रमात पाणी शोधू लागला.,mr,unknown,male
007737.wav,"ते सर्व ऋषिकुमार भयभीत झाले होते, शृंगी संतापाने लाल होऊन थरथरत होता.",mr,unknown,male
004284.wav,"अनौपचारिक मध्ये जाणिवांचा विकास विविध कृति, उपक्रम ह्यातून साधला जातो.",mr,unknown,female
007532.wav,आपल्या सर्व सरदारांची सभा बोलावून म्हणाला.,mr,unknown,male
008741.wav,अधिक घेण्याचा हव्यास करायचा नाही.,mr,unknown,male
003385.wav,एकोणीस शे एक्कावन्न मध्ये मार्विन मिन्स्की याने स्नार्क नावाचा मेंदूच्या कार्यसदृश्य चालणारा न्यूरो कॉम्प्युटर तयार केला.,mr,unknown,female
010831.wav,तिला कुठल्याही गोष्टीला नाही ऐकायची सवय नव्हती.,mr,unknown,female
008917.wav,"आम्ही म्हणजे, तू पाणी पिऊन तृप्त झाल्यावर टाकलेल्या चुळा.",mr,unknown,male
009140.wav,"तुम्ही मात्र मागितलात, माझ्या उजव्या हाताचा अंगठा!",mr,unknown,male
007463.wav,"कंबन जाईल तेथे त्याचा आदर व्हायचा, सन्मान मिळायचा, सगळीकडे त्याचाच जयजयकार होता.",mr,unknown,male
003332.wav,परिषद मुंबईस सुरू झाल्यावर लवकरच महाराष्ट्रात व महाराष्ट्राबाहेर परिषदेच्या शाखा व विभाग सुरू झाले.,mr,unknown,female
006405.wav,क्‍योटो कराराने कार्बन ट्रेडिंगची संकल्पना रूढ केली.,mr,unknown,male
002097.wav,"शर्माजी दूर फेकले गेले, पायाला जबर दुखापत झालेली.",mr,unknown,female
009202.wav,तो पेढे घेऊन शाळेत आला.,mr,unknown,male
008000.wav,"वेलदोडे, लवंग, मिरी, दालचिनी, जिरे, तमालपत्रे ही सगळी मसाल्याचे पदार्थ झाडेच देतात.",mr,unknown,male
005018.wav,कधीकधी अत्यंत हुशार माणसेदेखील अशक्य परिस्थितीत अडकतात.,mr,unknown,male
001450.wav,"आखिलेष पुढे समजावत म्हणाला, आजोबा मी इंटरनेटवर वाचले आहे मदर्स डेची सुरुवात प्रथम ग्रीक आणि रोमन लोकांनी ख्रिस्त जन्मपूर्व २५० वर्षांपूर्वी केली.",mr,unknown,female
006901.wav,"वंडर किड्‌स इंग्लिश मीडियम हायस्कूल, सातपूर कॉलनी",mr,unknown,male
002611.wav,आणि जुनाट पडकी घरे असलेल्या जागी येऊन पोचले.,mr,unknown,female
001901.wav,"हे या राजकुमारांच्या मांदियाळीमध्ये कोण लक्षात ठेवणार, मला काय हवं होतं?",mr,unknown,female
008187.wav,"गाव मोठा सुखी व समृद्ध होतं, तेथे नाना प्रकारचे धंदे चालत.",mr,unknown,male
003921.wav,"ती अतिशय तीव्र, उष्ण, अतिसुक्ष्म व तीव्र असते.",mr,unknown,female
002758.wav,इतका मान मिळाल्याने मनांतल्यामनांत त्याला गर्व झाला.,mr,unknown,female
006398.wav,"फक्त त्यांना प्रोत्साहनाची, पाठिंब्याची आवश्‍यकता असते.",mr,unknown,male
009496.wav,"कदाचित त्या मुलीच्या पदरात पुण्ण्याचा साठा जास्त असावा, म्हणून नियतीने हि भेट घडवून आणली असावी.",mr,unknown,male
002098.wav,प्रत्येक जण आपल्या कामाच्या गर्दीत होता त्यामुळे कुणालाच थांबायला वेळ नव्हता.,mr,unknown,female
008330.wav,"ती येथील हरिणांमोरांबरोबर खेळेल-खिदळेल व त्यांच्याजवळ शिकेल, काही काळजी करु नकोस बरं.",mr,unknown,male
005625.wav,उन्हे सरपटत राहतात माझ्या खारट शरीरावरून,mr,unknown,male
003472.wav,ओलसर घामट कोंदट परिस्थितीमुळे या ठिकाणी खरूज नायटा फार लवकर होतात.,mr,unknown,female
008267.wav,"मोठ्या कष्टाने तो उठला, त्या मध्यरात्री बहुळेचे तो पाणी प्यायला.",mr,unknown,male
002172.wav,"राजवाडाचे भग्रावशेष, भडंग नाथांचे मंदिर या सर्व गोष्टी आहेत.",mr,unknown,female
010110.wav,आणि हो नुसतेच लावायचे नाही तर त्यांना रोज पाणी घालून ती जगवायची सुद्धा.,mr,unknown,male
010059.wav,"तसेच, आत्मज्ञान होण्याला स्वप्रयत्नांची व विचाराची आवश्यकता आहे, असे यावरून स्पष्ट होते.",mr,unknown,male
008591.wav,तिने त्यासाठी दुधाच्या पिशव्या साठवून त्यात माती आणि शेणखत घालूनच ठेवले होते.,mr,unknown,male
002011.wav,राजवाडयाच्या मोहात तो आपल्या झऱ्याला आणि सृष्टिला विसरून गेला होता.,mr,unknown,female
010714.wav,आजपासून आम्ही ठरवले आहे की आवश्यकते नुसारच आपल्याला जितके मासे हवेत तितके मासे घ्यायचे.,mr,unknown,female
001284.wav,"त्याचा प्रधान चतूर व प्रामाणिक होता, पण राजाला काही सांगू जाणं, म्हणजे स्वत:चं मरण स्वत:च ओढवून घेण्यासारखं होतं.",mr,unknown,female
010510.wav,आजूबाजूच्या खेडयांतील लोक आम्हांला खोत म्हणून संबोधीत.,mr,unknown,female
001020.wav,"मला कशाचीही इच्छा नाही, ना धनाची, ना सुखाची, कोणी तरी हा सुरा माझ्या उशाशी आणून ठेवला असावा.",mr,unknown,female
002811.wav,निदान जराशी कृतज्ञता वाटू दे कीं!,mr,unknown,female
009458.wav,"काल रात्री एका मित्राने सकाळी भेटण्याचं वचन माझ्याकडून घेतल होत, त्यालाच भेटण्यासाठी म्हणून मी घराबाहेर पडलो.",mr,unknown,male
001652.wav,तिला कुठल्याही गोष्टीला नाही ऐकायची सवय नव्हती.,mr,unknown,female
010525.wav,ज्या समाजाच्या जिवावर आजवर तुम्ही जगलात त्याला या जुलुमजबरदस्तीतून मुक्त करण्यासाठी काहीतरी प्रयत्न करणं हे तुमचं कर्तव्य नाही का.,mr,unknown,female
001170.wav,"आपण दुष्ट आहोत, मनुष्यप्राण्याला आपल्या प्रियजनांच्या संगतीत मरणे आवडते, या फुलांनाही तसेच नसेल का वाटत.",mr,unknown,female
006257.wav,कुस्ती या क्रीडाप्रकारात प्रतिस्पर्ध्याचे खांदे जमिनीला टेकवायचे असतात.,mr,unknown,male
005470.wav,म्हणून त्या श्‍वेतहत्तीला चांगले नटविले होते.,mr,unknown,male
010523.wav,"राजाच्या जुलमाला कंटाळून प्रजा स्थलांतर करीत असताना, ते केवळ उघडया डोळ्यांनी बघत राहण्यासाठीच तुम्ही प्रधान झाला आहात काय.",mr,unknown,female
000868.wav,सायंकाळी चंद्राची कोर दिसल्यानंतर बहीण प्रथम चंद्रकोरीस व नंतर भावाला ओवाळते.,mr,unknown,female
005094.wav,"राजन्, मी वारंवार समजावून सांगून देखील तू आपला हेका सोडत नाहीस व निष्फळ कष्ट उपसतो आहेस.",mr,unknown,male
005434.wav,बारशाच्या दिवशी निरनिराळ्या देशातून थोर विद्वान व अनेक ज्योतिषी आले.,mr,unknown,male
000542.wav,दुसऱ्यांनीदिलेलेदुख फेडायचे नसते ते सोसायचे असते यातच आपला मोठेपणा आहे!,mr,unknown,female
010762.wav,भुवनचे आईबाबा बंगलोर सारखे मोठे शहर सोडून चिकमंगळूर सारख्या छोट्या गावी राहायला आले.,mr,unknown,female
006355.wav,त्यानंतर शोधाशोध करणाऱ्या माननीयांचे चित्त थाऱ्यावर आले.,mr,unknown,male
010221.wav,"जर गावात अपराध झालाच, तर सारे लोक देवळात जमत.",mr,unknown,female
003391.wav,याउलट मानवी मेंदूत संवेदना ग्रहण कृती व विचार करणे एकाच वेळी चालू असते.,mr,unknown,female
009627.wav,"सगळ्या जगाला प्रसन्न करणे कठीण आहे, भगवंताला प्रसन्न करणे सोपे आहे.",mr,unknown,male
010867.wav,झ-यातले गोड गार पाणी पिऊन ताजेतवाने व्हायचे.,mr,unknown,female
003960.wav,"वाणी देवळामागं गेला, गणपतीच्या दोंदावर पाय दिला, झाडावर चढला पोटभर आंबे खाल्ले मोटभर घरीं नेण्याकरितां घेतले.",mr,unknown,female
006644.wav,आंतरराष्ट्रीय कीर्तीचे संतूर वादक सतीश व्यास यांनी चंद्रकंस राग सादर केला.,mr,unknown,male
006842.wav,क्‍लासिक श्रेणीतील हॅंडसेटच्या किमती या मर्यादित काळातील उपलब्ध असतील.,mr,unknown,male
010322.wav,मतंग ऋषींची पत्नी ही अत्यंत साध्वी व पतिपरायण होती.,mr,unknown,female
003587.wav,क्लेम भरपाई म्हणजे विमा कंपनीने वैद्यकीय खर्चाची केलेली भरपाई.,mr,unknown,female
008862.wav,"खाऊ, पुस्तक, खेळ असे काही सुध्दा आपल्या मित्र-मैत्रिणींबरोबर शेअर करायची नाही, उलट त्यांच्याबर दादागिरी करायची.",mr,unknown,male
002564.wav,मी माझे सारे आयुष्य या भूमीची जमेल तशी सेवा करण्यांत घालवले आहे.,mr,unknown,female
005037.wav,"त्याच झाडाखाली गण्डकमृग जमातीचे चार लोक होते, ते तर भीतीने थरथर कापू लागले.",mr,unknown,male
001081.wav,या लोकांचा व ऋषींचा संबंध येऊ लागला.,mr,unknown,female
005892.wav,नकळत झालेली मैत्री असते तिच खरी मैत्री होय.,mr,unknown,male
004967.wav,'तीर्थावली नावाच्या संग्रहात त्यांच्या संत ज्ञानेश्वरांच्या बरोबर केलेल्या यात्रेविषयी वर्णन आहे.,mr,unknown,male
002024.wav,शेवटी झ-याशिवाय स्वर नाही आणि स्वराशिवाय झरा नाही.,mr,unknown,female
009846.wav,"ते पाहून शमीक ऋषींनी विचारले, “बाळांनो, हा काय प्रकार आहे, हा मृतसर्प कसला, आणि तुम्ही सर्वजण हे असे का?",mr,unknown,male
007910.wav,"तो म्हणजे रुद्र होता, रुद्र मोठा भयंकर दिसे, पण नाभा यत्किंचितही न भिता आपला हक्क बजावीत होता.",mr,unknown,male
009554.wav,मुलगा पुरता घाबरला होता आणि घाबरत घाबरतच बोलला.,mr,unknown,male
007322.wav,डोळ्यातले पाणी अलगद रुमालाने टिपलं.,mr,unknown,male
000227.wav,"इकडे राजाच्या मनात शेठजींच्या विषयी कुभाव उत्पन्न झाला की, हा शेठजी निपुत्रिक आहे.",mr,unknown,female
001014.wav,"हा पाहा लाल सुरा, रक्तानं रंगलेला सुरा, कुणाचं हे रक्त, कुठून आला हा सुरा, माझ्या उशाशी कुणी ठेवला, असे मनू बोलू लागला.",mr,unknown,female
001930.wav,"मला मुक्त कंठाने, मनापासून आशीर्वाद दिलात, तो दिवस माझा होता.",mr,unknown,female
005252.wav,माधव हा एक साधा माणूस होता.,mr,unknown,male
002180.wav,फीनिक्सहून ग्रॅण्ड कॅनियन कडे जायचं म्हणजे मध्ये डोंगर रांगा ओलांडून पुढे जावं लागतं.,mr,unknown,female
000698.wav,"नंतर नाभा अंगिरस ऋषीकडे गेला व म्हणाला, `ऋषींनो, मला तुमच्या यज्ञात घ्या, तुम्हाला अडलेले मंत्र मी सांगतो.",mr,unknown,female
001125.wav,मुलीला पोटाशी धरुन नंतर राजा निघून गेला.,mr,unknown,female
007379.wav,"परंतु नदीच्या मध्यावर पोहोचल्यावर त्याच्या लक्षात आले की नदी खुप खोल आहे, आणि तो जवळ जवळ बुडायलाच आला.",mr,unknown,male
009000.wav,चोरीची किंवा चोराची पुराव्यासह जो बित्तंबातमी देईल त्याला कोतवालसाहेब माठे बक्षिस देतील.,mr,unknown,male
005111.wav,"उद्या तुम्ही नेहमीप्रमाणे दरबारात जा, आणि आपापली आसने ग्रहण करा.",mr,unknown,male
007903.wav,"त्यानंतर नाभा अंगिरस ऋषींकडे गेला व म्हणाला, `ऋषींनो, मला तुमच्या यज्ञात घ्या, तुम्हाला अडलेले मंत्र मी सांगतो.",mr,unknown,male
001779.wav,"हे सारे पाहून त्याचे कुत्रे एकमेकांत कुजबुजू लागले की, पाहिलंत ना सारं, काय केलंय आपल्या धन्यानं आतापर्यंत?",mr,unknown,female
008752.wav,"आई म्हणत होती, अहो, आता शाळेत स्पर्धा आहेत, आपण मंजूला नवीन रंग आणि काही कागद घेऊन देऊ या का.",mr,unknown,male
002635.wav,त्याने प्रेत खाली उतरवले आणि तो स्मशानाच्या दिशेने चालूं लागला.,mr,unknown,female
007545.wav,"मरता मरता कृष्णराव म्हणाला, मी देशद्रोही असलो, तरी तुझा पती आहे.",mr,unknown,male
007605.wav,"त्या रक्षकांनी आम्हाला ओळखले, ते आम्हाला पकडणार होते.",mr,unknown,male
003490.wav,म्हणून मुलांच्या कानाची पाळी मागे ओढून प्रकाशझोत टाकल्यावर पडदा स्पष्ट दिसतो.,mr,unknown,female
001038.wav,"तुझ्या उशाशी तो सुरा होता, तो का दुसऱ्यानं आणून ठेवला, तूच तो खून केला असावास, मलाही असंच वाटतं.",mr,unknown,female
008971.wav,पुराच्या जोरदार प्रवाहाबरोबर तो वेगाने वाहून चालला होता.,mr,unknown,male
008506.wav,"राजानं होकार देताच, आदल्या दिवशी प्रधानाला रानात भेटलेला तो गोसावी दरबारात आला.",mr,unknown,male
002650.wav,जळणार्या लाल निखार्यांसमोर बसून चोरांचा सरदार आपल्या साथीदारांशी बोलत होता.,mr,unknown,female
002980.wav,हे ऐकताच निमाला एक युक्ती सुचली.,mr,unknown,female
002548.wav,मगर उड्या मारमारुन हत्तीच्या अंगाचे लचके तोडी हत्तीचे सर्वांग रक्तबंबाळ झाले.,mr,unknown,female
005133.wav,मुघलांचा शहाणपणा मापण्याची एखादी योजना घेऊन काही दिवसात आम्ही परत येऊ.,mr,unknown,male
002160.wav,"त्याने थोडी थोडी करत सगळी खीर संपवली, थोडया वेळाने पाऊस थांबला.",mr,unknown,female
006446.wav,खोब्रागडे यांनी घेतलेल्या निर्णयामुळे सत्तर टक्के बस अद्याप बंद आहेत.,mr,unknown,male
003968.wav,"जॉन ऍडम्स, मुंबई सरकारचे स्थापत्यविषयक कार्यकारी अभियंते, यांना आणखी काही संस्मरणीय निर्मितीचे श्रेय देता येईल.",mr,unknown,female
001429.wav,दुसर्या दिवशी सकाळी घरटयात जाऊन पाहिले तर मिठू तेथे नव्हती.,mr,unknown,female
009217.wav,एके दिवशी स्वराच्या माधुर्याची किर्ती एका राजाला कळली.,mr,unknown,male
002521.wav,दशरथ राजाने कोणत्याही तर्हेच्या विघ्न-बाधांविना पुत्रकामेष्टि यज्ञ पूर्ण केला.,mr,unknown,female
008034.wav,तेव्हा त्यातुन देवी लक्ष्मी प्रकट झाली.,mr,unknown,male
009459.wav,ठरल्या ठिकाणी अगदी वेळेच्या आधीच पोचायची माझी सवयच होती.,mr,unknown,male
010797.wav,एका दिवसात अचानक त्याला खूप मित्रमैत्रिणी मिळाल्या होत्या.,mr,unknown,female
000449.wav,"द्रव्यार्जनात गर्व झालेले लोक ते, त्यांना भक्ती, ज्ञान, वैराग्य यांचं महत्व काय!",mr,unknown,female
009291.wav,"साहेब, आज मी आहे तो आपल्यामुळेच.",mr,unknown,male
005996.wav,अस मी वर नमूद केल आहे ते याचसाठी.,mr,unknown,male
008810.wav,शाळेत गेल्याबरोबर त्याने चित्रकलेच्या वृंदा मॅडमला सांगितले की बर वाटत नसल्यामुळे त्याला स्पर्धेत भाग घ्यायचा नाहीये.,mr,unknown,male
003728.wav,जैन धर्मीय यास नेमीनाथ समजतात तर बौद्धांच्या मते हा अवलोकितेइश्वर आहे.,mr,unknown,female
007354.wav,पण मेलेल्यांना मारायला ते खुर्चीतले नेते नव्हते.,mr,unknown,male
008554.wav,आई गालात हसत तिला गॅलरीत घेऊन आली.,mr,unknown,male
006280.wav,ही आत्मीयता जोपसाण्यासाठी मराठी भाषेसारख दुसर साधन नसाव.,mr,unknown,male
009798.wav,त्या उत्सवाला अनेक ऋषिमुनी हजर होते.,mr,unknown,male
007296.wav,पण तिच्या चाललेल्या बऱ्याच वेळेच्या बडबडीत एक गोष्ट उमजली.,mr,unknown,male
006252.wav,ज्या माणसांकडे विचारांचा भक्कम पाया नाही त्या माणसांना आयुष्याची मजा घेता येत नाही,mr,unknown,male
005927.wav,ह्या ओळींना आपण काव्य म्हणतो.,mr,unknown,male
002461.wav,असे म्हणून गंगेने नाही म्हटल्यानंतर गंगा पार्वतीचे खूप जोरदार भांडण झाले.,mr,unknown,female
000023.wav,त्याला मधून मधून देवदर्शन होत असे.,mr,unknown,female
002067.wav,"काहीं गरज नाहीं त्याची जा आता पुन्हा असे घडणार नाही ह्याची खबरदारी घे, शंख एवढे बोलून निघून गेला.",mr,unknown,female
001654.wav,"खाऊ, पुस्तक, खेळ असे काही सुध्दा आपल्या मित्र-मैत्रिणींबरोबर शेअर करायची नाही, उलट त्यांच्यावर दादागिरी करायची.",mr,unknown,female
008707.wav,त्याने नीट कानोसा घेतल्यावर लक्षात आले की आवाज तर त्याच्या तोंडातून येत आहे.,mr,unknown,male
001377.wav,"पांढराशुभ्र चंद्रप्रकाशात पृथ्वीवरच्या माणसांनाही शांत वाटू लागले, झोप येऊ लागली.",mr,unknown,female
001725.wav,"उत्तरवारा व सूर्यनारायण यांची अधिक श्रेष्ठ व शक्तीमान कोण, याबद्दल एकदा खूप हमरी-तुमरी झाली.",mr,unknown,female
003755.wav,चार शे बयाण्णव माणसाने माणुसकी सोडली की त्याचे रूपांतर पशूत होते.,mr,unknown,female
008653.wav,आजोबांनी हा प्रश्न विचारल्यावर आदितीने घाबरुन खोलीत आई नाही ना ह्याची खात्री करुन घेतली.,mr,unknown,male
004184.wav,"त्याने स्वतची खूप बढाई मारत, समर्थांसमोर गायन सादर केले.",mr,unknown,female
004083.wav,शेवटी त्याने हात जोडून हुप्प्याना टोप्या परत करण्याची विनंती केली.,mr,unknown,female
008475.wav,"आईच्या अंगावर सोन्यामोत्याचे दागिने होते, पोत, पेटया, सरीवाकी, गोटतोडे, सारे काही होते.",mr,unknown,male
006580.wav,मराठा सेवा संघाचे प्रवक्ते विंग कमांडर टी.,mr,unknown,male
004559.wav,त्यासाठी दोन टेबलस्पून क्रंची पीनट बटर त्याच्याजागी दाण्याचे कूट घेता येईल.,mr,unknown,female
003538.wav,पण अशा वेळी कधीकधी इतरांकडून त्या व्यक्तीला मारझोडही होते हे वेगळेच.,mr,unknown,female
007004.wav,त्यानंतर एकदोन दिवसांमध्ये तिथं रुग्णालयाशी संबंधित असलेले शॉटस्‌ चित्रित झाले आणि निर्मात्याचं होणारं मोठं नुकसान टळल.,mr,unknown,male
010370.wav,उषादेवीचे एक गाणे मतंग ऋषींना फार आवडे. त्याचा अर्थ पुढीलप्रमाणे होता.,mr,unknown,female
000647.wav,गुरुमुखाखेरीज सर्व विद्या व्यर्थ आहे असे मी ऐकतो.’,mr,unknown,female
006382.wav,क्षणभराच्या शुद्धीत त्यांनी फोन नंबर सांगितला.,mr,unknown,male
007528.wav,पराभव पत्करून अल्लाउद्दीन मागे परतत असतांना या कृष्णरावने त्याची भेट घेतली.,mr,unknown,male
010616.wav,एके दिवशी सकाळी मिनूला खिडकीत ओळखीचा आवाज आला.,mr,unknown,female
007166.wav,ओम साई कृषी सेवा एक तीसमिलि.,mr,unknown,male
008759.wav,मंजूने कालचे संभाषण ऐकल्याचे सांगितले.,mr,unknown,male
007698.wav,शमीक ऋषींचा मुलगा शृंगी हाही त्या ऋषिकुमारांतच व्रतस्थ राहून अध्ययन करीत होता.,mr,unknown,male
010299.wav,गंगा व यमुना या सुंदर विशाल नद्यांच्या गहिऱ्या पाण्याने समृद्ध व सुपीक झालेल्या रमणीय प्रदेशांत आर्य राज्य करुन राहू लागले.,mr,unknown,female
004876.wav,"नारद फार लहान होता, तरी त्या बाल्यावस्थेतही तो त्यांना पाणी प्यायला आणून देई.",mr,unknown,male
009414.wav,वडिलांनी सांगितलेली ती गोष्ट प्रत्येक मुलाने लगेचच करून दाखवली.,mr,unknown,male
005342.wav,अर्थातच त्याने प्राणी व पदार्थांच्या गुणधर्माची पारख करून किंमत ठरवायची असे.,mr,unknown,male
007032.wav,त्यानंतर ॐकाराला उचलून मस्तकात आणल्यानंतर बिंदुस्वरूप ॐकाराचा नाद बाहेरून गूंजन केल्यासारखा ऐकावा.,mr,unknown,male
002161.wav,कावळयाने घरटयाचे मागचे दार उघडले आणि तो भुर्रकन् उडून गेला.,mr,unknown,female
000686.wav,नाभानेदिष्ठही मोठा होताच गुरूपाशी शिकण्यास अरण्यात गेला.,mr,unknown,female
002462.wav,"हे बघ, कुमारस्वामीला शरवणसरोवराने जन्म दिला आहे.",mr,unknown,female
007129.wav,हे चारही संघ पुढील वर्षीच्या चॅंपियन्स लीग स्पर्धेसाठी पात्र ठरले आहेत.,mr,unknown,male
006268.wav,अनुपने भंगार मध्ये पडलेली बाबा आसमची सायकल बाहेर काढली.,mr,unknown,male
004942.wav,तेंव्हा वामनरूपातील विष्णूने विराट रूप धारण करून पायाच्या अंगठ्याने रावणाला उडविले.,mr,unknown,male
005947.wav,मागील शतकात विष्णुशास्त्री चिपळूणकरांनी याच मावशीला डोक्यावर घेतले होते.,mr,unknown,male
004584.wav,जानेवारी व फेब्रुवारी मध्ये कार विक्रीचा मारुतीने उच्चांक प्रस्थापित केला आहे.,mr,unknown,female
005785.wav,त्या नॅशनल लेव्हलवर अपंगाच्या स्पर्धेत हिंदुस्थानाचे प्रतिनिधित्व करत लंडनला गेल्या.,mr,unknown,male
007570.wav,"तुला भीती वाटली, तर त्याला हाक मार, तोच तुला सोबत करील.",mr,unknown,male
000522.wav,पण राजा परत आलाच नाही!,mr,unknown,female
008715.wav,"दात पुढे म्हणाले, आता तू कुठलाही गरम किंवा गार पदार्थ खाल्ला की आम्हाला किती त्रास होतो माहिती आहे, जोरदार ठणका बसतो.",mr,unknown,male
003984.wav,आपल्या राजांची गाडी याआपल्या सावंतवाडिच्या महाराजांच्या शेजारी बसून आलीस तू' दुसऱ्यानं माहिती पुरवली.,mr,unknown,female
010467.wav,"श्याम, तू सर्वांचे ऐकून घेतोस, पण स्वत:चे मात्र का काहीच सांगत नाहीस, असे त्याचे मित्र पुष्कळदा त्याला म्हणत.",mr,unknown,female
000781.wav,सारखा कचरा होतो आणि झाडावा लागतो.,mr,unknown,female
009116.wav,पण मला एक सुंदर विचार सुचला.,mr,unknown,male
005608.wav,कवितेसंबंधी कवीन बोलण म्हणजे घटपटात गुंतलेल्या पंडीत समीक्षकांसमोर लाजवंतीन ओठंगुन उभ राहण्याचाच प्रकार नव्हे काय,mr,unknown,male
005979.wav,मऊ गादीवर बायला फार सुख वाटलं,mr,unknown,male
003748.wav,तामीळनाडूत द्रमुकची सत्ता असली तरी मतविभागणीस लाभ कॉंग्रेसचा झाला.,mr,unknown,female
002197.wav,सर्वान्टिजच्या डॉन क्विक्झोट खरा उच्चार किओट चे हे उत्तरकांड आहे,mr,unknown,female
008562.wav,त्यामुळे पृथ्वीवर राहणारी माणसे सतत कामात असत.,mr,unknown,male
010813.wav,मुलं तर काय तयारच होती.,mr,unknown,female
004286.wav,जवळ-जवळ सगळ्या स्तोत्रांचे एकत्रित संकलन आहे ऑडिओ फाइल्स पण तिथे मिळतिल.,mr,unknown,female
008570.wav,"देवाने परत तिसर्‍या माणसाला विचारले, झाडावरची ही फळ कधी पिकली.",mr,unknown,male
006980.wav,पावसाळ्यात पाणी तुंबता कामा नये,mr,unknown,male
001828.wav,"फार फार आभारी आहे, तुम्ही खरोखरच फार चांगले आहात, धोबी त्याला नम्रपणे म्हणाला.",mr,unknown,female
010589.wav,केरळ बघण्याची इच्छापूर्ती आमचा मित्र संजीव पिल्ले याच्या सहकार्यानेच व्हायची होती.,mr,unknown,female
002377.wav,त्यापूर्वीच शंकराची पत्नी सतीने दक्षयज्ञात उडी टाकून देहत्याग केला होता.,mr,unknown,female
008552.wav,नीतूला मात्र आश्चर्य वाटले की कुणीही तिला वाढदिवसाचे गिफ्ट दिले नाही.,mr,unknown,male
003840.wav,होन म्हणून ओळखली जाणारी हीनाणी दुर्मिळ आहेत.,mr,unknown,female
001247.wav,"श्यामचा प्रेमळ मित्र राम म्हणाला, आपण का एकमेकांना परके आहोत, तू व आम्ही अद्यापि एकरूप नाही का झालो.",mr,unknown,female
007505.wav,आत्मानंद महाराजांनी उठून दोघांचे स्वागत केले.,mr,unknown,male
006512.wav,न्यू फलटण शुगर वर्क्‍स कारखाना पाच में पर्यंत सुरू राहण्याची शक्‍यता आहे.,mr,unknown,male
005440.wav,त्या अरण्यातून चालत असताना पंचायुधाला वाटेत काही ऋषी व मुनी भेटले.,mr,unknown,male
010122.wav,स्त्रिया बाजरीची भाकरी व गवारीच्या शेंगाची भाजी खाऊन उपवास सोडतात.,mr,unknown,male
010638.wav,आजोबांचे आश्वासन ऐकून मुलांनाही उत्साह आला.,mr,unknown,female
005511.wav,"आज केवळ खुर्चीसाठी, सारे देशद्रोही झाले",mr,unknown,male
005331.wav,म्हणून आपण जर एका पाठोपाठ एक असे गेलो तर ते सोईस्कर व सुखावह होईल.,mr,unknown,male
004532.wav,भारतातल्या मराठी नाट्यजगातल्या यच्चयावत प्रत्येकाला मूर्ख म्हणण्याची खुमखुमी भागवलेली दिसतेय.,mr,unknown,female
000366.wav,लहानग्या जटीलचा आपल्या आईच्या बोलण्यावर विश्वास बसला.,mr,unknown,female
010922.wav,या चोरीमध्ये नंतर तो इतर लांडग्यांशी गुपचूप भागीदारी करी.,mr,unknown,female
000148.wav,"पाय लटपटले, मला वाटले, आता कंबख्ति भरली म्हणुन समज.",mr,unknown,female
001669.wav,"टीनाने त्याला 'इडियट' म्हटले, हे शब्द टिचरनी ऐकल्यावर टीनाला शिक्षा म्हणून संपूर्ण शाळा झाडायला सांगितली.",mr,unknown,female
009694.wav,त्याच्याशी दोन हात करतांना अल्लाउद्दीनचे असंख्य सैनिक मारले गेले.,mr,unknown,male
007651.wav,ढोंगी वैराग्याचं स्तोम त्यांनी माजविलं आणि दांभिक भक्तीच्या अवडंबराचं प्रदर्शन सुरू झालं.,mr,unknown,male
008600.wav,"वसंत ऋतूत झाडांना छान मोहोर येईल, त्यावर कोकीळा, बुलबुल, मैना गाणी गातील.",mr,unknown,male
007789.wav,"तू दासीपुत्र आहेस, तुझ्या पित्याचे नावही मला माहीत नाही.",mr,unknown,male
003457.wav,पटकी किंवा गॅस्ट्रो असेल तर तोंडावाटे साखर-मीठपाणी देऊन हळूहळू उलटी थांबते.,mr,unknown,female
003272.wav,वनस्पती सूर्यप्रकाश आणि कार्बनडाय-ऑक्साईड यापासून उर्जा निर्माण करतात.,mr,unknown,female
004941.wav,हा गिड्डा आपल्याला काय अडवणार या घमेंडीत रावण प्रवेश करू लागला.,mr,unknown,male
006231.wav,केवळ अनिच्छेने देणग्या देऊन हा प्रश्न सुटणार नाही.,mr,unknown,male
009759.wav,"जटील शाळेत गेला, तेव्हा त्या वाटीभर दुधाकडे पाहून सर्वांनीच त्याची थट्टा केली, त्यामुळे त्यास रडू आले.",mr,unknown,male
009561.wav,तुम्ही आमच्या विद्यार्थांचे आणि ह्या महाविद्यालयाचे भवितव्य काय घडवणार?,mr,unknown,male
003927.wav,"खायला प्यायला वाण नाहीं हाल नाहीं, अपेष्टा नाहीं.",mr,unknown,female
010561.wav,शाळा संपतांना दीपाताईंनी मुलांना सुट्टीसाठी एक काम सोपवले होते.,mr,unknown,female
008081.wav,पावसाळा अनेक प्रकारे आम्हाला उपयोगी आहे.,mr,unknown,male
000079.wav,"मुंबई कधीही न झोपणार शहर, पण इथे सुद्धा मनमोहक सकाळ रोज होते बर का!",mr,unknown,female
007089.wav,त्यामुळेच उत्प्रेरकाविषयी कर्मचाऱ्यांना नेमकेपणाने माहिती नसावी.,mr,unknown,male
002248.wav,नंतर श्रीरामचंद्राने नम्रतापूर्वक विश्वामित्र ऋषींना विचारले.,mr,unknown,female
009049.wav,सूडबुध्दीने जगाचे एकूण अकल्याणच जास्त होते .,mr,unknown,male
010882.wav,"झाडं म्हणाली, अरे डोंगरा, तुझ्यामुळेच तर आम्ही आहोत, आम्ही आमच्या मुळांनी तुला असं घट्ट धरून ठेवलंय की तुझी झीज होणारच नाही !",mr,unknown,female
007452.wav,काही केले तरी लोक टीका करतात.,mr,unknown,male
002280.wav,राजधानीतले प्रमुख नागरिक व कांही शेतकरी पण आले.,mr,unknown,female
008124.wav,त्यामुळे सध्याच्या काळात पंचतत्त्वात तमोगुणाचे प्रमाण जास्त असल्यामुळे कमकुवत देह असलेल्या किंवा रोगी जिवांच्या उत्पत्तीचे प्रमाण वाढलेले आहे.,mr,unknown,male
003898.wav,वाघ मागे लागल्यावर तो कुत्र्यागत पळत सुटला,mr,unknown,female
010040.wav,"समुद्रमंथनाच्या वेळी मंदराचल पर्वत खाली जाऊ लागला, तेव्हा विष्णूंनी कूर्मरूप धारण करून तो वर उचलला.",mr,unknown,male
007178.wav,त्यांनी हनुमान आट्यापाट्या संघाचे सलग पंधरा वर्षे अध्यक्षपद भूषविले होते.,mr,unknown,male
010746.wav,नीनाच्या आई-बाबांना तिला कसे समजवावे हेच समजेना.,mr,unknown,female
003632.wav,काही वेळा पू देखील येतो टॉन्सिलवर पांढरा भुरका पडदा बसला असेल तर घटसर्प असू शकेल.,mr,unknown,female
009449.wav,ती साखळी सोन्याची झाली होती.,mr,unknown,male
006273.wav,तिला इंग्रजांनी खतपाणी घातलं एवढंच.,mr,unknown,male
008617.wav,"तो फोन होता संजीव पिल्लेचा, जो टेलिफोन ऑपरेटर म्हणून काम करतो.",mr,unknown,male
000393.wav,एकदा त्याला दुसऱ्या शहरात जायचे होते.,mr,unknown,female
003192.wav,पृथ्वीवरील सर्व सजीव सृष्टीसाठी याची आवश्यकता आहे.,mr,unknown,female
000017.wav,"सदाचार बाहेर पडला नाही, हे पाहून बाहेर गेलेली लक्ष्मी, दान आणि यशही परत आले.",mr,unknown,female
004201.wav,"मस्त एकदम कलरफुल, विस्तारित डिटेलमधे कृती टाक",mr,unknown,female
002673.wav,माझी एकमात्र इच्छा आहे कीं आता तरी तू विचार बदलावास.,mr,unknown,female
006165.wav,नारायण राणे हे महाराष्ट्राचे मुख्यमंत्री झाले ते हिंदुत्वाने दिलेल्या सत्तेमुळेच.,mr,unknown,male
003494.wav,हल्ली रुग्णालयांमध्ये अत्याधुनिक संगणकयुक्त डायलिसीस मशिन्स उपलब्ध असतात.,mr,unknown,female
007395.wav,मी माझी वेशभूषा बदलून तुमच्यापर्यंत तुम्हाला हीच गोष्ट पटवून देण्यासाठी आलो होतो.,mr,unknown,male
004840.wav,गंगा आणि पार्वतींमधला द्वेष वाढत गेला.,mr,unknown,male
000594.wav,इतक्यात गौतमांनी आपले डोळे उघडले आणि शांतपणे सगळीकडे नजर फिरविली.,mr,unknown,female
010197.wav,या मतभेदांमुळे सामान्य माणसाच्या मनात संभ्रम निर्माण होतो.,mr,unknown,female
008738.wav,आज दोघेही मासळी बाजारातून लवकर परत आले होते.,mr,unknown,male
005828.wav,स्त्रीप्रधान चित्रपटाची लाट आली व एकोणीसशे अडुसष्ठ ते ऐंशी मध्ये सतीपट संपले आणि स्त्रीच्या साध्वीपणाचा सिलसिला सुरूच राहिला.,mr,unknown,male
007962.wav,"ईश्‍वरदर्शनाने प्रल्हादाचा अहंकार गळाला, तो शांत, सुखी, समाधीस्थित झाला.",mr,unknown,male
005888.wav,साक्ष देण्यास मी काय करू,mr,unknown,male
002356.wav,तिकडे राजवाड्यांत दशरथ एकदम जागा झाल्यासारखा उठला व म्हणाला.,mr,unknown,female
006037.wav,"या मंडळींनी मुंबई शहरावर ताबा मिळविला, हे स्वातंत्र्योत्तर काळातील चित्र आहे.",mr,unknown,male
004799.wav,विष्णूचे रूप घेऊन नारदाने स्वयंवराच्या मांडवात पाऊल टाकताच सर्व खदखदा हसू लागले.,mr,unknown,male
009473.wav,"शेवटी मला कॉलेज ला उशीर होतोय, आपण उद्या पुन्हा इथेच भेटू अस बोलून ती निघून गेली.",mr,unknown,male
004593.wav,अजुन एक ठिकाण आहे ते म्हणजे माझ्या बिल्डिंगच्या आवारातले छानसे तळे.,mr,unknown,female
008657.wav,"आखिलेष पुढे समजावत म्हणाला, आजोबा मी इंटरनेटवर वाचले आहे मदर्स डेची सुरुवात प्रथम ग्रीक आणि रोमन लोकांनी ख्रिस्त जन्मपूर्व २५० वर्षांपूर्वी केली.",mr,unknown,male
000164.wav,"सर्व जीवांमध्ये मानवाला सर्वात श्रेष्ठ बनवलं, पण या माणसानेच आज माणसातील माणुसपण नष्ट केलं.",mr,unknown,female
010141.wav,तेव्हा त्यातुन देवी लक्ष्मी प्रकट झाली.,mr,unknown,male
010330.wav,"पावित्र्य हे न बोलता बोलते, व न शिकविता शिकविते.",mr,unknown,female
010699.wav,तिला सकाळच्या उन्हात चमकणारी समुद्राची वाळू खूप आवडत असे.,mr,unknown,female
007381.wav,मुलगा पुरता घाबरला होता आणि घाबरत घाबरतच बोलला.,mr,unknown,male
010893.wav,"रस्ता डोंगराला म्हणाला, अरे डोंगरा, आम्ही, तुझ्यावरच चालतो, तुझ्यातूनच वळतो, त्यातुनच वाट काढतो आणि वाटसरूंना वाट दाखवितो.",mr,unknown,female
006357.wav,दौंड येथील दरोड्याबाबत काही विपर्यस्त माहिती पुढे आली होती.,mr,unknown,male
005543.wav,आनवाणी आसवातून श्वास ही गातोय गाणी,mr,unknown,male
006008.wav,आपण जेंव्हा परप्रांतात काही काळासाठी जातो व सतत जेंव्हा ती परप्रांतीय अनोळखी भाषा कानावर पडू लागते.,mr,unknown,male
007994.wav,"नारळापासून तेल काढतात, नारळाला श्रीफळ म्हणतात.",mr,unknown,male
007639.wav,"माझी एक सखी होती, मुक्ती तिचं नाव होतं.",mr,unknown,male
006794.wav,"खुनी, गॅंगस्टर, बाहुबली अशी त्याची फुलपूरमध्ये ओळख आहे.",mr,unknown,male
007759.wav,आपल्या हातून घडलेल्या अपराधाचे योग्य शासन आपणांस मिळणार याबद्दल त्याला आनंद झाला.,mr,unknown,male
004838.wav,"विनायकाचा लग्नसोहळा, मोठ्य़ा वैभवाने व थाटात साजरा करण्यात आला.",mr,unknown,male
002294.wav,तुझ्यावर त्यांचे जे प्रेम आहे त्यामुळेच ते इतके दुःखी झाले आहेत.,mr,unknown,female
006549.wav,त्यामुळे संतापलेल्या ग्रॅंटने त्याला कंटेनर फेकून मारला आणि त्याला लाथही मारली.,mr,unknown,male
007899.wav,"त्यांना स्वर्गास जायचे आहे, पण त्यांच्या यज्ञात एक चूक होत आहे.",mr,unknown,male
004482.wav,अमजद कोकेनची डिलिव्हरी घेण्यासाठी पौर्णिमेला समुद्रकिनार्यावर जाणार होता.,mr,unknown,female
003717.wav,राजेरजवाड्यांच्या चित्रसंग्रहात अनेक शैलीत असलेल्या चित्रांचा खुलासा यावरून मिळतो.,mr,unknown,female
006141.wav,"म्हणजे तुम्ही बुद्धीमान तर व्हालच, पण जीवनाचे रसिक व्हाल आनंदयात्री व्हाल तुम्हाला शुभेच्छा",mr,unknown,male
001550.wav,दुसर्या दिवशी उठल्यावर मंजू आईला स्वयंपाकात मदत करायला आली.,mr,unknown,female
002045.wav,"त्याच्या मनांत आशा निर्माण झाली की, वर बोलावलं म्हणजे बरच काही देणार असेल.",mr,unknown,female
000768.wav,"भय, क्रोध, कर्मफळ यापासून विमुक्त होऊन त्याने राज्य केले व शेवटी परमपदाला पोचला.",mr,unknown,female
005694.wav,एवढेच आत्मभान ह्या नजर सटकलेल्या झिरो प्रकाशात.,mr,unknown,male
007871.wav,अशा रीतीने प्रियमेधानंतर नवव्या पिढीत साकमश्व जन्मला.,mr,unknown,male
007858.wav,"प्रियमेधा, माझे एक कोडे सोडव पाहू.",mr,unknown,male
003303.wav,शास्त्रज्ञ वराहमिहिर चार शे नव्वद-पाच शे त्रेहात्तर,mr,unknown,female
004518.wav,रविवारी सकाळी पुन्हा अगदी लालूसकट सभा भरली नी ब्रेकफास्ट झाला.,mr,unknown,female
009941.wav,"अग्नी प्रसन्न झाला व म्हणाला, `सत्यकामा, मी तुला ईश्वरज्ञानाचा चौथा भाग सांगतो.",mr,unknown,male
003293.wav,भारतीयांनीं केलेल्या विज्ञानोपासनेंत अत्यंत रेखीव असें शास्त्र जर कोणते हाताळलें असेल तर तें गणित-शास्त्र हें होय.,mr,unknown,female
001404.wav,केरळ भारतातला एक निसर्गरम्य प्रांत.,mr,unknown,female
001383.wav,"नम्रता तर, बाबांनी आंबे आणले की लगेचच त्याच्या कोयी आपल्याला कधी मिळतात ह्याची वाट बघायची.",mr,unknown,female
006929.wav,विशेषतः या सगळ्याच लेण्यांमधून भिख्खूंच्या आणि उपासकांच्या राहण्याची सोय होती.,mr,unknown,male
005672.wav,मला विवाहबाह्य संबधातलं सुप्त आकर्षण असतं,mr,unknown,male
001639.wav,बरेच जण थांबत थांबत चढत होते तर काहीजण सारखे पाणी पीत होते.,mr,unknown,female
010719.wav,"तिला वस्तू धरतांना, लिहीतांना, बटण लावतांना अशी रोजची कामे करतांना खूपच त्रास व्हायचा.",mr,unknown,female
006908.wav,प्रायोगिक रंगभूमीवर थिअरी ऑफ रेलेव्हन्स' ही मांडणी करणारे मजूल भारद्वाज शिबिरात मार्गदर्शन करणार आहेत.,mr,unknown,male
008592.wav,"बाबांनी तिला हापूस, पायरी, लंगडा, तोतापुरी, लालबाग, अशा आंब्यांच्या अनेक जाती ओळखायला शिकवल्या होत्या.",mr,unknown,male
006407.wav,"इंडियाज स्ट्रगल फॉर इंडिपेंडन्स, व्हिज्युअल्स ऍण्ड डॉक्‍युमेंट्‌स!",mr,unknown,male
001180.wav,"शबरी आता वयात आली, ती यौवनपूर्ण झाली.",mr,unknown,female
005449.wav,राणीची ती इच्छा ऐकून राजा अवाक् झाला.,mr,unknown,male
005079.wav,असे म्हणून वेताळ गोष्ट सांगू लागला.,mr,unknown,male
008649.wav,मदर्स डेसाठी अदिती आणि आखिलेषची जोरदार तयारी चालू झाली होती.,mr,unknown,male
005176.wav,आमच्या सरदारांना ते पिल्लू पाळायचे होते.,mr,unknown,male
000690.wav,नाभाला वडील भावांनी काही न देता धुडकावून लावले.,mr,unknown,female
009704.wav,आपल्या सर्व सरदारांची सभा बोलावून म्हणाला.,mr,unknown,male
006526.wav,"चार्ल्स वर्कमन सरे, इंग्लंड,",mr,unknown,male
010745.wav,नीनाला तो फ्रॉक खूपच आवडल्यामुळे वाढदिवसाच्या दिवशी तो घालायचा म्हणून हट्ट करत होती.,mr,unknown,female
006489.wav,"विजय भटकर, कॅनडाचे रबब बर्ड, मुंबईचे यू.",mr,unknown,male
007155.wav,"आता टूम निघाली आहे, की आर्थिक स्थितीवर आरक्षण द्यावे.",mr,unknown,male
009219.wav,राजवाडयाच्या मोहात तो आपल्या झऱ्याला आणि सृष्टिला विसरून गेला होता.,mr,unknown,male
006611.wav,"राउंड द क्‍लॉक बंदोबस्त राहील, असे सांगण्यात आले.",mr,unknown,male
009384.wav,लक्ष्मी बाहेर गेल्यानंतर आपण दान करू शकणार नाही; म्हणून मीही तिच्यासह जात आहे.,mr,unknown,male
004350.wav,'शमोनिक्स-मों ब्लाँ' हे त्या जागेचे नाव शमोनिक्स हे त्या दरीचं व्हॅलीच नाव.,mr,unknown,female
001885.wav,अशा व्यासांच्या असामान्य प्रतिभेने शब्दांकित झालेले महाभारत.,mr,unknown,female
009466.wav,"डोळ्यांवरचा हाथ अलगद सरकला, ती व्यक्ती दृष्टीक्षेपात आली.",mr,unknown,male
002495.wav,"त्या बालकाला त्याचा बाप कोण, काय, कांही माहीत नव्हते.",mr,unknown,female
005948.wav,इंग्रजी भाषा म्हणजे वाघिणीचे दूध म्हणून तिचा गौरव केला होता.,mr,unknown,male
003037.wav,तू त्याच्या दृष्टीस पडलास तर तो तुला जिवंत सोडणार नाही.,mr,unknown,female
005778.wav,मग काहीतरी व्यवस्था करून ते मागून येणाऱ्या देवगिरी एक्स्प्रेसने मुंबईला गेले.,mr,unknown,male
000846.wav,"त्यात सोन्याचे दागिने, चांदीचा रूपया, दागिने ठेवून त्यांची पूजा करतात.",mr,unknown,female
008735.wav,मिताने बघितले की तिच्या आईने मासे ठेवण्याच्या नेहमीच्या टोपलीपेक्षा आकाराने लहान टोपली घेतली होती.,mr,unknown,male
007968.wav,अशा स्थितीत पृथ्वीवरील यज्ञयागादी क्रिया बंद पडतील.,mr,unknown,male
009286.wav,कॅमेरे सरसावुन फोटोग्राफर धावपळ करत होते.,mr,unknown,male
007341.wav,"म्हणाले, ते पहा सौधातुन आपल्याकडेच पाहतात.",mr,unknown,male
009867.wav,आपल्या हातून घडलेल्या अपराधाचे योग्य शासन आपणांस मिळणार याबद्दल त्याला आनंद झाला.,mr,unknown,male
009437.wav,मला हे राजवैभव मान्य आहे; पण माझ्या पाठीवर काहीतरी ओझे आहे.,mr,unknown,male
007138.wav,विधीलिखित असलेले प्रारब्ध आपण बदलू शकतो.,mr,unknown,male
002965.wav,तो इतर गुरांबरोबर गांवभर मन मानेल तिकडे हिंडे फिरे.,mr,unknown,female
002530.wav,चैत्र शुक्ल नवमी रामनवमी म्हणून कोशल राज्यभर आनंदोत्सवाने साजरी होत असताना तिसरा चैत्र आला.,mr,unknown,female
005773.wav,उपाध्याकडून नूतन वर्षाचे पंचांग अर्थात वर्षफळ श्रवण करतात.,mr,unknown,male
001049.wav,"या जगात न्याय नाही, सत्य नाही, प्रेम नाही काही नाही, असे तो मनात म्हणाला.",mr,unknown,female
007046.wav,परेराला अत्यल्प शिक्षा झाल्यानंतर मुंबईतील वृत्तपत्रांनी हा विषय लोकांसमोर प्रभावीपणे मांडला.,mr,unknown,male
001961.wav,सर्वांनी त्यांचं कौतुक केलं गप्पागोष्टी करीत फराळ झाला.,mr,unknown,female
002531.wav,"अयोध्या नगरींत चक्रवर्ती सम्राटांच्या मोठ्यामुलाच्या जन्मदिनोत्सवा-निमित्त भव्य प्रमाणावर आनंदसोहळे, दानधर्मादि मंगल कार्ये झाली.",mr,unknown,female
008430.wav,"मुलांचे जीवन बिघडविणे यासारखे पाप नाही, स्वच्छ झ-याचे पाणी घाण करणे यासारखे पाप नाही.",mr,unknown,male
004918.wav,ते पाहून नारद जास्तच चिडला आणि पर्वताबरोबर तो अंबरीषावर संतापला.,mr,unknown,male
005902.wav,इंद्रधनुचे सप्तरंग तु स्वप्नी माझ्या भरशील का,mr,unknown,male
008287.wav,"हळूहळू या वैराग्यशील, ध्यानधारणासंपन्न, निष्पाप अशा ऋषींच्या साध्या राहणीचा व सुंदर आचरणाचा परिणाम या दंडकारण्यातील लोकांवर होऊ लागला.",mr,unknown,male
004260.wav,केरसूणी साळूता नॉनव्हेज खाटखूट माकड वांडर खोली बांधणे खोली काढणे.,mr,unknown,female
005657.wav,कृपया कोणीतरी मला सुखाची गोष्ट सांगा,mr,unknown,male
006098.wav,आता यात खरे कोण आणि ढोंगी कोण,mr,unknown,male
005908.wav,दगडासमोर डोके फ़ोडून जखमी मात्र होत होते,mr,unknown,male
007374.wav,मदतीसाठी आजुबाजुला पाहत असताना त्याला तेथे एक लहान मुलगा दिसतो.,mr,unknown,male
002979.wav,"अग ए, पाणी तापलंय कीं नाही ते बघ बरं जरा!",mr,unknown,female
009713.wav,"वीरमतीला कृष्णरावच्या प्रामाणिकपणाविषयी प्रथमपासूनच संशय होता, म्हणूनच तिने त्याच्यावर गुप्त पाळत ठेवली होती.",mr,unknown,male
010183.wav,पावसाळ्यात उन्हाळी हंगाम नंतर येतो.,mr,unknown,male
006722.wav,"या नंतरचा टप्पा बोपोडी ते नाशिक फाटा, बोपोडी सिग्नल, हॅरिस ब्रीज आणि सीएमईवरून पुढे जायचे.",mr,unknown,male
007843.wav,प्राणदेवतेनेच ह्या पक्ष्याचे रूप घेतले होते.,mr,unknown,male
008265.wav,"बहुळेच्या काठी एका खडकावर तो बसला, वरती तारे चमचम करीत होते.",mr,unknown,male
009609.wav,शेठजींच्या मनात राजाविषयी वाईट विचार आला; म्हणून राजाच्या मनात त्याची प्रतिक्रिया उमटली.,mr,unknown,male
003139.wav,"आत्यंतिक व्यक्तिस्वातंत्र्य व आत्यंतिक समाजनियंत्रण यांचा जो सुवर्णमध्य त्या वर्णव्यवस्थंेत साधला होता, तो विचलित झाला.",mr,unknown,female
008326.wav,"शुभ दिवशी त्या भिल्ल राजाने शबरीस बरोबर घेतले, तिला पालखीत बसविले आणि मतंग ऋषींच्या आश्रमात आणून सोडिले.",mr,unknown,male
010863.wav,सगळया गावाचं या डोंगरावर फार प्रेम होतं.,mr,unknown,female
001827.wav,"कोळसेवाला पुढे म्हणाला, या महागाईच्या दिवसांत आपल्या खर्चात तेवढीच बचत होईल, शिवाय एकमेकांना सोबतही होईल.",mr,unknown,female
005549.wav,"आयुष्या बद्दल माझा अनुमान साक्षात जानवतोय,",mr,unknown,male
008786.wav,"तिची चूक तिला उमगली, आपण सीमाच्या मनाचा विचार न करता आपण तिचा स्नेहसम्मेलनाचा ड्रेस घालायला मागितले ह्या बद्दल तिला वाईट वाटले.",mr,unknown,male
000561.wav,फार प्राचीन काळी उत्तर हिंदुस्थानात जबाला नावाची एक गरीब मोलकरीण राहत असे.,mr,unknown,female
009653.wav,"माझ्या रामायणाला तुझे हे उत्तरकांड जोडीन, म्हणजे रामायण पूर्ण होईल.",mr,unknown,male
008436.wav,"आश्रमातील मित्र त्याची जीवनकथा पुष्कळ वेळा विचारीत, परंतु श्याम सांगत नसे.",mr,unknown,male
005436.wav,म्हणून मुलाचे नाव पंचायुध असेच ठेवण्यात आले.,mr,unknown,male
004438.wav,"एक मिनीट, हे बघ टीव्हीवर दाखवतायत काहीतरी गॅंगवॉर आहे म्हणुन.",mr,unknown,female
008598.wav,होता होता झाड थोडे मोठे झाले की आपल्या वर्गातली सगळी मुले मिळून आपण त्याची रोपे डोंगरावर लावू यात.,mr,unknown,male
001443.wav,"रोजच्या दोघांच्या चर्चा, कागदावर सारखे गुपचूप लिहीणे आजोबा दोनचार दिवसांपासून पाहात होते.",mr,unknown,female
008454.wav,"श्यामचा प्रेमळ मित्र राम म्हणाला, आपण का एकमेकांस परके आहोत , तू व आम्ही अद्यापि एकरूप नाही का झालो.",mr,unknown,male
004407.wav,"त्यानेच ट्राय चेडर, म्हणून पिवळीजर्द, जवळपास आंब्याच्या रंगाची स्लाईस दाखवली होती.",mr,unknown,female
010437.wav,मोठा होत जाण्याची ही प्रवृत्ती व्यक्तीच्या ठिकाणी आईबापच उत्पन्न करतात.,mr,unknown,female
001690.wav,"मुलं बागेत खेळायची, कारंज्यात भिजायची, मजा करायची.",mr,unknown,female
010795.wav,"थोडयाच वेळात भुवन सार्या मुलांबरोबर खेळत होता, मस्ती करत होता, हसत खिदळत होता.",mr,unknown,female
009853.wav,"त्याच्या अपराधाबद्दल क्षमा करण्याचे सोडून त्याला शापाने मृत्यूची शिक्षा देणे, हे आपणासारख्या ब्रह्मनिष्ठांना शोभत नाही!",mr,unknown,male
005963.wav,पॉकेटमार किंवा काळाबाजार करणाऱ्यांची मुले सुद्धा शेजारी शेजारी बसु शकतात.,mr,unknown,male
002497.wav,खट्याळ मुलें दगडधोंडे मारून रडवीत आणि त्यांतच त्यांना गंमत वाटे.,mr,unknown,female
008981.wav,"जो आपल्या निरूपद्रवी मित्रांचा विश्वासघात करू इच्छितो, तो साक्षात मृत्युपेक्षाही भयंकर!",mr,unknown,male
000341.wav,"तेव्हा वीरमती म्हणाली, माझा तुमच्याशी विवाह होणार होता आणि मीही मनाने तुम्हालाच वरले होते.",mr,unknown,female
002409.wav,"तुझ्या द्वारपालकांवर राग दर्शवून आम्ही जी घाई केली, त्याबद्दल लाज वाटते.",mr,unknown,female
010632.wav,निसर्गमातेचा उत्सव म्हणून सुरु केला गेलेला हा दिवस आपआपल्या मातांना प्रेम आणि आदर व्यक्त करण्याचा दिवस म्हणून साजरा केला जाऊ लागला.,mr,unknown,female
005783.wav,त्यात बक्षिसे पटकाविणारी नसीमा सांस्कृतिक कार्यक्रमात स्टेजवर कोसळून पडते.,mr,unknown,male
004577.wav,"धर्म अर्धमागधी भाषेत धम्म, बुद्धवचने संस्कृत अर्धमागधीत लिहिलेली दिसून येतात.",mr,unknown,female
003726.wav,त्यात बक्षिसे पटकाविणारी नसीमा सांस्कृतिक कार्यक्रमात स्टेज कोसळून पडते.,mr,unknown,female
002786.wav,आता चौघांनी ते जिथे होते त्या भुयारांत बारकाईने बघितले.,mr,unknown,female
001013.wav,"तो सुरा हातात घेऊन तो वेड्यासारखा बाहेर आला, लोक त्याच्याकडे पाहू लागले.",mr,unknown,female
005281.wav,"बिरबल राजदरबारातून बाहेर फेकला जाईल, अशी परिस्थिती निर्माण करण्याची ते वाटच पहात होते.",mr,unknown,male
004896.wav,तेंव्हा जयविजय दोघे शहाणे असल्याचे ओळखून सनकसनंदादी मुनी विष्णूला म्हणाले .,mr,unknown,male
007122.wav,नगरचा मेळावा म्हणजे राणे फॅक्‍टरला धोक्‍याचा इशारा देणारा ठरणार आहे.,mr,unknown,male
006550.wav,तेव्हा त्यांनी तक्रारदाराकडून खरेदीसंबंधीची कागदपत्रे घेऊन हजार रुपयांची लाच मागितली.,mr,unknown,male
004038.wav,खुप छान आणि रोमॅंटीक लिहिली आहे.,mr,unknown,female
000149.wav,चुकिची शिक्षा गर्दन मारलीच म्हणुन समज.,mr,unknown,female
000286.wav,"त्यांना साक्षात्कार झालेला आहे; पण ते येथे राजवाड्यात येतील, असे वाटत नाही.",mr,unknown,female
010568.wav,सकाळी उठल्यावर आंब्याच्या दोन किंवा तीन कोयी मिळून एका मातीच्या पिशवीत लावायच्या.,mr,unknown,female
008556.wav,"नीतू बघ, सगळ्यांनी मिळून तुझ्यासाठी काय गिफ्ट आणले आहे, आई म्हणाली.",mr,unknown,male
010515.wav,"आपल्या अंगचा सज्जनपणा न सोड्ता, जर या परिस्थितीवर मात करुन तुम्हाला आपली ध्येय साध्य करायची असतील तर, अंगी चातुर्य बाणवण्याची आत्यंतीक गरज आहे.",mr,unknown,female
006771.wav,"एखादी बातमी, घटना इतकंच नाही; तर प्रसिद्ध म्हण किंवा वैज्ञानिक सिद्धांतासाठीही.",mr,unknown,male
004444.wav,गल्फ महाराष्ट्र बिझनेस फोरमने जीएमबीएफ या उपक्रमाचे आयोजन केले आहे.,mr,unknown,female
007447.wav,"पुढे गेल्यावर लोक म्हणाले, हे दोघेही म्हसोबासारखे आहेत आणि छोट्याशा घोड्यावर बसले आहेत.",mr,unknown,male
000237.wav,"वडील घोड्यावर बसले, रस्त्याने जात असता लोक म्हणू लागले, बाप निर्दयी आहे.",mr,unknown,female
010497.wav,"माहेरची गडीमाणसे कांडपिणी, पुढे मोठेपणीही जेव्हा माझ्या आईला 'बयो' म्हणून हाक मारीत, तेव्हा ती हाक किती गोड वाटे.",mr,unknown,female
007124.wav,जखमींना येथील कुटीर रुग्णालयात दाखल केले.,mr,unknown,male
009150.wav,"कारण सोपं आहे, आधी माझ्याकडे काहीच नव्हतं, देण्यासारखं, आणि आता इतकी पुण्याई गाठवली की, तुम्ही मागितलंत ते मी देऊ केलं.",mr,unknown,male
003084.wav,"वर्तुळाच्या आत, ज्यांचा पाठलाग करण्यात येतो आहे त्यांनीमात्र दोन्ही पायांनी दवडायच असत, एका पायावर कुदायच नसत.",mr,unknown,female
000633.wav,इतक्यात तेथे एक हंस उडत आला.,mr,unknown,female
006814.wav,पुण्याच्या ईशा करवडेला तिसरा इंटरनॅशनल मास्टर नॉर्म,mr,unknown,male
002494.wav,"पाणी म्हणजे ‘नीर, ते देणारा म्हणून मुनी त्याला ‘नारद म्हणून हांक मारीत.",mr,unknown,female
002666.wav,हे इतके कष्ट तूं कशासाठी करतो आहेस?,mr,unknown,female
009296.wav,आपण जोरात हिसका देऊन मिठी सोडवलीत व ओढतच मला पाण्याबाहेर काढलंत.,mr,unknown,male
009220.wav,मग तो त्या राजवाडयात मोठया दिमाखाने राहू लागला.,mr,unknown,male
009272.wav,"शंख शांतपणे म्हणाला, म्हणजे लिखिता तू चोरी केलीस झाडाच्या मालकाला न विचारता आंबा तोडलास.",mr,unknown,male
004212.wav,ती ओळखूच आली नाही तर काय फायदा ?,mr,unknown,female
003875.wav,आईच्या कडक शिस्तीत गाण्याचा अनुभव कसा होता?,mr,unknown,female
002818.wav,पण आजपर्यन्त त्यांनी अशा नरभक्षकांना पाहिले नव्हते किंवा त्यांच्याबद्दल कांही ऐकले नव्हते.,mr,unknown,female
009054.wav,पराभूत झालेला कोंबडा तोंड लपवून बसलेला असल्यामुळेच बचावला नि अखेर कोणी प्रतिस्पर्धी न उरल्यामुळे निश्चिंतपणाने त्या कोंबडयांमध्ये खेळूबागडू लागला.,mr,unknown,male
010739.wav,"आईला घटट मिठी मारत मंजू म्हणाली, हो आई, जर विल्मा करु शकते तर मी का नाही.",mr,unknown,female
009839.wav,संतापाने लाल होऊन त्याने शाप दिला.,mr,unknown,male
007427.wav,"त्याला असे वाटले की, हे लाकूड मूल्यवान आहे, हे लाकूड कोण विकत घेईल ?",mr,unknown,male
009423.wav,भाविक तो रथ एका गावातून दुसऱ्या गावात वाजत-गाजत नेत असतात.,mr,unknown,male
010916.wav,झोटींगांपेक्षा प्रेमदेवताच जगाचा अधिक लवकर विकास करू शकते.,mr,unknown,female
010076.wav,अशा स्थितीत पृथ्वीवरील यज्ञयागादी क्रिया बंद पडतील.,mr,unknown,male
001736.wav,"बळजबरीपेक्षा कुशलपणे दुस-याचे मन वळविणे, हेच जगात अधिक यशकारक असते, हेच खरे.",mr,unknown,female
007398.wav,"आल्यावर त्यांनी बघितले की, झोपड्यांचे अर्धे छप्पर उडून गेले आहे.",mr,unknown,male
004256.wav,"अलंकार सुबक, सुघटित दिसले तरी ते उच्च दर्जाचे असतीलच असे नाही.",mr,unknown,female
009075.wav,एका घोडेस्वाराचे त्याच्याकडे लक्ष गेले.,mr,unknown,male
002476.wav,श्वेत रंग उत्तम स्वभाव व विवेकाचा द्योतक आहे.,mr,unknown,female
010923.wav,"इतकेच नाही, तर बाहेरचे कोणी कळपातून मेंढरू न्यायला आले नाही तर, तो कळपांत वाढलेला लांडगा, स्वत:च गुपचूप एखादे मेंढरू ठार करी, व मेजवानीचा आनंद लुटी.",mr,unknown,female
003714.wav,त्यासाठी दरवर्षी सहाशे रुपयांचे वेतन कर्जतच्या ट्रेझरीतून दिले जाते.,mr,unknown,female
009837.wav,ध्यानमग्न असलेल्या शमीक ऋषींच्या गळ्यात मेलेला सर्प घातलेला.,mr,unknown,male
001805.wav,"जीवनात चढ-उतार दोन्ही असतात, हे सदैव ध्यानी बाळगावे.",mr,unknown,female
000708.wav,"नाभा परत आल्यावर मनूने विचारले, `काय रे नाभा, गायी नाही मिळाल्या वाटते?’",mr,unknown,female
010067.wav,"प्रल्हादाच्या भक्तीमुळे घाबरू नये, त्याचा हा अखेरचा जन्म असून, तो मोक्षार्थी आहे.",mr,unknown,male
005190.wav,त्याचे हे बोलणे समरबाहूच्या अनुयायांनी ऐकले.,mr,unknown,male
005473.wav,नुसता अहंकारी व मानी हत्ती असावा अशी मला शंका वाटते आहे.,mr,unknown,male
000073.wav,"दगड घ्यायचा, साखळीला लावायचा आणि फेकून द्यायचा या नादात त्याचे साखळीकडे लक्षच गेले नाही.",mr,unknown,female
007844.wav,"पाणबुड्या पक्षी म्हणाला, `प्राण, डोळे, कान आणि मन हा ईश्वराचा एक भाग आहे.",mr,unknown,male
005102.wav,"त्याने आपल्या राज्याची जबाबदारी कर्तव्यदक्ष मंत्र्यावर लादायला पाहिली, पण तो त्यात यशस्वी झाला नाही.",mr,unknown,male
006765.wav,बेकारीचा भस्मासुर कामगार व कर्मचाऱ्यांच्या छाताडावर बसून थयथयाट करीत आहे.,mr,unknown,male
001126.wav,"शबरी आश्रमात वाढू लागली, ऋषिपत्नी तिचे कितीतरी कोडकौतुक करी.",mr,unknown,female
001242.wav,"मनुष्याला स्वत:चे अध:पतन सांगावयास जशी लाज वाटते, त्याप्रमाणे आपण कसे चढलो व चढत आहोत, हे सांगावयासही लाज वाटते.",mr,unknown,female
009039.wav,चांगल्या हेतूने होणा-या मैत्रीलाही परिस्थितीच्या नैसर्गिक मर्यादा असतात.,mr,unknown,male
002350.wav,पण लक्ष्मण कां ते कबूल करणार?,mr,unknown,female
006603.wav,ऱ्हिदम हाऊसमधून बाहेर पडलात की सरळ दिल्ली दरबारचा रस्ता पकडा.,mr,unknown,male
006781.wav,हजारो एकर जमिनीवर त्यांचा मनमानीपणा सुरू आहे.,mr,unknown,male
004359.wav,आणि पुढे जॅकी श्रॉफ चे हसरे चित्र होते.,mr,unknown,female
001344.wav,पार्टीत खूप मजा आली.,mr,unknown,female
010928.wav,दुष्टांचा नैसर्गिक दुष्टावा संस्काराने बदलून तो सज्जन होणे कधीच शक्य नाही.,mr,unknown,female
009970.wav,"तेव्हा तो म्हणाला, `ह्याचे उत्तर मला देता येत नाही.",mr,unknown,male
010485.wav,"वाळवंटातील झरा अधिकच सुंदर व पवित्र वाटतो, अंधारात एक किरणही आशा देतो.",mr,unknown,female
008633.wav,आता मिठूला चांगले उडता येऊ लागले होते.,mr,unknown,male
006653.wav,सायंकाळी झालेल्या वारे व तुरळक पावसातही आंदोलकांनी ठिय्या सोडला नाही.,mr,unknown,male
001101.wav,या भिल्ल राजास एक पाचसहा वर्षांची मुलगी होती.,mr,unknown,female
008842.wav,"सर्वांनी आपल्या बॅगपॅक पाठीवर टाकल्या, टोप्या घातल्या आणि चढायला सुरूवात केली.",mr,unknown,male
007328.wav,"आपण ह्या सोशल नेटवर्किंग च्या जमान्यात वावरणारे, रोज असंख्य नाती जोडतो.",mr,unknown,male
007623.wav,"इतक्यात 'नारायण, नारायण' असे म्हणत नारदमुनींची स्वारी तेथे आली.",mr,unknown,male
000988.wav,कोणी अपराध केला त्याची चौकशी होई.,mr,unknown,female
002853.wav,"राजा, अज्ञान आणि मूर्खपणा यांच्याही काही सीमा असतात.",mr,unknown,female
008854.wav,दररोज सकाळी व्यायाम केल्यामुळे त्याचा स्टॅमीना पण वाढला आहे.,mr,unknown,male
000631.wav,"अग्नी हा समुद्र व पृथ्वी यांवर हिंडतो, आकाशातही सूर्याच्या रूपाने तो राहतो; म्हणून त्याला हे माहीत होते.",mr,unknown,female
001250.wav,"श्यामच्या मुखचंद्राकडे सर्वांचे डोळे लागले होते, तो भ्रातृसंघ म्हणजे एक अपूर्व दृश्य होते.",mr,unknown,female
003180.wav,विशिष्ट सापेक्षतावादामध्ये निरीक्षकावर कुठलेही बळ अथवा प्रेरणा असता कामा नये.,mr,unknown,female
000483.wav,"त्यांच्या आज्ञेप्रमाणे भगवत् भक्तांनी, सज्जन संतांनी जगावर सर्वत्र कथा-कीर्तने करणे, भजने म्हणणे, पुराण सांगणे, प्रवचने देणे, पारायणे करणे कार्यक्रम सुरू केले.",mr,unknown,female
003041.wav,शिवाय सर्व अंगावर अस्वलासारखे लांब लांब केसही होते.,mr,unknown,female
005011.wav,निमूटपणे तो स्मशानाच्या दिशेने चालू लागला.,mr,unknown,male
009565.wav,"हे ऐकून तो माणूस हसू लागतो, आपला खराखुरा वेष समोर आणून म्हणतो.",mr,unknown,male
007001.wav,विदेशात काही मिनिटांच्या रिऍलिटी डॉक्‍युमेंटरीज खूप प्रसिद्ध आहेत.,mr,unknown,male
003274.wav,परंतु हे ऊर्जास्त्रोत प्रचलीत होण्यासाठी अजून बरेच संशोधन करावे लागणार आहे.,mr,unknown,female
007228.wav,"राजाला वाटायचे, मी देवासाठी इतके करतो, तरी मला देवदर्शन का होत नाही.",mr,unknown,male
003684.wav,मुहूर्तसमयी पुरोहित मंगलाष्टके समापत करून उत्तरेकडे अंतरपाट ओढतात.,mr,unknown,female
006675.wav,आता प्रत्येक आंबा खाताना तिचा हात आपसूक कानाजवळ जातो.,mr,unknown,male
006808.wav,सुहासिनींची तांदळाने महाराजांकडून ओटी,mr,unknown,male
010657.wav,बाबाही बराच वेळापासून स्वयंपाकघरात होते पण त्यांच्या फक्त पोळया आणि भाजी करुन झाली होती.,mr,unknown,female
001317.wav,मात्र तुमच्या मुलाचं व माझ्या मुलीचं लग्न सध्या जमवून ठेवायचं आणि वर्षभरानं लावायचं.,mr,unknown,female
003226.wav,प्रकाशाबाबतीत सांगायचे झाले तर आज लाखों साधे फिलामेंटचे दिवे वापरात आहेत.,mr,unknown,female
001073.wav,"अगस्ती हा विंध्यपर्वत ओलांडून दक्षिणेकडे आलेला पहिला संस्कृतिप्रसारक होय, ही गोष्ट त्याने विंध्यपर्वतास वाढू नकोस, असे सांगितले त्यात दिसून येते.",mr,unknown,female
004816.wav,तो प्रश्न ऐकून पार्वतीच्या तोंडावाटे शब्द उमटत नसलेला पाहून विष्णूने ब्रह्मदेवाला खूण केली.,mr,unknown,male
009255.wav,"हे कसं शक्य आहे, डोळे दिले तर मी काहींच करू शकणार नाही, भिकारी म्हणाला.",mr,unknown,male
005753.wav,झाड गेले झाखाळूनि दाटला अंधार दिशात,mr,unknown,male
010213.wav,जेवणात द्रव पदार्थ भरपूर असल्यास वेगळे पाणी पिण्याची आवश्यकता नसते.,mr,unknown,female
004617.wav,तिथे त्यांना क्रौंच पक्ष्यांची एक जोडी दिसली.,mr,unknown,male
003098.wav,तुझी छोटी-छोटी पावले पुढे टाकण्याची ढब पाहून माझे भरपूर मनोरंजन झाले.,mr,unknown,female
006870.wav,लोक साहित्यामीमांसा: अभ्यासाची सैद्धांतिक मांडणी डॉक्टर सु.,mr,unknown,male
001301.wav,"मजकडून काही सेवा करुन घ्यायची असल्यास आपण ती घ्यावी, मला त्याबद्दल पैसे वगैरे काहीच नकोत.",mr,unknown,female
007286.wav,साधारण साडे नऊ ची वेळ असावी.,mr,unknown,male
006285.wav,वर्गात शिकवता शिकवता गुरुजी विद्यार्थ्यांना उद्देशून म्हणाले.,mr,unknown,male
005496.wav,"मराठी कविता, मराठी चारोळी, मराठी गझल, मराठी लेख, मराठी कथा",mr,unknown,male
005292.wav,आता लंगडा सैनिक व अधिकारी झाडीमधे लपत पळून जाऊ लागले.,mr,unknown,male
001799.wav,"बिचारे गाढव गप्पच राहीले, पण घोडयाचे ते उध्दटासारखे वागणे त्याच्या मनात राहीले.",mr,unknown,female
005204.wav,"सरदार, लांडगे आपल्यावर हल्ला करणार आहेत.",mr,unknown,male
008228.wav,"स्वत:चं पाप या गरीब मनूवर ढकलीत असावा, मनू म्हणाला.",mr,unknown,male
005048.wav,अरूणा नावाच्या मुलीला एका महर्षीकडून एक वर मिळाला होता.,mr,unknown,male
006442.wav,अवघ्या दुसऱ्या मिनिटात उपचार मिळाल्याने शकीलचा थांबलेला श्‍वासोच्छ्वास पुन्हा सुरू झाला.,mr,unknown,male
008637.wav,घरभर तिला शोधले पण सापडली नाही.,mr,unknown,male
008106.wav,"मग निसर्ग आणि भारतखंड कसा मोहोरतो, ते बघा !",mr,unknown,male
002360.wav,"राम वल्कलवस्त्रे धारण करून वनवासाला निघाला, तेव्हां सीतेने आणि लक्ष्मणाने दोघांनी बरोबर जाण्यासाठी हट्ट केला.",mr,unknown,female
010271.wav,"मनू, मनुष्याच्या मनात केव्हा काय येईल त्याचा नेम नसतो, निर्मळ आकाशात केव्हा काळे ढग येतील ते काय सांगावं.",mr,unknown,female
003655.wav,पण त्याखेरीज पाचव्या शतकात गुप्तशिल्पाच्या सकृद्दर्शनी सारनाथी शिल्पाचा प्रभावही आढळतो.,mr,unknown,female
007053.wav,आम्ही आरामासाठी स्लीपर कोचमध्ये येत नाही.,mr,unknown,male
001287.wav,"प्रधानाने घोडयावरुन उतरुन व त्या साधूजवळ जाऊन त्याला नमस्कार केला असता साधूनं त्याला विचारलं, कोण तुम्ही.",mr,unknown,female
009995.wav,आपल्या पूर्वजांचा कलंक धुऊन टाकला.,mr,unknown,male
004446.wav,त्या मोती तलावाच्या आणि भातशेतीच्या शेड्स किती सुंदर आहेत,mr,unknown,female
002138.wav,बुध्दिचा वापर केला तर जीवनात यशस्वी होता येते.,mr,unknown,female
006788.wav,"वसई, पालघर, डहाणू तालुक्‍यातील मच्छीमारांचे प्रतिनिधी या समितीमध्ये सदस्य आहेत.",mr,unknown,male
010671.wav,चॉकलेट खातांना त्याला मजा येत असे परंतु चूळ भरायला किंवा दात घासायला मोंटूला प्रचंड कंटाळा होता.,mr,unknown,female
009317.wav,"तत्परतेने बाईंनी सगळी व्यवथा केली, घरचा पत्ता विचारला नातेवाईकांना कळवले.",mr,unknown,male
010475.wav,"परंतु आपण चांगलेच आठवले व ते सांगितले, तर आपण निर्दोष आहोत, असा अहंकारही जडावयाचा.",mr,unknown,female
006895.wav,चौथी बहीण अरुणा फिजिओ थेरपिस्ट आहे.,mr,unknown,male
009386.wav,त्यानंतर त्याच्या पाठोपाठ तिसरा पुरुष यश निघून गेला.,mr,unknown,male
008565.wav,एकदा देवबाप्पाने पृथ्वीवरच्या माणसांची भेट घ्यायचे ठरवले.,mr,unknown,male
007152.wav,या विचारांच्या तंद्रीतच व खेळता खेळता उन्हाळ्याची सुटी जरा लवकरच संपली.,mr,unknown,male
000964.wav,आयुर्वेदामध्ये पाणी कधी प्यावे याविषयी पुढील सूत्र दिलेले आहे.,mr,unknown,female
006013.wav,शिपायांनी राधेला राजासमोर आणुन उभ केल.,mr,unknown,male
004883.wav,"त्याने मला कसंही ठेवावे, मला ते मान्य!",mr,unknown,male
000141.wav,"मी म्हणालो, कबुल आहे महाराज तुमची स्वप्न आम्हाला कळलीच नाही.",mr,unknown,female
009894.wav,असल्या पोराला कोणता गुरू जवळ करणार !,mr,unknown,male
008907.wav,"मी अशाने हळू हळू खचूनच जाईन, माझी कुणालाच काळजी नाही.",mr,unknown,male
006937.wav,कॉंक्रिटीकरणासाठी पौड रस्ता उखडल्याने नागरिक हैराण,mr,unknown,male
006543.wav,कय्युम याला आणखीन दोन दिवसांनी मारहाण करून सोडून दिले.,mr,unknown,male
005244.wav,अस्वलाची कातडी पांघरलेल्या माणसांनी खड्गवर्मा व जीवदत्ताला भुयारातून काही अंतरावर नेले.,mr,unknown,male
004432.wav,प्राण्याचं रेडीफ़ूड किंवा व्हेट औषधं एक्स्पायरी डेटची मार्जिन असलेली चालतील.,mr,unknown,female
000407.wav,"त्यागराजांनी त्यांना विचारले, ते रक्षक कसे दिसत होते ?",mr,unknown,female
008213.wav,शेवटी त्याने संधी साधून त्या श्रीमंताचा खून केला.,mr,unknown,male
009170.wav,"प्रशांतला एक भाऊ होता, त्याचं नाव मनोज, वयानं अगदी दहा बारा वर्षाचा.",mr,unknown,male
009453.wav,"कोणत्या ना कोणत्या रूपात तो आपल्याला भेटत असतो, आणि आपल्यातल्या लोखंडाचे सोने करीत असतो.",mr,unknown,male
008235.wav,"मनू उभा राहिला आणि म्हणाला, सर्व गावानं मला अपराधी ठरवलं आहे, परंतु मी निष्पाप आहे.",mr,unknown,male
004400.wav,तीन सुरावर्दीसारख्या हिंदु बालकांचे ह्त्याकांड करणार्याला माफ करणे.,mr,unknown,female
005253.wav,आपल्या बायकोमुलांबरोबर तो मोठ्या सुखात आयुष्य घालवत होता.,mr,unknown,male
000012.wav,"तो पुरुष म्हणाला, माझे नाव सदाचार.",mr,unknown,female
004761.wav,"तेंव्हापासून शंकर पार्वतीच्या देहात अंतर्लीन होऊन तिचे अर्धांग झाला, म्हणून पुत्रगणपती हा शंकराचासुद्धा मुलगा आहे",mr,unknown,male
001178.wav,"त्या अशोकाच्या झाडावरील फुलांचा तुरा तोडून घेण्याची शबरीला अतिशय इच्छा झाली होती, तिने तीनतीनदा हात पुढे केले व आखडते घेतले.",mr,unknown,female
002864.wav,खूप पूर्वी विक्रमसिंह नांवाचा एक राजा होता.,mr,unknown,female
006472.wav,दीनानाथ नाट्यगृह विलेपार्ले हम तो तेरे आशिक हैं रात्री आठ पूर्णांक तीन,mr,unknown,male
006229.wav,यापुढे सरकार चांगल्या शाळा काढील किंवा सरकारने चांगल्या शाळा काढाव्यात ही भाबडी समजूत विसरून जावे.,mr,unknown,male
002990.wav,एकाच वेळीं माल विकायचा असला तर दाम कमी करावा लागेल.,mr,unknown,female
007118.wav,येथील गोठ्यांची रचना व स्वच्छता पाहण्यासारखी आहे.,mr,unknown,male
007011.wav,घराघरात लोकप्रिय असलेल्या मायक्रोव्हेव ओव्हनमध्ये उत्सर्जित किरणांच्या साह्याने अन्न शिजविले जाते.,mr,unknown,male
009372.wav,तो देवळात गेला तर त्याला मार मिळाला.,mr,unknown,male
008928.wav,"मुले नाचत नाचत डोंगरावर गेली, बागेत खेळली, मातीत लोळली, विहिरीत पोहली.",mr,unknown,male
001441.wav,"मला खात्री आहे आता मिठू आपल्याकडे नेहमीच येत जाईल, मिनूने आईला घट्ट मिठी मारली.",mr,unknown,female
010666.wav,"कधी कधी तर तू प्रेमाने कलेले, मी मात्र आवडत नाही म्हणून सरळ टाकून देतो.",mr,unknown,female
002876.wav,कांही दरबारी बिरबलाचा खूप द्वेष करीत.,mr,unknown,female
009109.wav,"हे या राजकुमारांच्या मांदियाळीमध्ये कोण लक्षात ठेवणार, मला काय हवं होतं?",mr,unknown,male
009963.wav,इतकी वर्षे वेद घोकूनही त्यांना इतके ज्ञान झालेले नव्हते.,mr,unknown,male
009634.wav,कंबनचे रामायण लोकप्रिय झाले.,mr,unknown,male
007233.wav,"राजा लगेच पळून गेला, त्या वेळी पुजार्‍याला देवदर्शन का होते, हे राजाला समजले.",mr,unknown,male
003727.wav,मराठीमाती डॉट कॉम मधिल माहिती संदर्भात आपली प्रतिक्रिया आम्हाला जरूर पाठवा.,mr,unknown,female
002773.wav,"त्याला दिसले की एक काळी, कभिन्न, हिडीस राक्षसी त्यांच्याकडे धावत येते आहे.",mr,unknown,female
000455.wav,ह्या माझ्या बाळांची दुर्दशा मला पहावत नाही.,mr,unknown,female
009014.wav,"एकदा देवांनी जाहीर केले की, सा-या पशूंमध्ये ज्याचे मूल सर्वात सुंदर दिसेल त्याला एक मोठे बक्षिस मिळेल.",mr,unknown,male
008190.wav,"सायगावची एक विशिष्ट परंपरा होती, त्या गावचे लोक कधी राजाकडे न्याय मागायला जात नसत.",mr,unknown,male
001368.wav,हे ऐकल्यावर देवाला समजून चुकले की पृथ्वीवरच्या माणसांना वेळेचे अजिबातच भान नाहीये.,mr,unknown,female
003713.wav,बदामीचा चालुक्य राजा दुसरा पुलकेशी याने अखेर मौर्याची सत्ता बुडविली.,mr,unknown,female
010779.wav,"भुवनने आनंदाने आपली मान हलवली, तिने तथास्तु म्हटले.",mr,unknown,female
001389.wav,"पाणी घालतांना नम्रता विचार करायची, आज ह्या कोयी मातीच्या कुशीत छान झोपल्या आहेत.",mr,unknown,female
009043.wav,रागारागाने तो तिचा सूड उगवण्यासाठी मार्ग शोधू लागला.,mr,unknown,male
001001.wav,देवाने त्याच्या जीवनाचे वस्त्र जणू दु:खाने विणले होते.,mr,unknown,female
007762.wav,त्यांनी परिक्षिती राजाला त्या सात दिवसांत 'भागवत' सांगितले.,mr,unknown,male
003554.wav,गरोदरपणातील धोके व काळजी आरोग्यविद्या भारतवैद्यक संस्था डॉक्टरांनी सांगीतले आहे.,mr,unknown,female
004115.wav,तिथे ती वेणीसारखी पिळदार लांबलचंक बागेत मी रोज विकत घ्यायचो.,mr,unknown,female
001668.wav,एकदा टीना आणि वर्गातल्या साहीलचे भांडण झाले.,mr,unknown,female
003174.wav,विशिष्ट सापेक्षतावादातून जुळयाचा भास निर्माण झाला.,mr,unknown,female
010288.wav,"जेथे त्याच्या आईबापांनी त्याला वाढविले, जेथे आपली पोरकी बहीण त्याने प्रेमाने वाढविली, असे ते घर सोडून तो निघाला.",mr,unknown,female
000489.wav,भक्तीची कथा पावन झाली आणि पृथ्वीवर सर्वत्र भागवतसप्ताह होऊ लागले.,mr,unknown,female
003231.wav,एललॅम्पपेक्षा कितीतरी प्रमाणात जास्त असल्याने एलई.,mr,unknown,female
003829.wav,या पोथ्यांत ब्रिटिष जलचिन्हांकित कागद वापरलेला आहे.,mr,unknown,female
009479.wav,साधारण माझ्याच वयाचा पण उंचीने माझ्याहून चार बोटे उंच असलेला एक तरुण होता तो.,mr,unknown,male
005209.wav,पाण्याखालच्या आमच्या जागेवरुन आम्हाला झाडांची मुळे आणि लहान वाटांची सुरवात व शेवट दिसे,mr,unknown,male
007849.wav,ज्ञानाचे अपूर्व तेज सत्यकामाच्या तोंडावर झळकत होते.,mr,unknown,male
005705.wav,"आणि बघा, या ओळखीच्या व्रणालाही कैक महिने चिघळले गेलेत.",mr,unknown,male
010555.wav,काही दिवसांनी चौकशी केल्यावर देवाच्या लक्षात आले की माणसांना संपूर्ण अंधाराची खूपच गैरसोय होते आहे.,mr,unknown,female
008134.wav,`इटिमॉलॉजी ऑफ अर्थक्वेक्स' हा ग्रंथही तेच निष्कर्ष देतो.,mr,unknown,male
000704.wav,"नाभा म्हणाला, वा, मला तर हे धन अंगिरसांनी बक्षीस दिले आहे.",mr,unknown,female
005106.wav,त्याने महाराजांशी टक्कर दिली आणि विजयदेखील मिळवला.,mr,unknown,male
009746.wav,तेवढ्यात त्याला आईचे शब्द आठवले आणि तो जिवाच्या आकांताने ओरडला.,mr,unknown,male
003292.wav,त्याप्रमाणे मी केले असे वगहमिद्दिर स्पष्ट सांगतो.,mr,unknown,female
008126.wav,'जशास तसे' हा निसर्गाचा शाश्वत नियम आहे.,mr,unknown,male
010546.wav,देवाला आश्चर्य वाटले.,mr,unknown,female
009882.wav,त्या वेळी मुलांना शिकण्यासाठी दूर अरण्यात एखाद्या ऋषीजवळ पाठवीत असत.,mr,unknown,male
004910.wav,कौशल्येने आपल्या खिरीतून थोडी खीर सुमित्रेसाठी वेगळ्या पात्रात काढून ठेवली.,mr,unknown,male
004441.wav,असा अविप्लवा विवेकोद्भव वर सांगितलेल्या हानाचा उपाय होय.,mr,unknown,female
000987.wav,"जर गावात अपराध झालाच, तर सारे लोक देवळात जमत.",mr,unknown,female
010115.wav,"ज्यांच्याकडे घरी गुरे, वासरे आहेत त्यांच्याकडे ह्यादिवशी पुरणावरणाचा स्वयंपाक करतात.",mr,unknown,male
009925.wav,"शिष्यांनी त्यांची चांगली काळजी घेतली नसावी, त्यांचे सारे लक्ष वेद घोकण्यात होते.",mr,unknown,male
007706.wav,फिरत फिरत राजा परिक्षिती त्या शमीक ऋषींच्या आश्रमात आला.,mr,unknown,male
006258.wav,राम लक्ष्मणांना भुलवून दूर नेणाऱ्या रामायणातील सोनेरी हरणाचे नाव मारीच असे होते.,mr,unknown,male
006090.wav,इंडियन मेडिकल कौन्सिल व अभियांत्रिकी मंडळ यांनी इंग्रजीविषयी घेतलेला निर्णयही सरकारी बराकीकरणाच्या दृष्टीने उपयुक्तच म्हटला पाहिजे.,mr,unknown,male
005239.wav,केयूर राज्याच्या सेनापतीचा अकाली मृत्यू झाला.,mr,unknown,male
001199.wav,पृथ्वीच्या पोटात ता-यांसारखे तेजस्वी हिरे असतील; परंतु मानवजातीस त्यांचे अद्यापि दर्शन नाही.,mr,unknown,female
009933.wav,"आम्हाला आता आचार्यांकडे नेऊन पोचव, त्यापूर्वी मी तुला थोडे ज्ञान देतो.",mr,unknown,male
007520.wav,त्यामुळे अल्लाउद्दीनचे सैन्य टिकाव धरू शकले नाही.,mr,unknown,male
006813.wav,"श्री लिमये म्हणाले, कोकणच्या नैसर्गिक संपत्तीमध्ये पाणी या स्रोताला महत्त्व आहे.",mr,unknown,male
008321.wav,"ऋषिपत्नी मला म्हणाली, खरंच, तुमची मुलगी आश्रमात ठेवा, मी तिला शिकवीनसवरीन, पोटच्या मुलीप्रमाणे तिच्यावर प्रेम करीन.",mr,unknown,male
007176.wav,"तसेच तिचा मोबाईल, हातातील घड्याळ, कानातले डूल घटनास्थळावरून बेपत्ता होते.",mr,unknown,male
004471.wav,या संस्थेच्या फंडाच्या व्याजाचा उपयोग पुनर्विवाहेच्छू विधवांच्या मदतीसाठी केला जात असे.,mr,unknown,female
000892.wav,आम्ही निधर्मी भूकंपामागून भूकंप आणि दुष्काळामागून दुष्काळ यांना आमंत्रण देत नाही का ?,mr,unknown,female
001970.wav,शिक्षकांनी चौकशी केली तेंव्हा कळले की जन्मत:च तो अंधळा आहे.,mr,unknown,female
005758.wav,या सर्व दहशतवाद्यांनी स्त्रिला वेठीस धरण्याचाच पवित्रा घेतला आहे.,mr,unknown,male
006528.wav,शंकरराव भोई स्मृती प्रतिष्ठानने घेतली आहे.,mr,unknown,male
006295.wav,"तिच्या चेहेऱ्याकडे पाहून मोरूने उत्तर दिल, भुतकाळ.",mr,unknown,male
007596.wav,तो रामाची स्व-रचित भजने म्हणायचा.,mr,unknown,male
009111.wav,तुमच्याचकडून मला धनुर्विद्या शिकायची होती.,mr,unknown,male
003250.wav,"उत्तम रस्ते, सुस्थितीतील अत्याधुनिक वाहने व नियमाची कांटेकोर अंमलबजावणी यामुळे तेथील प्रवास जलद आणि सुरक्षित होणे सहज शक्य होते.",mr,unknown,female
006571.wav,आंतरराष्ट्रीय स्तरावरील भारताची इमेज सेवा क्षेत्रामुळे बदलली घैसास,mr,unknown,male
006639.wav,अध्यक्षस्थानी शिरोळच्या दत्त सहकारी साखर कारखान्याचे अध्यक्ष अप्पासाहेब ऊर्फ सा.,mr,unknown,male
007352.wav,"पाय लटपटले, मला वाटले, आता कंबख्ति भरली म्हणुन समज.",mr,unknown,male
010046.wav,त्या वेळी राहू कपटाने देवांच्या पंक्तीला बसून अमृत प्यायला.,mr,unknown,male
007474.wav,"माझ्या रामायणाला कोणीही विचारणार नाही, ते धूळ खात पडेल, त्यापेक्षा ते जाळलेले बरे !",mr,unknown,male
010083.wav,"गार गार सावली, गोड गोड फळे, देवाला फुले, झाडे फ़क़्त एवढेच नाही देत, तर झाडामुळे पाउस पडतो.",mr,unknown,male
009789.wav,तुम्ही चोर असून आणि रामाचे भक्त नसूनही तुम्हाला रामाचे दर्शन झाले.,mr,unknown,male
001240.wav,"परंतु आम्हांला तुमच्या चांगल्याच गोष्टी सांगा, चांगल्या गोष्टींचे चिंतन केल्याने मनुष्य चांगला होत जातो.",mr,unknown,female
002290.wav,फक्त रामाची शपथ घेऊन विचारीपर्यंत कांही बोलूं नका.,mr,unknown,female
002741.wav,आपल्यापैकी अनेकांना तुरुंगात डांबले जाईल व कांहीजणांना फांशी देण्यांत येईल.,mr,unknown,female
008468.wav,"माझ्या आईला माहेरी कोणी आवडी म्हणत, कोणी बयो म्हणत.",mr,unknown,male
004586.wav,"तिथे स्टॉक्सचं अ‍ॅनॅलिसीस, कंपनी क्वॉर्टर्ली, यिअर्ली रिपोर्ट्स अशी माहिती मिळेल.",mr,unknown,female
001230.wav,आश्रमातील इतर सारे सवंगडी आपापल्या जीवनातील नानाविविध बरेवाईट अनुभव परस्परांना सांगत असत.,mr,unknown,female
006981.wav,या सौर चुली महापौर राऊळ यांच्या हस्ते बुधवारी कार्यान्वित करण्यात आल्या.,mr,unknown,male
005179.wav,"अरे बाबा, या दोघांना बहुतेक वाटतंय की लांडग्यांचा कडा म्हणजे आरामस्थान आहे.",mr,unknown,male
004294.wav,कस्ट्मर्सची संख्या वाढल्यावर बॅन्ड विड्थ विभागली जाऊन स्पीडवर परिणाम होत असणार.,mr,unknown,female
001059.wav,"मनूच्या मनात शेकडो स्मृती जमल्या होत्या, हृदयात कालवाकालव होत होती.",mr,unknown,female
006263.wav,मल्याळम साहित्यातील उल्लेखनीय कामगिरीबद्दलचा एझहुताचन पुरस्कार इत्यादि.,mr,unknown,male
000282.wav,"त्याला अध्यात्म शिकण्याची इच्छा झाली, तेव्हा शूरसेनाने आपल्या प्रधानाला बोलावले.",mr,unknown,female
000969.wav,"संस्कृतमध्ये क म्हणजे पाणी आणि त्या कने, म्हणजे पाण्याने फलित होतो, तो कफ.",mr,unknown,female
003954.wav,कारण घोड्यांचे ते ठाणमाण भारतीय शिल्पकारांच्या धाटणीचे नाही मात्र ते आशियाई-ग्रीक शिल्पकाराला स्वाभाविक वाटणासारखे आहे.,mr,unknown,female
001940.wav,"तुम्ही मला धनुर्विद्या शिकविण्यास नकार दिलात, त्या दिवशी संताप वाटला.",mr,unknown,female
009261.wav,शंख व लिखित नावांचे दोघे भाऊ यज्ञोपवित संस्कार झाल्यावर गुरूगृही विद्याध्यानासाठी गेले.,mr,unknown,male
001275.wav,आम्ही आमच्या वडिलांना भाऊ म्हणत असू व लोक त्यांना भाऊराव असे म्हणत.,mr,unknown,female
000620.wav,"आम्हाला आता आचार्यांकडे नेऊन पोचव, त्यापूर्वी मी तुला थोडे ज्ञान देतो.",mr,unknown,female
009309.wav,ड्राइव्हरला ताबडतोब त्यांना उचलुन गाडीत घालण्यास सांगितले.,mr,unknown,male
001743.wav,या चोरीमध्ये नंतर तो इतर लांडग्यांशी गुपचूप भागीदारी करी.,mr,unknown,female
001391.wav,होता होता झाड थोडे मोठे झाले की आपल्या वर्गातली सगळी मुले मिळून आपण त्याची रोपे डोंगरावर लावूयात.,mr,unknown,female
002204.wav,"सारे सांगत आले, परंतु केवळ शब्दोच्चाराने सारे सुखी कसे व्हायचे, हा प्रश्न आहे",mr,unknown,female
003569.wav,भारतवैद्यक हे नाव शरद जोशींच्या भारत इंडिया द्वैतावरून घेतले आहे.,mr,unknown,female
006117.wav,माझा मराठीचि बोलु कवतुके परी अमृतातेही पैजेसी जिंके.,mr,unknown,male
010908.wav,"सोसाटयाचा वारा सुटला, वा-याच्या त्या प्रचंड सोसाटयात सापडताच प्रवाशाने आपल्या अंगावरील कपडे आपल्या शरीराभोवती अधिक लपेटून घेतले.",mr,unknown,female
006053.wav,"शहरातील कामगार भागातील शाळा, झोपडपट्टी भागातील शाळा, यामधील इंग्रजीची स्थिती अशीच शोचनीय आहे.",mr,unknown,male
003179.wav,तारे का प्रकाशतात याचे गूढ माणसाला बरेच वर्षे पडलेले आहे.,mr,unknown,female
003193.wav,प्रकाशाची दिशा बदलून नैसर्गिक सूर्यप्रकाश घरातील आतल्या भागात येईल अशी व्यवस्था केल्यास विजेच्या प्रकाशाची गरज कमी होते व वीजबिलात घट होते.,mr,unknown,female
006100.wav,एवढी मराठी मागास असताना तरी सरकारी उच्च पदस्थांनी तिला सवलती द्याव्यात की नाही,mr,unknown,male
007030.wav,"सुरुवातीला ऱ्हस्व, दीर्घ व प्लुत असे तीन प्रकारचे उच्चार करावे लागतात.",mr,unknown,male
000576.wav,सत्यकामाशिवाय सुनेसुने दिसणारे तिचे घरही तिला दिसू लागले.,mr,unknown,female
006657.wav,स्पेनची शैला सोल्सोनाकॅर्कासोना तिची जोडीदार आहे.,mr,unknown,male
007116.wav,"परंतु, त्या विद्यापीठाच्या प्रगतीसाठी कुलगुरूंकडून ठोस प्रयत्न होताना दिसून येत नाहीत.",mr,unknown,male
009649.wav,"कंबनने ते स्वतःकडे घेतले, कंबन कूत्तनला म्हणाला, वेड्या, तू माझा मित्र ना!",mr,unknown,male
006277.wav,परंतु गरिबीत खितपत पडलेली मुल या स्पर्धा युगात टिकणे कठीण आहे.,mr,unknown,male
009843.wav,"शमीक ऋषींच्या गळ्यातील तो मृतसर्प त्या ऋषिकुमारांनी काढून टाकला, अंगावरील मुंग्याही त्यांनी झटकून काढल्या.",mr,unknown,male
005898.wav,"मैत्रीत एकटेपणा घालवण्याची, आनंदी ठेवण्याची क्षमता खुपच संस्मरणीय वाटते.",mr,unknown,male
005725.wav,तीही दारावरच्या बेलने दचकून उठेल तुमच्या स्वागतासाठी,mr,unknown,male
000270.wav,"माझ्या रामायणाला कोणीही विचारणार नाही, ते धूळ खात पडेल, त्यापेक्षा ते जाळलेले बरे !",mr,unknown,female
000630.wav,"अग्नी म्हणाला, `समुद्र, पृथ्वी, हवा, आकाश हा ईश्वाराचा भाग आहे, हंस तुला आणखी सांगेल.",mr,unknown,female
003082.wav,अश्या रीतिने प्रत्येक मुलगी तीचा डाव संपेस्तोर खेळते.,mr,unknown,female
003467.wav,पश्चिमोत्तानासन भुजंगासन पृष्ठासन पवनमुक्तासन अर्धमत्स्येंद्रासन ताडासन त्रिकोणासन भूपृष्ठासन इत्यादी उपयुक्त ठरतात.,mr,unknown,female
006431.wav,तेव्हा सार्वजनिक वितरणप्रणालीद्वारे बीपीएल शिधापत्रिकाधारक आदिवासींच्या संख्येकडे न्यायालयाचे लक्ष गेले.,mr,unknown,male
010195.wav,"या सर्वांचा परिणाम शरिराच्या कार्यक्षमतेवर होतो, त्यामुळे वेळेत अन्नग्रहण करणे शारीरिकदृष्ट्या आवश्यक आहे.",mr,unknown,female
007063.wav,"कम्फर्टेबल सीट्‌स, मोठ्या केबिन्स असणाऱ्या या विमानातून एका वेळी पाच शे प्रवासी प्रवास करू शकतात.",mr,unknown,male
010646.wav,"कधी इडली, ढोकळा, थालिपीठ, नूडल्स अगदी रोज काहीतरी वेगळे असायचेच.",mr,unknown,female
005544.wav,निर्वीकारपणे माघारी बुरसटलेल्या पाच पावलान सारखं,mr,unknown,male
004357.wav,"यावेळच्या भारतभेटीत, ग्रांटरोडच्या शंकर शेठ लेन अर्थात भाजीगल्लीमधे हि भाजी दिसली.",mr,unknown,female
002114.wav,"पृथ्वीवर देखील देवता फिरतात ह्याची आज मला प्रचिती आली, सांगा तर तुमचं नांव, काकुळतीला येऊन शर्माजी बोलले.",mr,unknown,female
008220.wav,"तो सुरा हातात घेऊन वेड्यासारखा बाहेर आला, लोक त्याच्याकडे पाहू लागले.",mr,unknown,male
003217.wav,पवनजनित्रे व ती उभारण्यासाठी लागणारी यंत्रसामुग्री नेण्यासाठी चांगल्या रस्त्याची सोय असावी लागते.,mr,unknown,female
003815.wav,श्री त्र्यंबकेश्वरचरणी अशी प्रार्थना करीत आहे की सगळ्यांच कल्याण व्हावं,mr,unknown,female
008322.wav,"मग बोल, तुझे म्हणणे काय आहे ते, मुलीस तिथे पाठविण्यास तुझी संमती आहे ना, ती तुझ्यासारखीच अडाणी राहावी, असे तुला वाटते का.",mr,unknown,male
009407.wav,"राजा लगेच पळून गेला, त्या वेळी पुजार्याला देवदर्शन का होते, हे राजाला समजले.",mr,unknown,male
002279.wav,दशरथ राजाच्या निमंत्रणाला मान देऊन सर्व मांडलिक राजे दरबारांत हजर झाले.,mr,unknown,female
004600.wav,मग शीखांचे धर्मगुरु तेगबहाद्दुर यांनाही त्याने मारले.,mr,unknown,female
000014.wav,"तुझ्यासाठीच मी लक्ष्मी, दान आदींचा त्याग केला आहे, मी तुला जाऊ देणार नाही.",mr,unknown,female
010104.wav,"झाडाचे मुळे खूप खूप खोल अगदी जमिनीत जातात, मातीला पकडून ठेवतात.",mr,unknown,male
001526.wav,आईने मिताच्या बाबांनाही हे स्वप्न सांगितले.,mr,unknown,female
002366.wav,खेकरानाला खापरा रेंज जंगलातली एक डेम साइट आहे.,mr,unknown,female
004649.wav,कालक्रमाने मेनकेला शकुंतला नावाची एक मुलगी झाली.,mr,unknown,male
000375.wav,"जटील न घाबरता प्रतिदिन शाळेत जातोय, याचेच तिला समाधान वाटायचे.",mr,unknown,female
009328.wav,त्यांचे हर्षल व गौतम नावाचे दोन शिष्य होते.,mr,unknown,male
006478.wav,लखनौच्या सिटी स्टेशन परिसरात आज मंगळवारी मायावती यांची मोठी सभा झाली.,mr,unknown,male
000526.wav,संतापाने लाल होऊन त्याने शाप दिला.,mr,unknown,female
009132.wav,"कुणाच्याही ध्यानीमनी नसताना, मी मागीतलाही नसताना एक दिवस 'माझा' आला.",mr,unknown,male
006896.wav,सिस्टर कन्सर्न या कंपनीची नुकतीच आम्ही स्थापना केली आहे.,mr,unknown,male
003592.wav,आयुर्वेद चिकित्सेत यासाठी दहन कुरूप भाजणे हा उपाय सुचवतात.,mr,unknown,female
007905.wav,"अंगिरसांना स्वर्गास गायी घेऊन जायचे नव्हते, म्हणून ते ताबडतोब तयार झाले.",mr,unknown,male
002959.wav,पण या मुलांना पकडायचं तर शेजारी कुणाला कळता कामा नये.,mr,unknown,female
000530.wav,"शमीक ऋषींच्या गळ्यातील तो मृतसर्प त्या ऋषिकुमारांनी काढून टाकला, अंगावरील मुंग्याही त्यांनी झटकून काढल्या.",mr,unknown,female
003715.wav,"या प्रकारच्या वस्त्रामध्ये जामा, कोट, जॅकेट, स्कर्ट, पेटीकोट आदींचा समावेश होता.",mr,unknown,female
004733.wav,"कौसल्या व सुमित्रा, अंतःपुरातील सर्व स्त्रिया दशरथापाठोपाठ राजवाड्याबाहेर आल्या.",mr,unknown,male
001395.wav,नम्रताची स्वप्न साखळी अशी वाढत जात असे.,mr,unknown,female
005632.wav,शिटी झालीय आणि ओतलाय कोळसा इंजिनमध्ये.,mr,unknown,male
006564.wav,मतदानात गोपनीयता राखण्यासाठी मशिनवर झाकण ठेवून एण्ड बटण दाबण्यात येईल.,mr,unknown,male
004704.wav,मी मुनिवेष धारण करून राजधानीच्या बाहेर तू येईपर्यंत तुझी वाट पाहीन.,mr,unknown,male
001713.wav,"डोंगरावरचा रस्ता उधळला, डोंगराला बिलगला.",mr,unknown,female
010675.wav,ती कुठल्याही क्षणी आपल्या घरातून उडून जाऊ शकते.,mr,unknown,female
000956.wav,जिवाचा अन्नमयकोष आणि प्राणमयकोष यांना शक्ती पुरवण्याचे कार्य अन्न करते.,mr,unknown,female
006676.wav,"लेखन शर्मिला कलगुटकर, प्राजक्ता कासले, सुनील घुमे, विजया जांगळे.",mr,unknown,male
003454.wav,धनुर्वाताची सुरुवात बहुधा जखमेच्या भागातील स्नायू जडावण्यापासून होते.,mr,unknown,female
008596.wav,"पाणी घालतांना नम्रता विचार करायची, आज ह्या कोयी मातीच्या कुशीत छान झोपल्या आहेत.",mr,unknown,male
002072.wav,"राजे पण गुन्हा शाबीत झाला तर ह्या गुन्ह्याला शिक्षा कोणती, लिखिताने विचारले.",mr,unknown,female
010659.wav,"हो ना रे चिनू, आपण इतका वेळ स्वयंपाकघरात आहोत पण दोनच पदार्थ करु शकलो.",mr,unknown,female
000159.wav,"हे सर्वजण रात्री मला एकत्र भेटले, आजच्या माणसाची व्यथा ऐकुन रागाने पेटले.",mr,unknown,female
007006.wav,सध्या या सर्व गोष्टीzबरोबरच फायबर ग्लासचाही मोठ्या प्रमाणावर उपयोग केला जातो.,mr,unknown,male
009095.wav,वेदविद्या पारंगत महर्षी द्रोणाचार्य हे कौरव आणि पांडवांचे गुरू.,mr,unknown,male
000353.wav,त्याचे गुरुजी प्रेमळ होते आणि शाळेतील सवंगडीही मनमिळाऊ होते.,mr,unknown,female
006079.wav,हा आमच्या सरकारी शिक्षणाधिकाऱ्यांनी या प्राध्यापक मंडळीला सवाल टाकला आहे.,mr,unknown,male
006237.wav,याशिवाय काही प्रांतात प्रथम वर्गात पास होणाऱ्यांचे प्रमाणही जबरदस्त आहे.,mr,unknown,male
008947.wav,ते त्याने आपल्या कुत्र्याच्या पिल्लांबरोबर वाढवले व मोठे केले.,mr,unknown,male
002921.wav,एकदा बोधिसत्व नेहमीसारखा गाड्यांवर माल लादून व्यापारी दौर्यावर जायची तयारी करीत होता.,mr,unknown,female
008504.wav,"दुसऱ्या दिवशी राजा उन्मत्तसिंगाचा दरबार भरला असता, एक सेवक आत आला.",mr,unknown,male
004645.wav,पुष्कर क्षेत्रात विश्वामित्रांनी घोर तपश्चर्या केली.,mr,unknown,male
000662.wav,ते सर्व दाणे संपेपर्यंत त्याला आयुष्य दिलेले होते.,mr,unknown,female
007058.wav,त्याचा फायदा फटका पॉइंटचे टोळके घेते.,mr,unknown,male
003666.wav,"एम् शर्मा या अत्यंत सृजनशील संचालकाच्या मार्गदर्शनाखाली, माशेलकरांनी आपली पीएचडी पूर्ण केली.",mr,unknown,female
007980.wav,जंगल नसले तर हि सगळेजण कुठे जातील?,mr,unknown,male
000307.wav,"आत्मानंद महाराज म्हणाले, तू, मी राजा आहे, हा अभिमान सोडून झोपडीत आलास.",mr,unknown,female
004791.wav,"मी भांडण लावण्यात, तुझ्याहून श्रेष्ठ ठरेन बर",mr,unknown,male
002357.wav,"कौसल्या व सुमित्रा, अंतःपुरांतील सर्व स्त्रिया दशरथापाठोपाठ राजवाड्याबाहेर आल्या.",mr,unknown,female
001928.wav,तुम्ही पाहिलीत तिथे तुमचीच प्रतिमा.,mr,unknown,female
010219.wav,पाप करणारा असेल त्याला देव शिक्षा करीलच असे ते म्हणत.,mr,unknown,female
003428.wav,पुरुषांमधील लैंगिक इच्छा व क्रिया वाढवण्यासाठी दारूचा आग्रह धरणारे पुष्कळ आहेत.,mr,unknown,female
008942.wav,"अखेर उष्णता असह्य होत चालली, तसतशी आपल्या अंगावरील सारी वस्त्रे त्या प्रवाशाने एकामागून एक काढून टाकली.",mr,unknown,male
003639.wav,बीअर दोन मिली तीव्र पेय एक मिली या मापास एक पेय ड्रिंक म्हणता येईल.,mr,unknown,female
001267.wav,"सासरची मंडळी गावात सरदार म्हणून मानली जात, निदान ते तरी स्वत:ला तसे समजत.",mr,unknown,female
001561.wav,"चॉकलेट केक, दहा मेणबत्त्या, पावभाजी आणि हो त्या दिवशी घालण्यासाठी खास सीमाचा निळ्या टिकल्यांचा फ्रॉक.",mr,unknown,female
007180.wav,"माझ्या विजयासाठी एवढे पुरेसे आहे, असे हळर्णकर म्हणाले.",mr,unknown,male
004110.wav,कुबेरा पार्क कोंढवा रोड येथे मित्राकडे गेलो होतो.,mr,unknown,female
007868.wav,पण प्रियमेधाला काही इतके आयुष्य नव्हते.,mr,unknown,male
004905.wav,कार्तवीर्याचा देह त्या स्थितीत मृत होऊन जमिनीवर आदळला.,mr,unknown,male
007295.wav,क्षणभर खूप हरवल्यासारख जाणवल.,mr,unknown,male
000515.wav,"पाय आपटीतच तो आश्रमाबाहेर आला, रागाने तो तणतणत होता.",mr,unknown,female
000895.wav,मानव म्हणजे निसर्गाचे एक अंगच आहे.,mr,unknown,female
008602.wav,नम्रताची स्वप्न साखळी अशी वाढत जात असे.,mr,unknown,male
000022.wav,"तोही श्रद्धेने, मनोभावे देवाची पूजा आणि सेवा करायचा.",mr,unknown,female
000900.wav,"मग निसर्ग आणि भारतखंड कसा मोहोरतो, ते बघा !",mr,unknown,female
000208.wav,हळूहळू ते पिल्लू बरेच मोठे झाले.,mr,unknown,female
000459.wav,कलियुगाच्या फेऱ्यात राहूनही लोकांच कल्याण कसं होईल याचा मार्ग सांगून सर्वांना सुखी करा.,mr,unknown,female
002431.wav,नारदाने आपल्या अश्रूंनी विष्णूचे चरण धुतले आणि शाप देऊन पोरखेळ केल्याबद्दल तो दुःख करू लागला.,mr,unknown,female
008443.wav,"गतायुष्यातील चांगल्याबरोबर वाईट आठवते, पुण्याबरोबर पापही आठवते.",mr,unknown,male
009300.wav,"खांडेकर म्हणाले, कोणालातरी जगायला आपण मदत करू शकतो ही गोष्ट माझ्या दृष्टीने फार मोठी आहे, तोच क्षण माझ्या जीवनातला अनमोल क्षण होय.",mr,unknown,male
003390.wav,एक मज्जापेशी एकावेळी दोन लाख मज्जापेशींशी संपर्क साधू शकते.,mr,unknown,female
003912.wav,"जनरल वार्ड, वेळ तीन वाजून चोपन्न मिनिटे",mr,unknown,female
005384.wav,त्यात चवीपुरत मीठ आणि फक्त हिरवी मिरची चुरडून घातली जाई.,mr,unknown,male
008908.wav,डोंगर आपल्याच विचारात गढून गेला.,mr,unknown,male
000553.wav,शमीक ऋषींचा तो निरोप ऐकून राजाला समाधान वाटले.,mr,unknown,female
003145.wav,एक पृथ्वीवरून कुठलाहि ग्रह हा त्या ग्रहाची गति व सूर्यगति यांच्या बेरजेच्या गतीनें फिरतोसा दिसतो.,mr,unknown,female
006918.wav,महाराष्ट्राने गांधीजींची उपेक्षाच केली ज्येष्ठ पत्रकार द्वादशीवार,mr,unknown,male
002057.wav,"लिखिताने शंखाकडे भेटीला जाण्याचे ठरवले, त्याप्रमाणे तो गेला पण शंख कामानिमित्त बाहेर गेला होता.",mr,unknown,female
001926.wav,"तुम्ही आश्चर्यचकित होऊन विचारलंत मला, की कोणाकडे ही विद्या शिकलास?",mr,unknown,female
000635.wav,हंसाच्या रूपाने तो प्रत्यक्ष सूर्यच बोलत होता.,mr,unknown,female
006083.wav,मंडळी कुठे आणि आम्ही कुठे,mr,unknown,male
008509.wav,"राजा प्रधानाला म्हणाला, प्रधानजी, आज संध्याकाळी आपण दोघे फ़िरायला जाऊ तेव्हा बैरागीबुवांनाही आपल्याबरोबर घेऊन जाऊ.",mr,unknown,male
010320.wav,"अशाच थोर ऋषींपैकी मतंग ऋषी हे एक होते, पंपासरोवराच्याजवळ त्यांचा आश्रम होता.",mr,unknown,female
010595.wav,"मिनू, एके दिवशी तिच्या घराच्या बागेत फिरत असतांना, चाफ्याच्या झाडाखाली तिला काहीतरी हालचाल दिसली.",mr,unknown,female
008620.wav,"मग काय, भराभर वेगवेगळ्या सेक्शनमधले फोन घणघणले आणि इच्छुकांची म्हणण्यापेक्षा अपेक्षितांची यादी तयार झाली.",mr,unknown,male
009412.wav,त्याप्रमाणे ती मुले एक-एक काठी घेऊन आली.,mr,unknown,male
000106.wav,"तिला मला भेटायचं नव्हतच, फक्त माल कसा आहे ते पाहून मग पटवणार होतो.",mr,unknown,female
003042.wav,त्यांच्या कुटुंबाच्या मालकीच्या एका गांवात वसुलीसाठी दोघे भाऊ निघाले.,mr,unknown,female
001710.wav,"भर उन्हाळयात तुला गारवा वाटावा, म्हणून तर त्यावेळी आम्ही तुझ्या पोटात असतो आणि पावसाळयात, तुझ्यावरचा सगळा कचरा, गाळ वाहून नेतो.",mr,unknown,female
000090.wav,"ती होती सतरा ते अठरा दरम्यान रेंगाळत असलेली एक तरुणी, जीला मी पहिल्यांदाच पाहत होतो.",mr,unknown,female
007015.wav,या निवेदनात श्री पटेल यांनी केंद्र सरकारवर दुटप्पीपणाचा आरोप केला आहे.,mr,unknown,male
003175.wav,"पी सी वैद्य, कलकत्याच्या प्रेसिडेन्सी कॉलेजचे माजी प्रध्यापक रे चौधरी यांचा वाटा मोठा आहे.",mr,unknown,female
000918.wav,त्यामुळे सध्याच्या काळात पंचतत्त्वात तमोगुणाचे प्रमाण जास्त असल्यामुळे कमकुवत देह असलेल्या किंवा रोगी जिवांच्या उत्पत्तीचे प्रमाण वाढलेले आहे.,mr,unknown,female
007834.wav,"सत्यकाम नम्रपणे म्हणाला, `सांगावे भगवन्.'",mr,unknown,male
006733.wav,कवी ग्रेस यांनी आईच्या स्मृतीत लिहिलेल्या ओळी डोळ्यांच्या कडा ओल्या करतात.,mr,unknown,male
001950.wav,"अन्यायाला हसत हसत सामोरा जाणारा आणि जीवनापेक्षाही भव्य असा एकलव्य आजही आपल्या स्मृतीमध्ये हुरूप उत्साह, कष्टांचा पायंडा आणि एक ठसठस बनून राहीला आहे.",mr,unknown,female
006369.wav,सौभाग्यवती मानसी कुलकर्णीभणगे यांनी सूत्रसंचालन केले.,mr,unknown,male
000002.wav,"राजाने आश्चर्यचकित होऊन त्या स्त्रीला हात जोडून नम्रपणे विचारले, आपण कोण आहात.",mr,unknown,female
008033.wav,असुरांबरोबर इंद्रदेव यांनी महर्षि दुर्वास यांच्या शाप निवाराणास समुद्र मंथन केले.,mr,unknown,male
006048.wav,आणि हे मागील तीस वर्ष चालू आहे.,mr,unknown,male
009128.wav,"सारे विद्यार्थी, राजे रजवाडे, गुरूजन यांना थक्क करून टाकणारे धनुर्विद्येचं प्रदर्शन त्या दिवशी घडलं.",mr,unknown,male
010089.wav,झाडांचे अजून फार फार चांगले उपयोग आहेत.,mr,unknown,male
002721.wav,"जहॉंपन्हॉं, माझे नांव अब्दुल रहमान आहे.",mr,unknown,female
008784.wav,"नीना जर तू सीमाचा नाटकाचा फ्रॉक तिचे नाटक व्हायच्या आधीच घालू शकते तर सीमा तुझे बूट का घालू शकणार नाही, आईने विचारले.",mr,unknown,male
010736.wav,पण मेहनत आणि जिद्दीच्या जोरावर तिने ऑलिंपिक स्पर्धेत तीन सुवर्ण पदके मिळवून जागतिक विक्रम केला होता.,mr,unknown,female
003118.wav,"आणि पश्चिमेहून परत पूर्वेकडे, असा तो वरचेवर फेर्या करीत असे.",mr,unknown,female
010366.wav,"शबरी म्हणजे राणीच शोभे, मग शबरीने स्नान करावे, देवपूजेसाठी सुरेख फुले गोळा करुन आणावीत.",mr,unknown,female
003763.wav,कालीदासाने ते भूर्जपत्र आपल्या हाती घेऊन तो श्लोक वाचला.,mr,unknown,female
000214.wav,"नीट पहा, तू अगदी माझ्यासारखा दिसत आहेस आणि हे घे थोडेसे मांस खा.",mr,unknown,female
000779.wav,आम्ही जांभळं तर खातोच पण त्याचा बियांचा आजीच्या औषधाला उपयोग होतो.,mr,unknown,female
003497.wav,रशियातील चेर्नोबिल अणुभट्टीच्या स्फोटानंतर अशी मोठी शक्यता निर्माण झाली.,mr,unknown,female
009664.wav,"तू रथ घेऊन जा, त्यांचा मानसन्मान कर आणि कसेही करून त्यांना घेऊन ये.",mr,unknown,male
002044.wav,सेवक बोलवायला आलेला पाहून भिकार्याला खूप आनंद झाला.,mr,unknown,female
008921.wav,"डोंगरावरचा रस्ता उधळला, डोंगराला बिलगला.",mr,unknown,male
005421.wav,त्या दिवशी रात्री मुसळधार पाऊस झाला.,mr,unknown,male
006155.wav,पण बाळासाहेब ठाकरे यांनी जे पुण्य महाराष्ट्राच्या मातीत पेरले त्यास विषारी फळे येणार नाहीत.,mr,unknown,male
008358.wav,"त्यांचे जे अश्रू त्यांनाच तू दवबिंदू म्हणतेस, झाडामाडांच्या पानांवर ते दवबिंदू टपटप पडताना तू नाही का ऐकलेस.",mr,unknown,male
010473.wav,"जीवन निर्दोष व निर्मळ व्हावे, ही माझी तळमळ, हेच माझे ध्येय, हेच माझे स्वप्न.",mr,unknown,female
008466.wav,"माझ्या आईचे माहेर गावातच होते, माझ्या आईचे वडील फार कर्मठ व धर्मनिष्ठ होते.",mr,unknown,male
004168.wav,ख्ये बुम्सा यांच्यापश्चात त्यांचा तिसरा मुलगा मिपोन राब गादीवर बसला.,mr,unknown,female
003789.wav,अत्र्यांनी साने गुरूजींच्या कादंबरीवर श्यामची आई काढला.,mr,unknown,female
008587.wav,शाळा संपतांना दीपाताईंनी मुलांना सुट्टीसाठी एक काम सोपावले होते.,mr,unknown,male
000584.wav,"तू दासीपुत्र आहेस, तुझ्या पित्याचे नावही मला माहीत नाही.",mr,unknown,female
010841.wav,हे ऐकल्यावर नाईलाजाने टीनाने गौरीला मदत करायचे ठरवले.,mr,unknown,female
010925.wav,एके दिवशी लांडग्याची बदमाशी धनगराच्या ध्यानी आली.,mr,unknown,female
000117.wav,"कधी नाही, ती त्या अनोळखी मुलीबद्ल, चिंता वाटू लागली, डोळेही किंचितसे पाणावले.",mr,unknown,female
006645.wav,"मोन्सेरात, नार्वेकर, मडकईकरांविरुद्ध जागृत गोंयतर्फे सार्वजनिक सभा",mr,unknown,male
009895.wav,"सत्यकाम म्हणाला, `आई, पण गुरुजी माझे सबंध गोत्र विचारतील ना, काय ग माझं गोत्र?’",mr,unknown,male
010885.wav,हे ऐकून डोंगराचं मन भरून आलं.,mr,unknown,female
010688.wav,मोंटू दातांचे बोलणे ऐकून अधिकच ओशाळला.,mr,unknown,female
009816.wav,"क्षणभर विसावा घडेल आणि तपोनिधी शमीक ऋषींचा सहवास घडेल, या आशेने परिक्षिती त्या आश्रमात शिरला.",mr,unknown,male
008713.wav,"दिवसरात्र अडकून बसल्यामुळे आम्हाला किड लागली आहे, आमचा पांढराशुभ्र रंग तर काळाकुट्ट झाला आहे.",mr,unknown,male
001764.wav,तेवढयात एक काटेरी झुडुप त्याच्याजवळून वाहत चाललेले त्याला दिसले.,mr,unknown,female
001876.wav,"त्या उलट तु माझ्या जवळ आलास, तुझ्या डोळयात मला दयाळूपणा सहानुभूती दिसली, हेच मी जाणले आणि तुला विनंती केली.",mr,unknown,female
003225.wav,खिडकी छतालगत उंचावर असल्यास असा परिणाम अधिकच जाणवतो.,mr,unknown,female
000527.wav,ऋषिमुनींची अशी अवहेलना करणाऱ्या त्या नराधम परिक्षिती राजाला आजपासून सातव्या दिवशी सर्पदंशाने मृत्यू येईल.,mr,unknown,female
007726.wav,झपाझप पावले टाकीत निघून चाललेल्या राजाला त्या ऋषिकुमारांनी हाका मारल्या.,mr,unknown,male
002947.wav,आईच्याविरुद्ध चकार शब्ददेखील तिने कधी कोणाजवळ काढला नाही.,mr,unknown,female
004474.wav,स्लीपओव्हरनंतर मुलीं दमलेल्या असतात रात्री दंगामस्तीकरून त्यामुळे आळसटलेल्यापण असतात.,mr,unknown,female
005656.wav,पण मी विश्रांती घेतो सिग्नल जवळ,mr,unknown,male
008885.wav,"सुंदर सुवासिक फुलांच्या फुलबागा होत्या, भाज्यांचे मळे होते.",mr,unknown,male
006060.wav,इंग्रजी नको म्हणून उत्तर भारतात दंगली का होतात,mr,unknown,male
000960.wav,स्थूलदेहाचा अशक्तपणा वाढून मनाचे कार्यही व्यवस्थित होत नाही.,mr,unknown,female
006343.wav,विशेष म्हणजे चोरट्यांनी गोळेगावजवळ जीपची नंबर प्लेट काढून फेकून दिली.,mr,unknown,male
003634.wav,कोणाचा मार खायचा नाही तसेच आपण मारायचे नाही हे ब्रीद त्यांच्या मनावर ठसवा.,mr,unknown,female
001051.wav,जग म्हणजे एक भयाण वस्तू आहे असे त्याला वाटले.,mr,unknown,female
008783.wav,"अगं आई पण आज माझा वाढदिवस आहे मग सीमा कशी काय माझे बूट घालणार, नीना रागात म्हणाली.",mr,unknown,male
008712.wav,त्यामुळे चॉकलेट आणि अन्नाचे सगळे कण आमच्या दातात अडकून रहातात.,mr,unknown,male
003381.wav,सध्याचे सर्व संगणक ह्याच गणितावर आधारलेले आहेत.,mr,unknown,female
003677.wav,ह्या घटनेचा स्मृतीप्रीत्यर्थ चर्चच्या मनोऱ्याची उंची वाढवून तो मोठा करण्यात आला.,mr,unknown,female
005777.wav,तुमचा कोणी औरंगाबादला मित्र आहे का,mr,unknown,male
010550.wav,"त्यांना कधी कुठले काम करावे, किती वेळ करावे हे समजत नाही.",mr,unknown,female
006574.wav,"शेतीबरोबरच प्राथमिक, गैरप्राथमिक क्षेत्र आणि इतर बाबींवरील तरतूद वाढत आहे.",mr,unknown,male
005180.wav,"त्या उजेडात जीवदन्ताने भुयारी वाट नीट स्पष्टपणे पाहिली, आणि तो म्हणाला.",mr,unknown,male
001608.wav,सगळ्या मुलांनी मिटक्या मारत आणि भुवनच्या आईचे कौतूक करत केक संपवला.,mr,unknown,female
003611.wav,आपण आपल्या सभोवतालच्या उपलब्ध वनस्पतींमधून पंधरा-वीस वनस्पतींची ओळख करून घेतली तरी पुरते.,mr,unknown,female
010678.wav,एके दिवशी झोपलेला असतांना त्याला कुणाचा तरी रडण्याचा आवाज आला.,mr,unknown,female
006636.wav,"गॉगल्स, छत्र्या, रुमालांच्या विक्रीत वाढ",mr,unknown,male
010937.wav,"तो आपल्या सहप्रवाशाला म्हणाला, फुकट हे एवढं मोठ्ठं झाड आहे, फळं धरत नाही, काही नाही, काय उपयोग या झाडाचा माणसाला?",mr,unknown,female
000792.wav,आपल्या सगळ्यांना अत्तर खूप आवडते.,mr,unknown,female
008985.wav,आणखी काही दिवस गेल्यावर त्याने आपल्या बक-यांचा फन्ना उडवला.,mr,unknown,male
003057.wav,ते दोघे कोट्याधीश जीवश्च मित्र होते.,mr,unknown,female
001981.wav,स्वत: मुख्याध्यापक मनोज व त्याच्या आईला घेवून शहरातील एका नेत्रतज्ञाकडे गेले.,mr,unknown,female
003599.wav,शहरांमध्ये पाणीपुरवठा नद्या व धरणे यांतून होतो तर खेडयांमध्ये विहिरी आणि कूपनलिकांमधून पाणी पुरवले जाते.,mr,unknown,female
000934.wav,असा निष्कर्ष एका अभ्यासाअंती काढण्यात आला आहे.,mr,unknown,female
007425.wav,शेठजी चंदनाच्या लाकडांचा व्यापारी होता.,mr,unknown,male
005627.wav,"इतका की, तुझ्या सानिध्याच्या संधिप्रकाशात थकून गेलोय की",mr,unknown,male
001683.wav,फक्त पावसाळयातच कोसळणारा पांढराशुभ्र धबधबा होता.,mr,unknown,female
004180.wav,खुद्द खालुबारच्या लढाईमध्ये एक शे अकरा गुरखा रायफल्सच्या 'लेफ्ट राईट बघितल्या.,mr,unknown,female
006447.wav,"दरोड्यातील आरोपी सापडले नसते, तर दौंड तालुक्‍यात अफवांचे पेव फुटले असते.",mr,unknown,male
004117.wav,केवळ लाजवाब चिल्ड्रन्स फेस्टिव्हल नावाचा उपक्रमही स्तुत्य होता असो कळावे.,mr,unknown,female
000989.wav,"अपराध करणाऱ्याचे नाव देवासमोर सांगण्यात येई, त्याला दुसरी शिक्षा नसे.",mr,unknown,female
002897.wav,कधीकधी मंत्र्यांच्या सल्ल्यापेक्षां राजगुरुचा विचार योग्य मानला जातो.,mr,unknown,female
003779.wav,एक शे चोवीस मध्ये क्षत्रप नहपान याचा पराभव करून दिले.,mr,unknown,female
005659.wav,फ्रंटवर घासू दे बेधडक माझी छाती प्रिय शत्रूंसाठी,mr,unknown,male
003094.wav,आणि तीला हे च नाही कळत कि लोक अल्फाबेटिकली कसे काय मरतात.,mr,unknown,female
003156.wav,'असावे सुंदर आपुले गाव' असे प्रत्येकालाच वाटत असते.,mr,unknown,female
001824.wav,"कोळसेवाल्याला वाटले, धोबी फार चांगला मनुष्य आहे.",mr,unknown,female
010537.wav,त्यांना विश्रांती कधी घ्यावी हे समजत नसे.,mr,unknown,female
001099.wav,मतंग ऋषींच्या आश्रमापासून काही कोसांच्या अंतरावर एका भिल्ल राजाचे राज्य होते.,mr,unknown,female
002845.wav,त्या बोलण्यावर अस्वलाचे कातडे पांघरलेला माणूस जोराने हंसायला लागला आणि म्हणाला.,mr,unknown,female
009079.wav,त्या वृध्दाला घोडेस्वाराने नदी पलिकडील झोपडी पर्यंत नेले.,mr,unknown,male
003343.wav,"यासाठी लागणारी साधन सामुग्री, मनुष्यबळ व आर्थिक तरतूद बहुतेक नगरपालिकांच्या आवाक्याबाहेरची गोष्ट असते.",mr,unknown,female
000039.wav,पाच जणांनी पाच काठ्या आणून वडिलांपुढे ठेवल्या.,mr,unknown,female
006541.wav,ही माहिती अत्यंत तुटपुंजी असली तरी औत्सुक्‍य वाढविणारी निश्‍चितच आहे.,mr,unknown,male
010237.wav,"असे काही दिवस गेले, एकदा काय झाले, त्या गावात एक परका पाहुणा आला.",mr,unknown,female
008708.wav,"त्याला अजिबात कळेना म्हणून त्याने आरश्यासमोर आ करुन मोठे तोंड उघडले, तर चक्क त्याचे मागचे चार दात म्हणजेच दाढा रडत होत्या.",mr,unknown,male
003357.wav,पदार्थविज्ञानाचा अभ्यास करणाऱ्या शालेय विद्यार्थ्यांपासून सर्वांनाच डायोडबद्दल माहिती असते.,mr,unknown,female
007814.wav,ह्यांना अरण्यात चरण्यास घेऊन जा असे सांगितले.,mr,unknown,male
009099.wav,एकलव्याच्या शब्दांत त्याची कैफियत पुढे मांडली आहे.,mr,unknown,male
008221.wav,"हा पाहा लाल सुरा, रक्तानं रंगलेला सुरा, कुणाचं हे रक्त, कुठून आला हा सुरा, माझ्या उशाशी कुणी ठेवला, असे मनू बोलू लागला.",mr,unknown,male
010106.wav,मग चंदनाचे झाड आपल्याला अत्तर देते.,mr,unknown,male
002429.wav,नारदाचा तो शाप ऐकून विष्णूने फक्त स्मित केले.,mr,unknown,female
005044.wav,सोसाट्याच्या वार्‍याने अरण्यातली झाडे हलत होती.,mr,unknown,male
005347.wav,"किती इमानदार माणूस आहे, नाही तर इतक्या उन्हात घाम गाळून याने झाडाला पाणी का लावले असते",mr,unknown,male
008955.wav,आपण इतकी वर्षे पाळलेल्या व स्वत:च मोठे केलेल्या त्या लांडग्याला धनगराने एका झाडाला लटकावून फाशी दिले.,mr,unknown,male
004812.wav,तेंव्हा शंकरपार्वतीचा संबंध कसा जुळवून आणता येईल हे पहा,mr,unknown,male
008477.wav,"सासरचे तिचे नाव यशोदा ठेवण्यात आले होते, सासरी ती लहानाची मोठी होत होती.",mr,unknown,male
000687.wav,बारा वर्षांनी परत आल्यावर त्याला दिसून आले.,mr,unknown,female
004800.wav,आपले तोंड माकडासारखे बदलले असल्याचे कळल्यावर नारदाच्या तळपायाची आग मस्तकापर्यंत गेली.,mr,unknown,male
007438.wav,राजाने आपल्या महालाचे दरवाजे चंदनाचे करावे आणि माझे सर्व चंदन विकले जावे.,mr,unknown,male
002354.wav,आपल्या या कुटुंबाचा भार त्याला कठीण वाटूं लागला होता.,mr,unknown,female
006354.wav,जोगळेकर आणि पद्मगंधा प्रकाशनाचे अरुण जाखडे या वेळी व्यासपीठावर उपस्थित होते.,mr,unknown,male
004570.wav,कारण पश्चीम महाराष्ट्रात शेतीला मजुर मिळणे फार मुश्कील आहे,mr,unknown,female
008214.wav,"त्याची पिशवी त्याने लांबविली, परंतु खून पचवायचा कसा?",mr,unknown,male
002753.wav,आम्हाला त्या पुजारिणीच्या हृदयापासून बचाव करुन जंगलात जायचे आहे.,mr,unknown,female
009078.wav,दोघांनी सुखरुप नदी पार केली.,mr,unknown,male
008074.wav,सायंकाळी चंद्राची कोर दिसल्यानंतर बहीण प्रथम चंद्रकोरीस व नंतर भावाला ओवाळते.,mr,unknown,male
009110.wav,मला फक्त विद्या हवी होती.,mr,unknown,male
001041.wav,"मनू, काय केलंस हे, केलसं तर केलसं, परंतु पुन्हा निरपराधीपणाचा आव आणू बघतोस, हे तर फारच वाईट.",mr,unknown,female
007492.wav,प्रधान आत्मानंद महाराजांकडे गेला.,mr,unknown,male
001266.wav,"माझ्या आईचे लग्न लहानपणीच झाले होते, सासर श्रीमंत होते.",mr,unknown,female
010145.wav,"नरकचतुर्दशी व लक्ष्मीपूजन, नरकचतुर्दशी हा दिपावलीतील एक दिवस आहे.",mr,unknown,male
007060.wav,आयुब शेख व शत्रुघ्न गव्हाणे या गुडांच्या दोन्ही टोळ्या?,mr,unknown,male
000278.wav,मित्रप्रेमाचा हा एक आदर्श ठरेल !!,mr,unknown,female
005085.wav,"राजा, तुझ्या धैर्याची खरंच कमाल आहे.",mr,unknown,male
009438.wav,"हा विचार आल्यावर ते स्वतःचे अंग झाडते, त्यामुळे त्याच्या पाठीवरील देव खाली पडतो.",mr,unknown,male
002383.wav,"पार्वतीने तिच्या अंगाचा मळ उबटनाबरोबर निघाला, त्याची गोळी करून बाहुला कसा केला व त्याचा पुत्रगणपती कसा झाला, ते सांगितले.",mr,unknown,female
000572.wav,"सत्यकाम आठ वर्षांचा होताच आईला म्हणाला, आई, मी आता जातो अरण्यात शिकायला.",mr,unknown,female
001436.wav,डोळे उघडून पाहिले तर मिनू मोठयाने किंचाळलीच.,mr,unknown,female
009440.wav,"जोपर्यंत आपल्यावर देवाची कृपा आहे, आपल्याजवळ त्याचा वास आहे, तोपर्यंतच आपल्याला मानसन्मान आणि समाजाकडून लाभणारे प्रेम मिळणार आहे.",mr,unknown,male
005353.wav,आईच्याविरुद्ध चकार शब्ददेखील तिने कधी कोणाजवळ काढला नाही.,mr,unknown,male
005446.wav,त्यांच्या कुटुंबाच्या मालकीच्या एका गावात वसुलीसाठी दोघे भाऊ निघाले.,mr,unknown,male
001008.wav,"विनूने रक्ताने माखलेला सुरा मनूच्या उशाशी ठेवून दिला, मनू झोपलेला होता.",mr,unknown,female
004544.wav,"नचा फार्स होता, अशोक सराफ आणि किशोर प्रधान होते.",mr,unknown,female
010504.wav,"सासरचे तिचे नाव यशोदा ठेवण्यात आले होते, सासरी ती लहानाची मोठी होत होती.",mr,unknown,female
002065.wav,"लिखिताला आपली चूक कळली, शरमेने त्याची मान खाली झुकली.",mr,unknown,female
001137.wav,"ती पहा, अमृताची जणू काय ध्वजाच, अमर जीवनाची जणू पताकाच अशी उषा येत आहे.",mr,unknown,female
005344.wav,ब्रह्मदत्त राजा फार लोभी व संशयी स्वभावाचा होता.,mr,unknown,male
000295.wav,"राजा झोपडीत आला, त्या वेळी झोपडीतील एका बाजूच्या खोलीत आत्मानंद महाराज बसलेले होते.",mr,unknown,female
008781.wav,"आई, आज मी निळ्या ड्रेसवर हे बूट घातल्यावर किती छान दिसतील नाही, नीनाने आईला मीठी मारत विचारले.",mr,unknown,male
002404.wav,अशाच प्रकारे त्यांची लहानमोठी कामे करून त्यांची सेवाचाकरी करी.,mr,unknown,female
003999.wav,ते आडवे कापून त्यावर सुंठ किंवा सैंधव मीठ घालून निखाऱ्यावर गरम करावे आणि वारंवार चोखावे.,mr,unknown,female
003742.wav,"स्वर्गलोकीं इंद्रसभा, चंद्रसभा, कौरवसभा, पांडवसभा इत्यादि पांची सभा बसल्या आहेत.",mr,unknown,female
010101.wav,"तसेच त्यात फाइबर, विटामिन आणि खनिज असतात.",mr,unknown,male
002720.wav,त्यांना घेऊन ये अकबराने हुकूम केला.,mr,unknown,female
010077.wav,"भूलोक राहणार नाही, हे त्रिभुवन कल्पांतापर्यंत राहावे या संकल्पाला बाधा येईल, म्हणून दानवांचे राज्य राहिले पाहिजे.",mr,unknown,male
005151.wav,त्या चोर पुजारिणीचा वध करुन बदला घेतल्याशिवाय कुठल्याही परिस्थितीत मी येथून हलणार नाही.,mr,unknown,male
002809.wav,एक लोखंडी दहशतीचा गोळा माझ्या पोटांत वाढायला लागला.,mr,unknown,female
009018.wav,"डोक्याचा कोबीचा कांदाच जणू, एकंदरीत ते ध्यान पाहता सारे पशु खदखदा हसू लागले.",mr,unknown,male
000557.wav,त्यांनी परिक्षिती राजाला त्या सात दिवसांत “भागवत” सांगितले.,mr,unknown,female
009780.wav,म्हणून आम्ही तुम्हाला नमस्कार करत आहोत.,mr,unknown,male
004796.wav,त्या दोघी गणपतीच्या दोहो बाजूला विराजमान झाल्या.,mr,unknown,male
002470.wav,आपल्या विवाहात अडथळा घालणार्या गणेशावर कुमारस्वामींच्या मनांत रोष होता.,mr,unknown,female
003739.wav,परंतु हृदय भेलकांडविणारे अनुभव शब्दांना सारुन कवितेत उतरले.,mr,unknown,female
004287.wav,मला कोणी श्रीवासुदेवानंदसरस्वतीविरचित अघोरकष्टोद्धारण स्तोत्राचा अर्थ सांगेल का ?,mr,unknown,female
002605.wav,"फार लवकर, चिंचोना झाडाची चमत्कारी औषधीय गुणांची कहाणी त्या क्षेत्रातील जेसूई मिशनरीज मधे फैलली.",mr,unknown,female
000363.wav,"जटीलच्या पाठीवरून प्रेमाने हात फिरवत ती त्याला म्हणाली, या जगात ज्याला कोणी नाही, त्याला देवच सांभाळतो, त्याचे रक्षण करतो.",mr,unknown,female
006925.wav,परतीचे वेध लागताच खुळखुळणारे रस्त्यातून धावणाऱ्या गाड्या रेल्वेचे डबेच वाटतात.,mr,unknown,male
001705.wav,"तुझ्या पोटातलं थोडस पाणी पितो आम्ही, पण तशीच सावली ही देतो तुला.",mr,unknown,female
002140.wav,"चिमणीचं घर होत मेणाचं, छोटंस आणि खूप सुंदर.",mr,unknown,female
003240.wav,यातील खारीचा वाटा प्रत्येकाने आपापल्या परीने उचलायलाच हवा.,mr,unknown,female
002384.wav,"म्हणूनच तो ‘आई, ‘आई असे बडबडत होता खरा.",mr,unknown,female
007315.wav,क्षणभर खूप राग आला त्याच्या अशा ऐटिटूड चा.,mr,unknown,male
004312.wav,इथे एक लिंक आहे पेपर कर्व्ह कसा करायचा याबाबत.,mr,unknown,female
009478.wav,फोन सावरतच मी त्या दिशेला वळलो.,mr,unknown,male
001313.wav,"गोसावी म्हणाला, नाही महाराज, तिथे उलटाच मामला चाललाय.",mr,unknown,female
003931.wav,खांडवा-बऱ्हाणपूर खिंडीतून उत्तर हिंदुस्तान जोडले असल्यामुळे त्यातूनच उत्तरेकडून व्यापारउदीम आणि लष्करी मोहिमा देशावरील दऱ्या-खोऱ्यात येऊन पोचल्या.,mr,unknown,female
006184.wav,भुजबळ तुम्ही शिवसेना का सोडलीत ते सांगा,mr,unknown,male
001592.wav,वर्गातही अभ्यास करतांना भुवन सतत शिक्षकांच्या पुढे पुढे करायचा त्यामुळे वर्गातली इतर मुले त्याला आपल्यापेक्षा हुशार आणि वेगळा समजत असत.,mr,unknown,female
010278.wav,"आपल्या मित्राच्या तोंडचे ते शब्द ऐकून मनूचे तोंड काळवंडले, जिथे त्याची सर्व आशा तिथेच निराशा पदरी आली.",mr,unknown,female
002163.wav,"त्याने वर पाहीले तर त्याचा डोळा फुटला, त्याने बिळात हात घातला तर त्याला विंचू चावला.",mr,unknown,female
002397.wav,तीत सप्तर्षी असतील ती ज्योती त्यांचीच समज!,mr,unknown,female
000318.wav,त्यामुळे त्याला पराभव पत्करून मागे फिरावे लागले.,mr,unknown,female
005234.wav,म्हणून तुझे अभिनंदन केल्याशिवाय रहावत नाही.,mr,unknown,male
005069.wav,ममतापुरी नगर करुणा नदीच्या काठावर होते.,mr,unknown,male
004037.wav,भक्कम पावलं टाकत बाबासाहेब उर्मिलाबाईंजवळ आले.,mr,unknown,female
008988.wav,"अजून काही विपरित घडलं नाही, तोवरच शहाणपणानं आपली तोंडं काळी करूया आपण!",mr,unknown,male
003021.wav,मी महाराजांना भेटून परत येईपर्यंत तुम्ही इकडेच रहा.,mr,unknown,female
008229.wav,"शेवटी देवळात सारे लोक जमले, मनू तिथे दु:खाने हजर राहिला.",mr,unknown,male
009106.wav,"माझं धनुष्य, बाण आणि बाणांचा भाता हाच एकमात्र माझा आग्रह, हट्ट, जिव्हाळा आणि ध्येय.",mr,unknown,male
005296.wav,जो तुझा भाऊ दिसतो तो तुला नुकसान पोहचवू शकतो.,mr,unknown,male
003973.wav,आयुर्वेद आणि त्यासारख्या विद्याशाखांमधून भारतात प्राचीन काळापासून असलेल्या वैद्यकीय ज्ञानाची कल्पना येते.,mr,unknown,female
005371.wav,किल्ल्यातल्या रथाजवळ बाहेरची कुत्री पोचणे सुद्धा शक्य नाही.,mr,unknown,male
004134.wav,आठ बोलिन्ग अ‍ॅली तील प्लास्टिकचा सेट मिळतो नऊ ज्वेलरी सेट बनविणे.,mr,unknown,female
000975.wav,"जेवणानंतर भरपूर पाणी प्यायल्यास व्यक्ती स्थूल होते, म्हणजे अनावश्यक चरबी वाढते.",mr,unknown,female
007292.wav,"डोळ्यांवरचा हाथ अलगद सरकला, ती व्यक्ती दृष्टीक्षेपात आली.",mr,unknown,male
009176.wav,आपल्या जन्मदात्या आईचं दर्शन घेऊ शकत नाही.,mr,unknown,male
000955.wav,वेळेत न जेवल्यास शरीरस्वास्थ्य बिघडते.,mr,unknown,female
010190.wav,जिवाचा अन्नमयकोष आणि प्राणमयकोष यांना शक्ती पुरवण्याचे कार्य अन्न करते.,mr,unknown,female
005017.wav,तुझे हे वर्तन पाहून तुझे ध्येय काय असेल याबाबतीत मला शंका येऊ लागली आहे.,mr,unknown,male
010649.wav,"आईला ताप आला होता, त्याला पाहून क्षीण आवाजात आई म्हणाली, चिनू बेटा, मला ताप आल्यामुळे अजिबात उठवले जात नाही आहे.",mr,unknown,female
009180.wav,"हे सागळ कळल्यावर मुख्याध्यापकांना रहावलं नाही, त्यांनी कशाचा तरी मनाशी निश्चय केला.",mr,unknown,male
007491.wav,"तू रथ घेऊन जा, त्यांचा मानसन्मान कर आणि कसेही करून त्यांना घेऊन ये.",mr,unknown,male
001641.wav,विनितच्या मागोमाग सगळे पोहोचल्यावर त्यांनी फिरुन डोंगर आणि लेणी पाहिली.,mr,unknown,female
001291.wav,ज्या समाजाच्या जिवावर आजवर तुम्ही जगलात त्याला या जुलुमजबरदस्तीतून मुक्त करण्यासाठी काहीतरी प्रयत्न करणं हे तुमचं कर्तव्य नाही का.,mr,unknown,female
001381.wav,मे महिन्यात सगळेजण आंब्याची मजा लुटतात आणि कोयी मात्र फेकून देतात.,mr,unknown,female
001934.wav,माझ्या खूप गोष्टी कानावर आल्या.,mr,unknown,female
004676.wav,काही रथासमोर येऊन सुमित्राला म्हणत होते.,mr,unknown,male
000893.wav,"प्रजेला धर्माचरण करायला भाग पाडा, शासनाचे ते कर्तव्य आहे.",mr,unknown,female
007288.wav,"मिनिटाला शंभर पाऊले, असा इथे नियम असतो, हे वाक्य खरच आहे, हे त्या दिवशी मी प्रत्यक्ष अनुभवल.",mr,unknown,male
004877.wav,"पाणी म्हणजे 'नीर, ते देणारा म्हणून मुनी त्याला 'नारद म्हणून हाक मारीत.",mr,unknown,male
007907.wav,इतक्यात तेथे काळी घोंगडी पांघरलेला एक आडदांड मनुष्य आला.,mr,unknown,male
008195.wav,"अपराध करणाऱ्याचे नाव देवासमोर सांगण्यात येई, त्याला दुसरी शिक्षा नसे.",mr,unknown,male
010270.wav,"विनू उभा राहिला, तो म्हणाला, मनू माझा मित्र आहे, परंतु सत्याशी माझी अधिक मैत्री आहे, सत्याला मी कधी सोडणार नाही.",mr,unknown,female
009042.wav,"काय करावे व तिच्या तडाख्यातून कसे सुटावे, हे त्याला मुळीच कळेना.",mr,unknown,male
002467.wav,"त्याच वेळी, समोरून गणेश व कुमारस्वामी दोघे ‘चित-का-पट घालीत येत होते.",mr,unknown,female
007658.wav,"ज्ञान आणि वैराग्य हे माझ्यापेक्षा वृध्द, पण माझे ते दास आहेत.",mr,unknown,male
001914.wav,तुमच्या व्यक्तित्त्वाचा एक एक पैलू आठवत राहीलो.,mr,unknown,female
002737.wav,"त्यांमधे राजवैद्य, हकीम जलीम खान याचाही समावेश होता.",mr,unknown,female
000727.wav,"समुद्रमंथनाच्या वेळी मंदराचल पर्वत खाली जाऊ लागला, तेव्हा विष्णूंनी कूर्मरूप धारण करून तो वर उचलला.",mr,unknown,female
007215.wav,"तो पुरुष म्हणाला, माझे नाव सदाचार.",mr,unknown,male
008246.wav,माझ्या मित्रानं खून करावा याचं इतर सर्वांपेक्षा मला अधिक वाईट वाटत आहे.,mr,unknown,male
001797.wav,"हमरस्त्याने एक ओझे लादलेला गाढव चालला होता, तो त्या घोडयाला वाट करून द्यायला जरा बाजूला झाला.",mr,unknown,female
003846.wav,आभालभर `येळकोट' करुन आपल्याच वाकळीचा का होईना उत्सव साजरा करतात,mr,unknown,female
006403.wav,अशा प्रकारची शस्त्रक्रिया राजेबहाद्दर हार्ट फाउंडेशन येथे एच.,mr,unknown,male
000937.wav,"आपण आपल्या कुटुंबासह जेवलात, तर कौटुंबिक संबंधात सुधारणा होते.",mr,unknown,female
002266.wav,ती पाहून ब्रह्मदेव प्रसन्न झाला व त्याने त्यांना ऋषी झाल्याची मान्यता दिली.,mr,unknown,female
000825.wav,"त्यानंतर त्या दिव्यास नमस्कार करतात, याने अपमृत्यु टळतो असा समज आहे.",mr,unknown,female
007275.wav,ती साखळी सोन्याची झाली होती.,mr,unknown,male
001390.wav,"काही दिवसांनी कोयीला कोंब फुटतील, त्यातून इवलेसे रोप येईल.",mr,unknown,female
003565.wav,"त्याचबरोबर आधुनिक औषधशास्त्राची एक पध्दत, शिस्त तयार झाली आहे.",mr,unknown,female
009077.wav,हो नेतो ना असे म्हणून घोडेस्वाराने त्या वृध्दास उचलून आपल्या घोडयावर चढवले.,mr,unknown,male
005430.wav,त्या पाड्याचा मालक एका म्हातारीच्या घरात भाड्याने रहात होता.,mr,unknown,male
007828.wav,त्याने सत्यकामाला ईश्वर म्हणजे काय ह्याचा एक चौथा भाग ज्ञान शिकविले.,mr,unknown,male
005691.wav,पळपुटेपणाची जखम पिकेल तेव्हा करू आत्महत्या,mr,unknown,male
007879.wav,"तो म्हणाला, `अरे, माझी ही पिशवी नदीत बुडून टाका.",mr,unknown,male
001869.wav,हो नेतो ना असे म्हणून घोडेस्वाराने त्या वृध्दास उचलून आपल्या घोडयावर चढवले.,mr,unknown,female
008203.wav,"जीवनात त्याला अर्थ वाटेना, कोणासाठी जगावे, का जगावे ते त्याला कळेना, परंतु विनूमुळे तो वेडा झाला नाही.",mr,unknown,male
007487.wav,राज्यातील सर्वश्रेष्ठ अध्यात्मातील अधिकारी असलेल्या गुरूंचा मानसन्मान करण्यास सांगितले.,mr,unknown,male
000807.wav,पुष्कळ स्त्रियांचा या दिवशी उपवास असतो.,mr,unknown,female
004806.wav,जे घडले त्याबद्दल लज्जित नारदाने व पर्वताने विष्णूचे चरण पकडले.,mr,unknown,male
009673.wav,"राजाने प्रधानासमवेत, मी आलो आहे, असा महाराजांना निरोप पाठवला.",mr,unknown,male
010023.wav,"मनू म्हणाला, `अरे हो ! यज्ञात उरलेल्या धनावर हक्क रुद्राचाच असतो, हे माझ्या लक्षातच नव्हते.",mr,unknown,male
009156.wav,मनोमन अर्जुनाला वरूनही द्रौपदीला पाच पतींशी संसार करावा लागला आहे.,mr,unknown,male
007512.wav,"आत्मानंद महाराज म्हणाले, तू , मी राजा आहे, हा अभिमान सोडून झोपडीत आलास.",mr,unknown,male
008057.wav,दात्याची सेवा करण्यास वामनाने बळीराजाचे द्वारपाल होण्याचे काम स्वीकारले.,mr,unknown,male
004495.wav,तसेच फ्यूज चा एक सेट असावा.,mr,unknown,female
002633.wav,कधीकधी अत्यंत हुशार माणसेंदेखील अशक्य परिस्थितींत अडकतात.,mr,unknown,female
009753.wav,एकदा गुरुजींकडे काही धार्मिक कार्यक्रम होता.,mr,unknown,male
008897.wav,डोंगर उतरतांना सोबत फळं फुलं घेऊन यायचे.,mr,unknown,male
008624.wav,"मिनू, अग ही मैना अजून जिवंत आहे, तिला उचलून आत आण, आईने काळजीने मिनूला सुचवले.",mr,unknown,male
007833.wav,"अग्नी प्रसन्न झाला व म्हणाला, `सत्यकामा, मी तुला ईश्वरज्ञानाचा चौथा भाग सांगतो.",mr,unknown,male
004389.wav,आणि टॉडलर स्ट्रोलर्स अर्थातच लहान बाळासाठी वापरु नये.,mr,unknown,female
000146.wav,आमचं केविलवाण जग पाहून डोळ्यात पाणी तरारले.,mr,unknown,female
006468.wav,खान यांची स्वाक्षरी असलेला अध्यादेश आज दुपारी महापालिकेस मिळाला.,mr,unknown,male
002034.wav,"हा धावत पुढे गेला, 'साहेब, इकडे आणा', ती बॅग त्याने डोक्यावर उचलली, घामाघूम झाला.",mr,unknown,female
009996.wav,"तेव्हापासून यज्ञात ऋग्वेदातील ऋचांबरोबर सामवेदांतील सामेही म्हटली जाऊ लागली, आणि काव्याला संगीताची जोड मिळाली.",mr,unknown,male
001166.wav,"फुले हे वृक्षांचे सौंदर्य आहे, वृक्षांचे सौंदर्य आपण नष्ट करु नये.",mr,unknown,female
002051.wav,"एवढा लाख मोलाचा धडधाकट देह असतांना भीक कां मागतोस, कष्ट कर पैसे मिळव.",mr,unknown,female
003761.wav,विजेच्या मूलभूत एककास `इलेक्ट्रॉन' ही संज्ञा जॉर्ज जॉन्स्टन स्टोनी यांनी दिली.,mr,unknown,female
004436.wav,भरपूर उंची आणि लहानपणापासून स्पोर्ट्समधे असल्यामुळे आणि कायम ओठावर मिश्किल स्मित.,mr,unknown,female
003431.wav,त्यातही ज्याच्यावर संरक्षणाची जबाबदारी त्यांनीच मारहाण करणे हे आणखीनच वाईट.,mr,unknown,female
008191.wav,पाप करणारा असेल त्याला देव शिक्षा करीलच असे ते म्हणत.,mr,unknown,male
009595.wav,थोडीशी रक्ताची चटक लागताच तो ते मांस आनंदाने खाऊ लागला.,mr,unknown,male
007070.wav,सुदैवाने स्वतः मालक मढवी व इतर सहखलाशी बचावले.,mr,unknown,male
004362.wav,"बोटावर एक टिंब देतात, तुम्ही सगळी बाटलीच बोटावर घेतलीय स्मित स्मित",mr,unknown,female
009455.wav,पण फार कमी लोक या परीसाला ओळखू शकतात.,mr,unknown,male
001772.wav,"पारधी त्याच्यावर ओरडला, छे, मग तर मुळीच नाही सोडत तुला, तुझ्यासारख्या विश्वासघातक्याला कशाला सोडायचं?",mr,unknown,female
003512.wav,एकूणच कोरडी पध्दत वापरावयाची असल्यास ट्रॅप न वापरणे योग्य होते.,mr,unknown,female
000272.wav,"कंबनने ते स्वतःकडे घेतले, कंबन कूत्तनला म्हणाला, वेड्या, तू माझा मित्र ना!",mr,unknown,female
008437.wav,आश्रमातील इतर सारे सवंगडी आपापल्या जीवनातील नानाविविध बरेवाईट अनुभव परस्परांना सांगत असत.,mr,unknown,male
002033.wav,स्टेशनवरून एक जड बॅग घेऊन येणारा माणूस दिसला त्याला हमाल हवा होता.,mr,unknown,female
009006.wav,"पण आपल्याच तो-यात घोडा उतावीळपणे त्याला म्हणाला, चल लवकर हो बाजूला, नाहीतर एखादी लाथच खाशील.",mr,unknown,male
010581.wav,नम्रता आनंदाने घरभर नाचली.,mr,unknown,female
003811.wav,परंतु कुटुंबासमावेत राहण्यासाठी हे शक्य होत नाही.,mr,unknown,female
004347.wav,थोडी शोधाशोध केल्यावर नीस कान्न आणि मोनाको बघायचं ठरलं.,mr,unknown,female
000546.wav,थोड्याच वेळात शमीक ऋषींचा एक शिष्य परिक्षिती राजाकडे आला.,mr,unknown,female
003242.wav,"देशाची, राष्ट्राची, जगाची पर्यायाने मानवाच्या प्रगतीतील एक मुख्य घटकमाध्यम म्हणजे जमीन.",mr,unknown,female
008931.wav,"तेव्हा डोंगराला मनापासून, अगदी मनातल्या मातीपासून खूप आनंद झाला!",mr,unknown,male
008503.wav,गोसाव्याने त्याप्रमाणे वागण्याचे वचन देताच प्रधान तिथून निघून गेला.,mr,unknown,male
009324.wav,"शर्माजी आश्चर्यचकीत होऊन म्हणाले, काय , ललिता देवी , तुम्ही माझ्यासाठी एवढं केलंत.",mr,unknown,male
010848.wav,"टीनाने त्याला 'इडियट' म्हटले, हे शब्द टिचरनी ऐकल्यावर टीनाला शिक्षा म्हणून संपूर्ण शाळा झाडायला सांगितली.",mr,unknown,female
007565.wav,ती ऐकून तिलाही अश्रू आवरेनात.,mr,unknown,male
000921.wav,"नास्तिक, धर्माचरण न करणाऱ्या मानवी पशूची क्रूरताच निसर्गाला सूड घ्यायला भाग पडते.",mr,unknown,female
009986.wav,कक्षीवानाने त्याला दुरून धावत येताना पाहिले तेव्हा त्याच्या येण्याचे कारण त्याने ताडले.,mr,unknown,male
006641.wav,एका डोमकावळ्यानं माझ्या डोळ्यांदेखत एक वाघूळ झडपलं.,mr,unknown,male
007695.wav,कौशिकी नदीच्या तीरावर अत्यंत रमणीय अशा निसर्गसुंदर ठिकाणी शमीक ऋषींचा आश्रम होता.,mr,unknown,male
008231.wav,"मनूची मान खाली झाली होती, ईश्वराने त्याचे आईबाप नेले होते, त्याची बहीण नेली होती.",mr,unknown,male
007127.wav,फौजदार चावडी पोलिस ठाण्याचे निरीक्षक गजानन हुद्देदार तपास करीत आहेत.,mr,unknown,male
004279.wav,इथे वर्षाचा होइतो पोल्ट्रीफिश देऊ नका असे सांगितले होते.,mr,unknown,female
002984.wav,या विश्वासानेच मी इथवर आलो आहे.,mr,unknown,female
000131.wav,"टिळकांनी विचारले, स्वातंत्र्यानंतर बदललय का काही ?",mr,unknown,female
007981.wav,झाडांचे अजून फार फार चांगले उपयोग आहेत.,mr,unknown,male
002668.wav,अरूणा नांवाच्या मुलीला एका महर्षीकडून एक वर मिळाला होता.,mr,unknown,female
007139.wav,दरम्यानच्या काळात येथील रहिवासी व दुकानदारांनी धावपळ करून ही आग विझवली.,mr,unknown,male
003224.wav,नैसर्गिक वाऱ्याची झुळूक आल्यास अंगावरील घामाचे बाष्पीभवन होते व सुखद गारवा वाटतो.,mr,unknown,female
009375.wav,"तिने वर पाहिले तर तिला चंद्रहार मिळाला, तिने बिळात हात घातला तर तिला अंगठी मिळाली.",mr,unknown,male
007694.wav,भक्तीची कथा पावन झाली आणि पृथ्वीवर सर्वत्र भागवतसप्ताह होऊ लागले.,mr,unknown,male
005393.wav,राजा म्हणून माझा गौरव करण्याऐवजी हे लोक हत्तीचीच स्तुती करीत आहेत म्हणायचे!,mr,unknown,male
000615.wav,एके दिवशी त्याच्यासमोर त्याच्या खिल्लारातील एक बैल आला.,mr,unknown,female
010832.wav,मागितलेली गोष्ट मिळाली नाही की ती रडून घर डोक्यावर घेत असे.,mr,unknown,female
001467.wav,"एके दिवशी घरी आल्यावर आई झोपलेली होती, तो घाईने आई जवळ गेला.",mr,unknown,female
004498.wav,त्यातल्या त्यात समाधानाची गोष्ट म्हणजे मध्ये धबधब्यावर एक हॉल्ट होता.,mr,unknown,female
003043.wav,बोधिसत्वांनी संवयीप्रमाणे खायला घेतलेल्या फराळाच्या सामानापैकी थोडे उरविले.,mr,unknown,female
009127.wav,मग मात्र एक दिवस 'माझा' आला.,mr,unknown,male
002420.wav,जमदग्नी पडला होता तो मरूनपडल्या सारखाच राहून गेला.,mr,unknown,female
005086.wav,का तू इतके कष्ट घेत आहेस,mr,unknown,male
003295.wav,"जमीन कितीहि लहान असो वा मोठी असो, उतपन्नाचा षष्ठांश हा राजाचा कर असे.",mr,unknown,female
006738.wav,"बाबा, दुसरी आनंदाची बातमी म्हणजे मला लायसन्स अगदी होस्टेलपोच मिळाले.",mr,unknown,male
001501.wav,"त्याला अजिबात कळेना म्हणून त्याने आरश्यासमोर आ करुन मोठे तोंड उघडले, तर चक्क त्याचे मागचे चार दात म्हणजेच दाढा रडत होत्या.",mr,unknown,female
009019.wav,माकडिणीला जाणवत होते की तिची टर उडवित आहेत.,mr,unknown,male
001522.wav,"तिने एक दिवस तिच्या बाबांना विचारले, बाबा, आपल्या सारखेच सगळ्यांनी रोजच मासे पकडले तर समुद्रातले मासे एक दिवस संपून जातील.",mr,unknown,female
009985.wav,तेव्हा मोठ्या आनंदाने तो तडक कक्षीवानाकडे धावत गेला.,mr,unknown,male
004233.wav,आयुष्यभर तुझ्या हरामखोर उपद्व्यापांमध्ये तुझी साथ दिली के मी कुणाशीही बोलेन.,mr,unknown,female
007687.wav,"त्यायोगाने भक्ती, ज्ञान आणि वैराग्य यांना पुन: संजीवन मिळाले.",mr,unknown,male
008821.wav,"मी आहे ना तुला शिकवायला, राघव आश्वासक आवाजात म्हणाला.",mr,unknown,male
004431.wav,चेंग फी व्हॉल्टमधे सुवर्णपदक मिळवेल असे तज्ञांचे भाकीत आहे.,mr,unknown,female
000391.wav,तो रामाची स्व-रचित भजने म्हणायचा.,mr,unknown,female
010786.wav,आईने स्पर्धेच्या दिवसासाठी खास म्हणून डब्यात दिलेला पाईनऍपल केक सगळ्या मुलांना वाटला.,mr,unknown,female
007125.wav,"हिमाचलचा स्तुत्य प्रकल्प, परदेशी भाषांत पर्यटन विभागाचे संकेतस्थळ",mr,unknown,male
005914.wav,"देवाने तिला बुध्दीमत्ता दिली आहे, त्याच बरोबर सहनशिलता, प्रेमळ अंतकरणही दिले आहे.",mr,unknown,male
008593.wav,त्यामुळे आंब्यांचा चट्टा मट्टा झाला की नम्रता आंब्यांच्या जातीप्रमाणे त्यांची वर्गवारी करुन ठेवायची.,mr,unknown,male
004807.wav,नारदाने आपल्या अश्रूंनी विष्णूचे चरण धुतले आणि शाप देऊन पोरखेळ केल्याबद्दल तो दुःख करू लागला.,mr,unknown,male
009810.wav,"अशा वेळी आश्रमात कोण आले, कोण गेले याचा त्यांना काय पत्ता असणार.",mr,unknown,male
008239.wav,"विनू, तुझ्या डोळ्यांनाही मी खुनीच दिसतो का, तुझं मत सांग, तुझ्या मताची मला किंमत आहे.",mr,unknown,male
008045.wav,अनेक घरांत श्रीसूक्तपठणही केले जाते.,mr,unknown,male
010704.wav,"मग सगळ्यांनी बाजारात जाऊन विकायचे काय आणि खायचे काय, मिताच्या ह्या प्रश्नावर आई-बाबा दोघांनाही हसू आले.",mr,unknown,female
003994.wav,पाच शे तेरा अपयश म्हणजे संकट नव्हे आपल्याला योग्य मार्गावर आणणारे ते मार्गस्थ दगड आहेत.,mr,unknown,female
010456.wav,"सूर्यचंद्रांच्या किरणांप्रमाणे मनुष्याचे व्यवहार, स्वच्छ, सतेज व तमोहीन असे असतील, तर मुलांची मने रसपूर्ण, सुगंधी, रमणीय व पवित्र अशी फुलतील.",mr,unknown,female
006610.wav,शहर पोलिसांच्या भूमिकेत अचानक झालेल्या या बदलामुळे संभ्रम निर्माण झाला आहे.,mr,unknown,male
005320.wav,"'मी शिवा आहे. एक मानव', ह्या साहसपुर्ण केलेल्या घोषणेनंतर, जवाबात, पुर्ण शांतता होती.",mr,unknown,male
010767.wav,नवीन गावातल्या शाळेचे मित्र मात्र त्याला इतके स्मार्ट वाटत नसत.,mr,unknown,female
007120.wav,अमेरिकेच्या सैन्यातील माजी पॅराट्रुपर मॅथ्यू बर्डन,mr,unknown,male
002422.wav,त्याचवेळी आठही दिशांनी अष्टसिद्धी सुंदर तरुणींचे रूप धारण करून तिथे आल्या.,mr,unknown,female
005605.wav,तरीही मी थंडच होतो कारण मी भुदेव होतो,mr,unknown,male
001751.wav,डोक्यावर भयंकर ऊन 'मी' म्हणत होते.,mr,unknown,female
009876.wav,दिवसभर काबाडकष्ट करून जबाला आपले व आपल्या आवडत्या मुलाचे पोट भरत असे.,mr,unknown,male
010637.wav,"ते उत्साहाने म्हणाले, मुलांनो, मलाही तुमचा प्लॅन सांगा, मी सुध्दा तुम्हाला काहीतरी मदत करु शकेन.",mr,unknown,female
000339.wav,संधी मिळताच तिने त्याला धडा शिकवला.,mr,unknown,female
008408.wav,"मोठेपणा याचा अर्थ जगाला माहीत असणे, असा मी करीत नाही.",mr,unknown,male
001342.wav,"वाढदिवसाला तिचे सगळे मित्र मंडळी, आत्या आणि काकाही आला होता.",mr,unknown,female
010449.wav,"बालकाचे रिकामे मन जे जे आजूबाजूला असेल, त्याची निवडानिवड न करता अधाशासारखे भराभर त्याचा संग्रह करीत असते.",mr,unknown,female
007983.wav,आमच्या बागेत जांभळाचे झाड मुद्दाम आणून लावले आहे.,mr,unknown,male
003641.wav,दुसऱ्या एका उत्तर-व्हिक्टोरिअन शिल्पकाराने ब्रॉंझमध्येच घडवलेली कलाकृती अजूनही पहायला मिळते.,mr,unknown,female
000330.wav,ते ऐकून सर्वांनी आपापल्या तलवारी बाहेर काढल्या.,mr,unknown,female
009677.wav,राजा आणि प्रधान यांना वाकून खोलीत यावे लागले.,mr,unknown,male
003005.wav,त्याने त्या पैशाचा गूळ विकत घेतला आणि बरोबर एक मडके भरुन पाणी घेऊन रानांतल्या वाटेवर जाऊन बसला.,mr,unknown,female
006961.wav,"सातारा, तारीख तीन जागतिकीकरणाच्या घौडदौडीतही जातिव्यवस्था टिकून आहे.",mr,unknown,male
004091.wav,"मामी, लाख मोलाची पोष्ट पर्यावरणासंबधी विषयांतराबद्दल क्षमस्व",mr,unknown,female
002323.wav,वनवास व राज्य यांची अदलाबदल केल्याने वडिलांच्या आज्ञेचे पालन कसे होईल?,mr,unknown,female
006668.wav,जम्मूजवळ चकमकीत तीन अतिरेकी ठार,mr,unknown,male
007010.wav,रॉकेलचे स्टोव्ह हे शहरात आणि गावात सर्रास वापरतात.,mr,unknown,male
004198.wav,"म्हणायचे ए, अरे मला नका नमस्कार करत जाऊ मला नाही आवडत.",mr,unknown,female
003550.wav,ज्या कुटुंबांकडे जनावरे असतात त्यांनी शेण वेगळे मिसळण्याची गरज नाही.,mr,unknown,female
009651.wav,"आता मी सांगतो ते ऐक, तुझे रामायण लिहून पूर्ण झाले आहे.",mr,unknown,male
008364.wav,"तू त्या ताऱ्यांची प्रार्थना कर व म्हण, आजपासून हरणांना, मोरांना मी दुखविणार नाही.",mr,unknown,male
004204.wav,टळटळीत माध्यान्ह ती अशोक नाही यांच्या प्रेमात करतात बर्याचदा म्हणून विचारलं.,mr,unknown,female
010194.wav,स्थूलदेहाचा अशक्तपणा वाढून मनाचे कार्यही व्यवस्थित होत नाही.,mr,unknown,female
009792.wav,तिच्या काळजात भयंकर कालवाकालव चालू होती.,mr,unknown,male
006186.wav,गृहमंत्री असताना शिवसेनाप्रमुखांना अटक करण्यासाठी आपणच जंगजंग पछाडलेत.,mr,unknown,male
001640.wav,"डोंगर चढायचा उत्साह फारच थोडया मुलांमध्ये शिल्लक होता अपवाद फक्त विनितचा, तो सर्वात आधी डोंगरावर जाऊन पोहोचला.",mr,unknown,female
009131.wav,"सातत्य, साधना आणि चिंतन यांची ती बीजे होती.",mr,unknown,male
000061.wav,"हा विचार आल्यावर ते स्वतःचे अंग झाडते, त्यामुळे त्याच्या पाठीवरील देव खाली पडतो.",mr,unknown,female
001241.wav,"परंतु आपण चांगलेच आठवले व ते सांगितले, तर आपण निर्दोष आहोत, असा अहंकारही जडावयाचा.",mr,unknown,female
005761.wav,म्हणूनच स्त्री भ्रूणहत्या मोठ्या प्रमाणावर होत आहे.,mr,unknown,male
005137.wav,थोडे थांबून तो पुढे म्हणाला.,mr,unknown,male
002344.wav,आपल्या वडिलांना त्या करुण स्थितीत पाहून श्रीरामचंद्राचे मन फार दुःखी झाले.,mr,unknown,female
002121.wav,जातांना त्यांनी दोघांनाही पाच पाच चणे दिले व ते जपून ठेवण्यास सांगितले व गुरुजी यात्रेला निघून गेले.,mr,unknown,female
001525.wav,"तिने स्वप्नात पाहिले की समुद्रातले सगळे मासेच संपून गेले आहेत, त्यामुळे त्यांना पैसे मिळणेच कठीण झाले आहे.",mr,unknown,female
007618.wav,"मी चोर झालो असतो, तर बरे झाले असते !",mr,unknown,male
000154.wav,"त्याला म्हणालो जरी स्वर्गाची फाळणी होणार असेल, तरी पंचावन्न कोटी द्यायला गांधी स्वर्गात नसेल.",mr,unknown,female
000482.wav,"त्यायोगाने भक्ती, ज्ञान आणि वैराग्य यांना पुन: संजीवन मिळाले.",mr,unknown,female
006123.wav,चे शब्द म्हणजे निर्मल निळाईचा गोड झरा.,mr,unknown,male
007675.wav,"त्यांच्या कृपाप्रयत्नानं तुम्हा भक्ती, ज्ञान, वैराग्य यांना पुन्हा सुखाचे दिवस येतील.",mr,unknown,male
007102.wav,सीएमओवर कॉज्युलटी मेडिकल ऑफिसर ही जबाबदारी नव्याने सोपविण्यात आली आहे.,mr,unknown,male
001763.wav,पुराच्या जोरदार प्रवाहाबरोबर तो वेगाने वाहून चालला होता.,mr,unknown,female
008943.wav,नंतरही उष्णता आणखी असह्य झाल्यावर तो प्रवासी जवळच्या नदीत अंघोळ करावयास उतरला.,mr,unknown,male
007716.wav,"राजाला वाटले की, ऋषीने हे मुद्दाम ढोंग केलेले आहे!",mr,unknown,male
009945.wav,दुसर्या दिवशी संध्याकाळी सत्यकामाने गायी बांधल्या.,mr,unknown,male
007480.wav,"माझ्या रामायणाला तुझे हे उत्तरकांड जोडीन, म्हणजे रामायण पूर्ण होईल.",mr,unknown,male
006213.wav,आपण सारे खुश आहोत.,mr,unknown,male
004854.wav,त्याशिवाय का विष्णूच्या जगन्मोहिनीच्या रूपावर ते भाळले असते,mr,unknown,male
002712.wav,"त्याने आपल्या राज्याची जबाबदारी कर्तव्यदक्ष मंत्र्यावर लादायला पाहिली, पण तो त्यांत यशस्वी झाला नाही.",mr,unknown,female
006767.wav,नृत्यांगना आशा जोगळेकर यांनीही मंजिरी देव यांचे तोंड भरून कौतुक केले.,mr,unknown,male
004151.wav,"गोन्झालेस ने एकदा हरवले आहे फेडीला, बघुया कोण येते पुढच्या फेरीत",mr,unknown,female
001334.wav,"आपल्या कारपेक्षाही खूप छान, मलाही तशीच स्कूटर हवी आहे, घेऊन दे ना, नीताने हटट केला.",mr,unknown,female
010301.wav,"धर्म, तत्त्वज्ञान, कला यांचा विकास येथेच प्रथम झाला व संस्कृतिसूर्याचे किरण हळूहळू अखिल भारतवर्षावर पसरु लागले.",mr,unknown,female
008379.wav,"झाडामांडाकडे, फुलपाखरांकडे सुद्धा प्रेमाने पाहावयास शिकणे म्हणजे परमेश्वराच्या जवळ जाणे होय.",mr,unknown,male
009329.wav,जातांना त्यांनी दोघांनाही पाच पाच चणे दिले व ते जपून ठेवण्यास सांगितले व गुरुजी यात्रेला निघून गेले.,mr,unknown,male
010280.wav,"सभा संपली, मनूला ‘खूनी मनू’ म्हणून संबोधन्यात येऊ लागले.",mr,unknown,female
010626.wav,"काय गं आदिती, काय गडबड चालली आहे, दोन चार दिवसांपासून तुम्ही दोघेही काहीतरी कामात आहात.",mr,unknown,female
009989.wav,"साकमश्व कक्षीवानाजवळ आला व म्हणाला, जो मनुष्य नुसती `ऋचा’ म्हणतो आणि `साम’ म्हणत नाही तो कवी अग्नीसारखा चेततो पण त्याचा प्रकाश पडत नाही.",mr,unknown,male
003851.wav,निसर्ग व मानव यांच्या तडाख्यातून तीं सुटु शकली नाहीत.,mr,unknown,female
008341.wav,"ऋषींची पूजा झाली की शबरीला जवळ घेऊन ते तिला सुंदर स्तोत्रे शिकवीत, सूर्याच्या उपासनेचे मंत्र अर्थासह तिला म्हणावयास सांगत.",mr,unknown,male
004125.wav,"देशी विदेशी, सामिष, निरामीष सर्व पदार्थांना हमखास रुचकर बनवण्याचा उपाय.",mr,unknown,female
009820.wav,"तोच समोर स्वत: शमीक ऋषी बसलेले त्याला दिसले, त्याला आनंद झाला.",mr,unknown,male
004789.wav,सर्व उत्सवांमध्ये गणपतीनवरात्रीचा उत्सव श्रेष्ठ उत्सव मानला जाईल!,mr,unknown,male
002867.wav,मी माझे तोंड धूतले व स्वतःला थोडे फार सावरले.,mr,unknown,female
001387.wav,सकाळी उठल्यावर आंब्याच्या दोन किंवा तीन कोयी मिळून एका मातीच्या पिशवीत लावायच्या.,mr,unknown,female
005942.wav,तिला मराठी बऱ्यापैकी येत नव्हती त्यामुळे तिचा कोंडमारा झाला होता.,mr,unknown,male
003068.wav,नुसता अहंकारी व मानी हत्ती असावा अशी मला शंका वाटते आहे.,mr,unknown,female
009921.wav,त्याला शिकविण्याच्या अगोदर परीक्षा पाहण्यासाठी गाौतमांनी चारशे गायी त्याच्या स्वाधीन केल्या.,mr,unknown,male
003630.wav,"मात्र मध्यकर्ण बिघडल्यास ध्वनिकाटयाने कानासमोर काही ऐकू येत नाही, पण हाडांवरून ऐकू येते.",mr,unknown,female
010356.wav,"ऋषिपत्नी म्हणाली, राजा, निश्चिंत ऐस, ही माझीच मुलगी मी समजेन, मी तिला मजजवळ घेऊन निजेन, तिची वेणीफणी करीन.",mr,unknown,female
009805.wav,अनेक ऋषिकुमार त्यांच्याकडे वेदाध्ययनासाठी राहात होते.,mr,unknown,male
003029.wav,बारशाच्या दिवशी निरनिराळ्या देशातून थोर विद्वान व अनेक ज्योतिषी आले.,mr,unknown,female
002970.wav,थोरल्या राणीची दोन मुलं असताना धाकट्या मुलाला युवराजपद कसं देता येईल?,mr,unknown,female
008647.wav,"ते पाहिल्यावर आई म्हणाली, मिनू मला तुझे कौतूक वाटते, पिंजर्‍यात डांबून न ठेवता तू मिठूला मोकळे ठेवलेस त्यामुळेच ती तुझ्याकडे परत आली.",mr,unknown,male
006137.wav,नाविन्याची त्यांना ओढ होती ते खऱ्या अर्थाने अखंड विद्यार्थी होते.,mr,unknown,male
008802.wav,"माझ्याशी कोणी मैत्री का करत नाही, मला कुणीच खेळायलाही बोलवत नाही, ह्या गावात येऊन मी अगदी एकटा पडलो आहे, असे म्हणतांना भुवनला अगदी रडू येत होते.",mr,unknown,male
004264.wav,"त्यावेळी आजारपण झाले बरेच मोठे, थायरॉईड चा विकार जन्मभरासाठी मागे लागला.",mr,unknown,female
000646.wav,"पण भगवन्, आपल्या तोंडून ते ज्ञान पुन्हा ऐकावे अशी माझी इच्छा आहे.",mr,unknown,female
010570.wav,"पाणी घालतांना नम्रता विचार करायची, आज ह्या कोयी मातीच्या कुशीत छान झोपल्या आहेत.",mr,unknown,female
002075.wav,स्वत:च स्वत:ला शिक्षा करून घेणारी प्रजा उत्कृष्ट राज्य शासनाचे प्रतीक आहे.,mr,unknown,female
000342.wav,तुमच्यासारख्या देशद्रोह्याला मारून मी देशकर्तव्य केले आहे.,mr,unknown,female
008042.wav,या दिवशी प्रदोषकाळी लक्ष्मीचे पूजन केले जाते.,mr,unknown,male
001623.wav,भुवन परीचे म्हणणे ऐकून स्वप्नातच मान डोलवत होता.,mr,unknown,female
007142.wav,तालुक्‍याच्या विविध भागातून आजही नागरिकांची घटनास्थळाकडे रीघ लागली होती.,mr,unknown,male
005797.wav,"अपंग स्वतःच्या वेदनेने, दुःखाने खचलेले असतात.",mr,unknown,male
007185.wav,निर्वाचन अधिकारी जॉन्सन फर्नांडिस यांनी सोडतीद्वारे निकाल काढला.,mr,unknown,male
008233.wav,"मनूने विनूकडे पाहिले, परंतु विनू त्याच्याकडे पाहीना.",mr,unknown,male
005476.wav,खेळाचा ध्येय शक्य तीतक्या कमीतल्या कमी वेळात सर्व प्रतिस्पर्धींना टॅग करण्याचा आहे.,mr,unknown,male
010132.wav,ती त्यास वेगवेगळी गाणी व गोष्टी सांगुन जागे ठेवते.,mr,unknown,male
000075.wav,"कधी आई- वडिलांच्या रूपाने, तर कधी भाऊ-बहिणींच्या नात्याने, कधी मित्राच्या मैत्रिणीच्या नात्याने, तर कधी प्रेयसीच्या नात्याने.",mr,unknown,female
010823.wav,"तुमच्यात न दमता जर कोणी डोंगर चढला असेल तर तो आहे विनित, असं का माहिती आहे का, मुलांनी नाहीच्या माना डोलावल्या.",mr,unknown,female
008634.wav,"आईने मिनूला समजावून सांगितले, मिनू राणी, मिठूला आता चांगले उडता येऊ लागले आहे.",mr,unknown,male
010108.wav,मग ह्या पावसाळ्यात झाडे लावूयात.,mr,unknown,male
002052.wav,महाभारताच्या शांतीपर्वातील ही गोष्ट.,mr,unknown,female
002542.wav,त्या तान्ह्या मुलाला पाहून रावण त्याच्याकडे आकृष्ट होऊ लागला.,mr,unknown,female
001302.wav,"राजा प्रधानाला म्हणाला, प्रधानजी, आज संध्याकाळी आपण दोघे फ़िरायला जाऊ तेव्हा बैरागीबुवांनाही आपल्याबरोबर घेऊन जाऊ.",mr,unknown,female
005878.wav,या विवंचनेत सारे स्तब्धपणे आपापल्या जागेवर उभे होते.,mr,unknown,male
007369.wav,"बोलताना वाईट वाटते पण आता वेळ आली आहे विचार करण्याची, खरच चुकी केली का माणूस हा प्राणी बनवण्याची.",mr,unknown,male
001305.wav,"ते तिघे त्या राजधानीच्या शहराबाहेर जातात न जातात, तोच राजाने एका झाडाच्या फ़ांदीवर बसलेले पक्षी आपापसात चिवचिवत असलेले पाहिले.",mr,unknown,female
008429.wav,"सूर्यचंद्रांच्या किरणांप्रमाणे मनुष्याचे व्यवहार, स्वच्छ, सतेज व तमोहीन अशी असतील, तर मुलांची मने रसपूर्ण, सुगंधी, रमणीय व पवित्र अशी फुलतील.",mr,unknown,male
009958.wav,"सत्यकाम विनयाने म्हणाला, `मनुष्याखेरीज इतर प्राण्यांनीच मला शिकविले.",mr,unknown,male
002600.wav,ह्या झाडाची क्विना-क्विना नावाची साले विषारी मानली जातात.,mr,unknown,female
002574.wav,"जेव्हां इंद्राने हे सर्व कांही पाहिलं, तेव्हां त्याला वाटलं कीं त्याचं इंद्रपद जिंकण्यासाठी ही तयारी सुरुं आहे.",mr,unknown,female
003187.wav,खेड्यांमध्ये स्वयंपाकासाठी लाकूड सर्रास वापरले जाते.,mr,unknown,female
002769.wav,” त्याच्या या बोलण्यावर स्वर्णाचारी फारच खूष झाला.,mr,unknown,female
004832.wav,त्यांचे हे अज्ञान त्यांनाच लाजिरवाणे ठरेल,mr,unknown,male
004224.wav,क्षणभरासाठी त्याने नजर त्या तिसर्या मजल्यावरच्या बंद खोलीच्या दाराकडे फिरवली देखील.,mr,unknown,female
010566.wav,"बाबांनी तिला हापूस, पायरी, लंगडा, तोतापुरी, लालबाग, अशा आंब्यांच्या अनेक जाती ओळखायला शिकवल्या होत्या.",mr,unknown,female
002107.wav,"माझी फारच महत्त्वाची मिटिंग होती, कागदपत्र वेळेवर पोचायला हवी होती.",mr,unknown,female
002680.wav,"त्याच्या राजवटींत प्रजा फारच सुखी होती, शांततापूर्ण आयुष्य घालवीत होती.",mr,unknown,female
001388.wav,नंतर सगळ्या पिशव्यांना पाणी घालायचे हे नम्रताचे रोजचे काम होते.,mr,unknown,female
009786.wav,त्या वेळी त्यागराजांच्या डोक्यात प्रकाश पडला.,mr,unknown,male
010576.wav,नम्रताची स्वप्न साखळी अशी वाढत जात असे.,mr,unknown,female
007084.wav,राजेंद्र पाटील व सोमा भील यांचा ठार झालेल्यांमध्ये समावेश आहे.,mr,unknown,male
001280.wav,"सध्याच्या जगाला लांडीलबाडी व प्रत्येक क्षेत्रातील जीव घेणी स्पर्धा, या दोन गोष्टींनी ग्रासलं आहे",mr,unknown,female
000805.wav,निरांजनाने ओवाळून केळीच्या पानावर पुरणपोळी वगैरे पदार्थ वाढून गाईला खाऊ घालतात.,mr,unknown,female
001556.wav,"मंजू तुझी स्थिती तर ह्यापेक्षा कितीतरी चांगली आहे, तुझ्या ह्या वाटचालीत तुला अनेक अडचणी येणारच आहेत त्यावर मात करायला शिक.",mr,unknown,female
010387.wav,"ऋषी म्हणाले, होय, दिवसा लोकांकडे लक्ष ठेवण्याचे काम सूर्य करतो, रात्री ते काम चंद्र व तारे करतात.",mr,unknown,female
004567.wav,दिवसभर शरीरातला जीवनरस शोषून घेतल्यावर रडण्याचंही त्राण उरलेलं नसतं त्याच्यात.,mr,unknown,female
010586.wav,निसर्गाने जणू आपला सर्व खजिना या प्रांतावर अगदी मुक्तहस्ते उधळलाय.,mr,unknown,female
004842.wav,गंगेने नाही म्हटल्यानंतर गंगा आणि पार्वतीचे खूप जोरदार भांडण झाले.,mr,unknown,male
003595.wav,"पण आजार, दुबळेपणा दुरुस्त करण्यासाठी चित्रासारखी हुबेहुब स्थिती जमावी लागतेच असे नाही.",mr,unknown,female
006036.wav,स्वातंत्र्यपूर्वकाला पासून या देशातील शिक्षणपद्धती बदलली पाहिजे असा आक्रोश सर्वत्र चालू आहे.,mr,unknown,male
006853.wav,"क्रोध, मद, मत्सर हा माणसाबरोबरच पशूतही दडला आहे.",mr,unknown,male
008706.wav,थोडयावेळाने आवाज अधिक मोठा झाला.,mr,unknown,male
004178.wav,अगं क्रॉप करताना खालचा मस्त वाघ कापावा लागला.,mr,unknown,female
001309.wav,"जो डाव्या बाजूला बसला आहे, त्याची मुलगी लग्नाची असून त्याने आपली मुलगी उजव्या बाजूला असलेल्या पक्ष्याच्या मुलाला देण्याची गोष्ट त्या पक्ष्याकडे काढली.",mr,unknown,female
009107.wav,"हे असं नेहमीच घडतं, प्रस्थापितांचं संरक्षण, त्यांची कोडकौतुके पुरविली जाणं हा तर रिवाज आहे.",mr,unknown,male
003453.wav,' दमा' या आजारात श्वासनलिका आकुंचनाने अरुंद होऊन श्वासोच्छ्वासाला अडथळा येतो.,mr,unknown,female
003696.wav,स्टीव्हन्स यांनी स्थापत्याच्य परिभाषेत उच्चारलेले सांस्कृतिक एकात्मतेचे प्रतीक होय.,mr,unknown,female
004243.wav,आवेश अगदी वाघाच्या बछडयासारखाच आहे त्या पिल्लाचा.,mr,unknown,female
002199.wav,म्हणून त्याने पाद््याला अंतिम क्षमापन विधीसाठी लास्ट कन्फेशन आणि एक्स्ट्रीमसाठी बोलाविले,mr,unknown,female
008967.wav,"ते ऐकल्यावर संतापून झाड म्हणाले, किती कृतघ्न रे तूं ! तापलेल्या उन्हातून इथे आलास तो माझा आसरा घेण्यासाठी.",mr,unknown,male
004426.wav,"रकृंनी अक्षरांचा, शब्दांचा वापर करून अप्रतिम चित्रशिल्पे घडवली.",mr,unknown,female
006151.wav,काही पुस्तकांचे इंग्रजी अनुवादही झाले आहेत.,mr,unknown,male
000944.wav,"एखाद्या कुटुंबात तणाव असतात, त्यावरही मात करण्यासाठी असे एकत्र जेवणे खरेच लाभदायक ठरते, असेही निरीक्षण नोंदवले गेले.",mr,unknown,female
000823.wav,म्हणुनच या दिवसास यमदीपदान असेही म्हणतात.,mr,unknown,female
005006.wav,"मध्यरात्र झाली आहे, गडद अंधार आहे, कांहीही दिसत नाही आणि तुला भिती वाटत नाही का",mr,unknown,male
006613.wav,"मात्र, निर्णयात फेरबदल होणार नाही, असा ठाम निर्णय महापौरांनी दिला .",mr,unknown,male
008357.wav,डोळ्यांत तेल घालून मनुष्याची कृत्ये ते पाहत असतात व माणसांची वाईट कृत्ये पाहून ते तारे रडतात.,mr,unknown,male
005620.wav,माझ्या हातांची जागा माझ्या ओठांनी घेतली,mr,unknown,male
004548.wav,"नी कॅल्शियम सिरप, बिकोझिंक दिले, आणि फलुझियम गोळि दिली.",mr,unknown,female
002539.wav,"रावणा, ते मूल तुझा व तुझ्या लंकेचा नाश करण्यासाठी जन्मलेले आहे!",mr,unknown,female
009504.wav,"प्रत्येकाला एक मन नावाचे गोष्ट आहे, तिचा विचारही केला पाहिजे.",mr,unknown,male
005208.wav,"एखादे कमळ तलावात असावे, तसा तो भाग पाण्यात शांतपणे तरंगत होता.",mr,unknown,male
010417.wav,"शबरी म्हणाली, तात, मला हे पाय सोडून दूर जाववत नाही, मी इथेच तुमची सेवा करुन राहीन.",mr,unknown,female
009869.wav,तेथे व्यासपुत्र शुकमुनींची स्वारी आली.,mr,unknown,male
003055.wav,त्यावेळी ऐंशी कोटी वराह किंमतीच्या मालमत्तेचे ते स्वामी होते.,mr,unknown,female
003676.wav,सर्वसामान्यतः आठव्या शतकापर्यंत विकच्छ साडी आणि डोक्यावरून पदर प्रथा होती.,mr,unknown,female
007777.wav,"सत्यकाम आठ वर्षांचा होताच आईला म्हणाला, आई, आता मी जातो अरण्यात शिकायला.",mr,unknown,male
007219.wav,राजाचे हे बोल ऐकून सदाचार राजवाड्यातच थांबला.,mr,unknown,male
006723.wav,डॉक्‍टरांनी मेंदूचे स्कॅन करून घ्यायला सांगितले.,mr,unknown,male
003301.wav,त्यानें लिहिलेल्या ``ब्रह्मस्फुटसिध्दान्त'' या ग्रंथांत गणिताव्याय व कुटकाध्याय असें दोन भाग आहेत.,mr,unknown,female
003311.wav,वराहमिहिरानें कालमापनाकरितां अचूक असें घटिकापात्र तयार केलें होतें.,mr,unknown,female
007222.wav,"जीवनात सदाचार, नीतीमत्ता, धर्माचरण, आदी नसेल, तर दान, लक्ष्मी, श्रीमंती, आदींचा काहीच उपयोग नाही.",mr,unknown,male
008520.wav,"गोसावी म्हणाला, नाही महाराज, तिथे उलटाच मामला चाललाय.",mr,unknown,male
005955.wav,रशियात झालेल्या एका भाषापरिषदेच्या निमित्ताने सुप्रसिद्ध लेखिका श्रीमती मालतीबाई बेडेकर यांनी एक आठवण सांगितली होती.,mr,unknown,male
000833.wav,नरकचतुर्दशीच्या दिवशी या अलक्ष्मीचे पहाटे मर्दन करून आपल्यातील नरकरूपी पापवासनांचा नायनाट व अहंकाराचे उच्चाटन करायचे आहे.,mr,unknown,female
003463.wav,इतर कारणे गरोदरपणी अंतःस्रावी हार्मोन्स पदार्थाच्या प्रभावाने उलटी होते.,mr,unknown,female
007644.wav,"खरं ज्ञान हे जराजर्जर झालं, माझ्या पाठीमागं वासरासारखं आलं आणि वैराग्यानेही आमची संगत सोडली नाही.",mr,unknown,male
000055.wav,काही वेळाने देवाला हार घालायला जागा राहात नाही.,mr,unknown,female
003452.wav,गंभीर स्वरुपाच्या मानसिक आजारांबरोबर स्मृतिभ्रंश विस्मरण-विकार येऊ शकतो.,mr,unknown,female
006306.wav,मनू म्हणजे अजूनही त्यांचे केस काळेभोर आहेत,mr,unknown,male
001482.wav,धावतच तो आईच्या खोलीत गेला.,mr,unknown,female
004874.wav,ब्रह्मदेव जागा होईपर्यंत नाव ध्रुवताऱ्याच्या दिशेने तरंगत जात राहील.,mr,unknown,male
008039.wav,नरकचतुर्दशीच्या दिवशी या अलक्ष्मीचे पहाटे मर्दन करून आपल्यातील नरकरूपी पापवासनांचा नायनाट व अहंकाराचे उच्चाटन करायचे आहे.,mr,unknown,male
003336.wav,दोन वर्षे वयाचा असतानाच त्याचे आईवडील यांनी अल्बर्टसह अमेरिकेला प्रयाण केले.,mr,unknown,female
006017.wav,"कुणीही पुढ येउन या नागाला धराव, आणि आपल श्रेष्ठत्व सिद्ध कराव.",mr,unknown,male
004927.wav,त्या तान्ह्या मुलाला पाहून रावण त्याच्याकडे आकृष्ट होऊ लागला.,mr,unknown,male
009139.wav,"गुरूदक्षिणा द्यायची व मागायची वेळ आली, आणि मी तर सांगितलं की काहीही मागा.",mr,unknown,male
005798.wav,"समाजाने त्यांच्या मार्गात अडचणी उभ्या न करता त्यांना मदतीचा हात द्यावा, अशी तळमळ दीदींच्या हृदयात आहे.",mr,unknown,male
010756.wav,"नीना जर तू सीमाचा नाटकाचा फ्रॉक तिचे नाटक व्हायच्या आधीच घालू शकतेस तर सीमा तुझे बूट का घालू शकणार नाही, आईने विचारले.",mr,unknown,female
005084.wav,झाडावरून शव खाली ओढून त्याने ते खांद्यावर घातले व नेहमीप्रमाणे तो स्मशानाकडे झपाझप चालू लागला.,mr,unknown,male
006646.wav,"बेरोजगार युवकांना भत्ता देण्याची योजना अमलात अणिल, असे आश्‍वासन दिले.",mr,unknown,male
005491.wav,"लक्षात ठेवा, अंटीला धक्का देताना, तुमचा डावा अंगठा दृढपणे जमीनीला टेकलेला असला पाहिजे.",mr,unknown,male
000769.wav,अशा रीतीने स्वप्रयत्नाने त्याने सर्व काही प्राप्त करून घेतले.,mr,unknown,female
002066.wav,शंखा माझ्या गुन्ह्याबद्दल मला हवी ती शिक्षा कर.,mr,unknown,female
010402.wav,आपण त्या फुलाला त्याच्या आईच्या मांडीवरुन ओढून लवकर मारतो.,mr,unknown,female
007312.wav,त्याचे ते शब्द कानात एखाद्या बाणासारखे घुसत होते.,mr,unknown,male
008478.wav,"कशाला तोटा नव्हता, चांगले ल्यायला, चांगले खायला होते.",mr,unknown,male
010870.wav,"सगळे कौतूकाने म्हणत, अजबच डोंगर आहे.",mr,unknown,female
004525.wav,एका कॉर्पोरेट महाशयांनी शान्ताबाईंचा नेटवरून शोधून प्रिंट केलेला इंग्रजीतला बायोडेटा वाचला.,mr,unknown,female
002718.wav,सर्वांसाठी एकच समान कायदा आहे आणखी एक दरबारी म्हणाला.,mr,unknown,female
002080.wav,"एका पत्रकाराने विचारले, आपल्या जीवनातील सर्वोच्च आनंदाचा क्षण कोणता.",mr,unknown,female
008915.wav,"डोंगरावरचा झळा जरी खळाळला, दगडाजवळ बुडबुडला.",mr,unknown,male
000952.wav,शरीर आणि मन यांचा एकमेकांशी संबंध आहे.,mr,unknown,female
008059.wav,पाडवा हा साडेतीन मुहूर्तांपैकी एक मुहूर्त आहे.,mr,unknown,male
002483.wav,तो देहभान विसरुन जलक्रीडेत लीन झाला असतां त्याचा उजवा पाय एका भयंकर मगरीने धरला.,mr,unknown,female
009182.wav,दुसऱ्या दिवशी मुख्याध्यापकांनी वर्ग आठच्या विद्यार्थ्यांची बालसभा घेतली.,mr,unknown,male
001760.wav,"या क्षणी प्रत्यक्ष माझ्या सावलीत बसलेला आहेस, तरीसुध्दा तू मला निरूपयोगी म्हणून हिणवत आहेस.",mr,unknown,female
004423.wav,"व्यथा, परीटघडीचे अभ्रे आणि शुचिर्भूत नाते हे शेर आवडले.",mr,unknown,female
006705.wav,नुसते फिक्‍स पॉंईटवर थांबणे एवढेच काम करताना नजरेस पडतात.,mr,unknown,male
005183.wav,दुसरा काही मार्ग नसल्याने समरबाहू व चंदूने खड्गवर्माचे हात पकडले.,mr,unknown,male
008534.wav,आपल्याकडेही कार ऐवजी स्कूटर असती तर बरं झाले असते असे नीतूला वाटले.,mr,unknown,male
003702.wav,"पूर्वी ठकी होती, आता प्लॅस्टिकची, डोळ्याची उघडझाप करणारी एवढाच फरक.",mr,unknown,female
004244.wav,' हा प्रश्न अगदीच विसंगत आणि गौण असल्यामुळे उपस्थितच झाला नाही.,mr,unknown,female
000689.wav,नाभाला मात्र काहीच ठेविले नव्हते.,mr,unknown,female
003433.wav,"शेतातून निघणारा घनकचरा, पिकांचे अवशेष, सडलेली फळे, पाला, झाडांची खोडं इत्यादी वापराला जातो.",mr,unknown,female
004945.wav,दुसर्‍या दिवशी बलिप्रतिपदा म्हणून बलीची पूजा होते.,mr,unknown,male
000967.wav,"जेव्हा आपल्याला पाणी आणि अन्न यांची आवश्यकता असते, तेव्हा आपल्याला अनुक्रमे तहान आणि भूक लागते.",mr,unknown,female
